# Time (s), Angle of Attack (°), Speed - Velocity Magnitude (m/s), acceleration Magnitude (m/s²), X (m), Y (m), Z (m), Latitude (°), Longitude (°), Pressure (Pa), Ax (m/s²), Ay (m/s²), Az (m/s²), Aerodynamic Drag Force (N), thrust Power (W)
0.000000,92.204355,0.000000,0.000000,0.000000,0.000000,114.000000,39.390050,-8.289290,100000.000000,0.000000,0.000000,0.000000,1.027810,0.000000
0.040000,92.204355,-0.000000,-0.000172,-0.000000,0.000000,114.000000,39.390050,-8.289290,100000.000000,-0.000011,0.000010,-0.000171,1.027810,-0.000001
0.080000,87.081780,1.177702,55.558298,0.000791,-0.000737,114.012359,39.390050,-8.289290,100000.000000,3.541379,-3.302389,55.346882,1.028877,2075.397733
0.120000,77.767513,3.360495,53.581995,0.006593,-0.006148,114.103039,39.390050,-8.289290,100000.000000,3.415406,-3.184918,53.378099,1.071190,5734.648331
0.160000,69.363057,5.464117,51.597371,0.017860,-0.016655,114.279124,39.390050,-8.289290,100000.000000,3.288903,-3.066952,51.401028,1.160878,9019.810611
0.200000,62.059014,7.488333,49.671894,0.034389,-0.032068,114.537449,39.390050,-8.289290,100000.000000,3.166170,-2.952501,49.482878,1.291171,11957.655315
0.240000,55.687110,9.490392,50.440228,0.056027,-0.052246,114.875627,39.390050,-8.289289,100000.000000,3.215145,-2.998171,50.248287,1.460705,15330.449829
0.280000,50.073072,11.523395,51.210102,0.082810,-0.077221,115.294201,39.390049,-8.289289,100000.000000,3.264218,-3.043932,51.015232,1.672070,18827.986491
0.320000,45.180595,13.587225,51.981642,0.114815,-0.107067,115.794400,39.390049,-8.289289,100000.000000,3.313397,-3.089793,51.783836,1.924513,22451.795186
0.360000,40.938873,15.681952,52.754928,0.152122,-0.141856,116.377454,39.390049,-8.289288,100000.000000,3.362687,-3.135757,52.554180,2.216881,26203.703422
0.400000,37.265323,17.807647,53.530070,0.194809,-0.181662,117.044594,39.390048,-8.289288,100000.000000,3.412096,-3.181831,53.326372,2.547646,30085.549805
0.440000,34.078606,19.964387,54.307179,0.242955,-0.226559,117.797057,39.390048,-8.289287,100000.000000,3.461631,-3.228023,54.100523,2.914919,34099.186076
0.480000,31.304928,22.152252,55.086415,0.296640,-0.276622,118.636081,39.390048,-8.289287,100000.000000,3.511300,-3.274341,54.876794,3.316461,38246.478288
0.520000,28.880245,24.371335,55.867954,0.355944,-0.331923,119.562908,39.390047,-8.289286,100000.000000,3.561117,-3.320795,55.655360,3.749692,42529.316843
0.560000,26.750349,26.621722,56.651940,0.420945,-0.392537,120.578784,39.390046,-8.289285,100000.000000,3.611090,-3.367396,56.436363,4.211682,46949.611750
0.600000,24.869935,28.903512,57.438078,0.491723,-0.458539,121.684959,39.390046,-8.289284,100000.000000,3.661199,-3.414124,57.219508,4.699151,51509.209426
0.640000,23.206446,31.209336,57.849781,0.568354,-0.529999,122.882589,39.390045,-8.289283,100000.000000,3.687442,-3.438595,57.629645,5.206568,55885.715508
0.680000,21.731563,33.531533,58.259196,0.650884,-0.606960,124.172428,39.390045,-8.289282,100000.000000,3.713542,-3.462975,58.037498,5.820423,60331.125590
0.720000,20.416772,35.870060,58.666027,0.739356,-0.689461,125.555124,39.390044,-8.289281,100000.000000,3.733350,-3.404741,58.449584,6.521489,64845.850611
0.760000,19.129252,38.224731,59.106228,0.833878,-0.778428,127.031303,39.390043,-8.289280,100000.000000,3.915995,-5.625445,58.707457,7.262718,69429.949825
0.800000,17.821764,40.595919,59.515761,0.934660,-0.876243,128.601391,39.390042,-8.289279,100000.000000,3.972157,-5.539148,59.124154,8.048663,74084.518108
0.840000,16.507894,42.983822,59.924277,1.041804,-0.982899,130.266080,39.390041,-8.289278,100000.000000,4.078625,-5.290013,59.550815,8.882569,78810.344281
0.880000,15.178313,45.388447,60.331944,1.155481,-1.097995,132.026052,39.390040,-8.289277,100000.000000,4.238352,-4.869367,59.985574,9.765120,83607.869779
0.920000,13.826631,47.809679,60.739190,1.275948,-1.220858,133.882001,39.390039,-8.289275,100000.000000,4.453832,-4.269781,60.425008,10.696930,88477.309463
0.960000,12.449316,50.247242,61.146611,1.403547,-1.350528,135.834629,39.390038,-8.289274,100000.000000,4.726703,-3.486325,60.863880,11.678499,93418.581269
1.000000,11.045701,52.700667,61.555000,1.538718,-1.485751,137.884639,39.390037,-8.289272,100000.000000,5.058003,-2.515722,61.295235,12.710175,98431.223270
1.040000,9.617960,55.169264,61.965335,1.681989,-1.624974,140.032719,39.390035,-8.289270,100000.000000,5.447491,-1.358569,61.710468,13.792113,103514.352780
1.080000,8.171173,57.652111,62.378938,1.833984,-1.766345,142.279532,39.390034,-8.289269,100000.000000,5.893739,-0.019148,62.099882,14.924238,108666.620122
1.120000,6.713311,60.148056,62.797149,1.995416,-1.907725,144.625700,39.390033,-8.289267,100000.000000,6.393856,1.493664,62.452938,16.106207,113886.211047
1.160000,5.255315,62.655737,63.221567,2.167085,-2.046692,147.071786,39.390032,-8.289265,100000.000000,6.943198,3.165207,62.759382,17.337388,119170.868432
1.200000,3.811044,65.173632,63.653539,2.349869,-2.180578,149.618280,39.390030,-8.289263,100000.000000,7.535791,4.976325,63.009690,18.616854,124517.990161
1.240000,2.397697,67.699331,64.026359,2.544714,-2.306487,152.265574,39.390029,-8.289260,100000.000000,8.155776,6.893526,63.129528,19.955351,129802.359945
1.280000,1.039709,70.227952,64.362384,2.752610,-2.421356,155.013864,39.390028,-8.289258,100000.000000,8.794616,8.882509,63.136932,21.400133,135051.371790
1.320000,0.338151,72.757697,64.707280,2.974580,-2.522009,157.863165,39.390027,-8.289255,100000.000000,9.445829,10.908354,63.077858,22.897812,140331.411703
1.360000,1.500541,75.287456,65.060587,3.211664,-2.605209,160.813381,39.390027,-8.289253,100000.000000,10.096797,12.927336,62.958865,24.447020,145640.355547
1.400000,2.592624,77.816600,65.420876,3.464900,-2.667733,163.864326,39.390026,-8.289250,100000.000000,10.734112,14.892109,62.792475,26.046541,150976.982768
1.440000,3.553149,80.345129,65.785747,3.735307,-2.706444,167.015735,39.390026,-8.289247,100000.000000,11.343835,16.752607,62.597380,27.695302,156341.278124
1.480000,4.358547,82.873781,66.151726,4.023859,-2.718372,170.267299,39.390026,-8.289243,100000.000000,11.912011,18.458020,62.397567,29.392502,161734.675838
1.520000,4.989235,85.404108,66.514566,4.331462,-2.700794,173.618702,39.390026,-8.289240,100000.000000,12.425090,19.958546,62.221067,31.137729,167160.215338
1.560000,5.429367,87.938475,66.869421,4.658937,-2.651315,177.069666,39.390026,-8.289236,100000.000000,12.870317,21.207356,62.097685,32.931027,172622.565193
1.600000,5.667749,90.479964,67.211288,5.006993,-2.567945,180.619998,39.390027,-8.289232,100000.000000,13.236245,22.162942,62.056128,34.772923,178127.864833
1.640000,5.698875,93.032194,67.535522,5.376216,-2.449157,184.269633,39.390028,-8.289227,100000.000000,13.512867,22.790433,62.121214,36.664371,183683.381426
1.680000,5.523887,95.599058,67.838572,5.767046,-2.293952,188.018679,39.390029,-8.289223,100000.000000,13.692130,23.063954,62.310926,38.606638,189297.004116
1.720000,5.151335,98.184392,68.118231,6.179770,-2.101893,191.867441,39.390031,-8.289218,100000.000000,13.768258,22.968410,62.633701,40.601124,194976.604438
1.760000,4.597642,100.791617,68.374533,6.614508,-1.873135,195.816433,39.390033,-8.289213,100000.000000,13.738445,22.501776,63.087257,42.656263,200729.311677
1.800000,3.887210,103.423369,68.608421,7.071215,-1.608422,199.866381,39.390036,-8.289208,100000.000000,13.603228,21.676811,63.656763,44.804243,206560.762891
1.840000,3.052088,106.081280,68.825904,7.549673,-1.309070,204.018192,39.390038,-8.289202,100000.000000,13.368116,20.524419,64.319878,47.011863,212474.650158
1.880000,2.131209,108.765836,69.033669,8.049508,-0.976916,208.272924,39.390041,-8.289196,100000.000000,13.043555,19.093363,65.045804,49.279338,218472.394650
1.920000,1.169438,111.476357,69.238943,8.570203,-0.614241,212.631732,39.390044,-8.289190,100000.000049,12.645818,17.451659,65.799348,51.605980,224553.081266
1.960000,0.224210,114.211162,69.448181,9.111124,-0.223660,217.095819,39.390048,-8.289184,100000.058991,12.197215,15.685482,66.545049,53.990546,230710.428419
2.000000,0.700083,116.965071,69.449469,9.671555,0.192010,221.666347,39.390052,-8.289177,99974.754445,11.692745,13.855004,67.041386,56.417021,236281.371354
2.040000,1.498879,119.725508,69.347437,10.250695,0.629862,226.344135,39.390056,-8.289171,99921.046315,11.182077,12.097686,67.362261,58.871620,241535.626023
2.080000,2.155724,122.489043,69.259148,10.847734,1.087099,231.129693,39.390060,-8.289164,99866.100194,10.717882,10.548396,67.606863,61.363753,246781.268719
2.120000,2.634111,125.253480,69.182415,11.461931,1.561255,236.023412,39.390064,-8.289157,99809.912528,10.333865,9.311509,67.769562,63.892010,252013.854646
2.160000,2.909565,128.017198,69.113294,12.092678,2.050363,241.025550,39.390068,-8.289149,99752.480027,10.059884,8.475225,67.849957,66.455753,257230.123303
2.200000,2.970618,130.779159,69.047506,12.739538,2.553093,246.136238,39.390073,-8.289142,99693.801209,9.918818,8.103012,67.849217,69.055068,262427.994742
2.240000,2.820244,133.538708,68.982356,13.402288,3.068854,251.355474,39.390078,-8.289134,99633.876088,9.923869,8.226371,67.767316,71.690029,267606.170596
2.280000,2.476384,136.295245,68.915616,14.080936,3.597843,256.683125,39.390082,-8.289126,99572.706177,10.076249,8.839237,67.599550,74.415223,272763.469509
2.320000,1.971330,139.047928,68.851840,14.775723,4.141034,262.118925,39.390087,-8.289118,99510.294559,10.365101,9.896346,67.343916,77.194619,277898.234320
2.360000,1.349875,141.795620,68.796597,15.487111,4.700107,267.662463,39.390092,-8.289110,99446.645932,10.767193,11.313466,67.000334,80.015808,283008.226827
2.400000,0.666617,144.536869,68.754759,16.215736,5.277314,273.313190,39.390097,-8.289101,99381.766596,11.248767,12.972571,66.576231,82.877641,288090.591157
2.440000,0.061132,147.270156,68.728512,16.962365,5.875291,279.070432,39.390103,-8.289093,99315.664312,11.768434,14.730387,66.091815,85.778291,293142.356925
2.480000,0.658580,149.994316,68.714592,17.727822,6.496829,284.933417,39.390108,-8.289084,99248.347927,12.280952,16.430794,65.581265,88.715620,298161.272113
2.520000,1.180576,152.708966,68.704440,18.512922,7.144628,290.901334,39.390114,-8.289075,99179.826748,12.741685,17.919940,65.090900,91.687666,303146.650934
2.560000,1.550544,155.414790,68.684982,19.318396,7.821051,296.973407,39.390120,-8.289065,99110.109704,13.110442,19.060812,64.671698,94.693068,308099.926761
2.600000,1.739678,158.113563,68.642279,20.144830,8.527912,303.148970,39.390127,-8.289056,99039.204427,13.355385,19.748214,64.369280,97.731277,313024.682039
2.640000,1.737802,160.807844,68.566274,20.992613,9.266300,309.427543,39.390133,-8.289046,98967.116423,13.455950,19.920264,64.214129,100.802443,317926.036736
2.680000,1.554463,163.500432,68.453952,21.861906,10.036491,315.808880,39.390140,-8.289036,98893.848533,13.405152,19.566939,64.213553,103.907024,322809.550934
2.720000,1.218213,166.193736,68.311027,22.752628,10.837924,322.292977,39.390147,-8.289025,98819.400794,13.211082,18.733854,64.349875,107.045277,327679.985405
2.760000,0.773767,168.888416,68.045673,23.664470,11.669280,328.880042,39.390155,-8.289015,98743.770820,12.880468,17.498888,64.483300,110.231519,332098.314173
2.800000,0.277664,171.577503,67.640749,24.596910,12.528601,335.570279,39.390163,-8.289004,98666.956270,12.446686,16.003893,64.530817,113.465307,335937.252876
2.840000,0.215394,174.258799,67.244621,25.549259,13.413521,342.363762,39.390171,-8.288993,98588.956278,11.981205,14.456464,64.570121,116.719670,339713.422518
2.880000,0.636146,176.930901,66.864277,26.520782,14.321590,349.260551,39.390179,-8.288981,98509.770178,11.539135,13.044966,64.556245,119.992203,343426.394747
2.920000,0.944032,179.592230,66.498589,27.510777,15.250572,356.260619,39.390187,-8.288970,98429.398279,11.173812,11.942805,64.456014,123.280971,347073.356410
2.960000,1.105097,182.241354,66.141586,28.518667,16.198722,363.363801,39.390196,-8.288958,98347.842452,10.928957,11.283846,64.249064,126.584729,350651.821727
3.000000,1.107032,184.877110,65.788177,29.544063,17.164995,370.569767,39.390204,-8.288946,98265.106512,10.831616,11.141787,63.926684,129.902898,354159.873115
3.040000,0.959359,187.498518,65.436357,30.586810,18.149165,377.878000,39.390213,-8.288934,98181.196383,10.887069,11.517134,63.488142,133.235211,357595.982334
3.080000,0.691924,190.104612,65.090882,31.646994,19.151822,385.287800,39.390222,-8.288922,98096.120106,11.077880,12.335510,62.943933,136.581219,360958.675957
3.120000,0.350602,192.694366,64.757411,32.724916,20.174256,392.798298,39.390231,-8.288909,98009.887644,11.366099,13.457039,62.315665,139.939932,364246.406582
3.160000,0.032988,195.266844,64.438722,33.821030,21.218237,400.408496,39.390241,-8.288896,97922.510482,11.699565,14.697156,61.639781,143.309806,367457.827478
3.200000,0.337830,197.821471,64.129581,34.935862,22.285723,408.117317,39.390250,-8.288883,97834.000963,12.020241,15.855142,60.965002,146.689011,370592.297327
3.240000,0.579781,200.358353,63.816190,36.069916,23.378541,415.923689,39.390260,-8.288870,97744.371401,12.273319,16.745794,60.344429,150.076247,373650.465796
3.280000,0.706496,202.878312,63.477693,37.223594,24.498098,423.826626,39.390270,-8.288857,97653.633126,12.415170,17.228731,59.820163,153.591535,376634.313437
3.320000,0.705569,205.382503,63.101846,38.397117,25.645156,431.825292,39.390281,-8.288843,97561.795729,12.421196,17.232913,59.418714,157.234678,379546.400179
3.360000,0.586347,207.872494,62.693086,39.590496,26.819724,439.919045,39.390291,-8.288829,97468.866579,12.290083,16.769342,59.145296,160.892533,382390.420507
3.400000,0.377677,210.348845,62.148501,40.803522,28.021072,448.107440,39.390302,-8.288815,97374.850786,12.023959,15.903939,58.863616,164.563264,384579.857780
3.440000,0.123235,212.801633,61.339823,42.035772,29.247829,456.389993,39.390313,-8.288801,97279.753907,11.640108,14.762707,58.387878,168.229346,385438.477017
3.480000,0.131800,215.227204,60.536199,43.286643,30.498202,464.765967,39.390324,-8.288786,97183.584415,11.234366,13.592139,57.910916,171.883197,386164.725214
3.520000,0.337511,217.624675,59.743998,44.555493,31.770345,473.234592,39.390336,-8.288771,97086.351139,10.863675,12.585753,57.384011,175.522203,386758.357736
3.560000,0.461574,219.993105,58.962108,45.841737,33.062669,481.795020,39.390347,-8.288756,96988.063819,10.577057,11.901050,56.771657,179.144342,387219.175501
3.600000,0.487028,222.331480,58.186900,47.144919,34.374090,490.446269,39.390359,-8.288741,96888.733733,10.405606,11.628356,56.055508,182.747946,387546.896001
3.640000,0.416967,224.638853,57.416919,48.464767,35.704172,499.187193,39.390371,-8.288726,96788.374038,10.356027,11.773194,55.234475,186.331618,387741.422689
3.680000,0.273027,226.914365,56.654726,49.801199,37.053137,508.016479,39.390383,-8.288710,96686.999791,10.409622,12.256318,54.324768,189.893926,387802.869733
3.720000,0.090577,229.157285,55.902917,51.154294,38.421738,516.932678,39.390396,-8.288695,96584.627658,10.526872,12.931820,53.358122,193.433180,387731.629763
3.760000,0.092600,231.367142,55.158952,52.524234,39.811031,525.934248,39.390408,-8.288679,96481.275329,10.656575,13.619408,52.378041,196.947454,387528.610663
3.800000,0.234124,233.543884,54.413175,53.911220,41.222094,535.019627,39.390421,-8.288663,96376.960735,10.747372,14.144189,51.431795,200.434808,387195.322543
3.840000,0.310576,235.691470,53.912360,55.315395,42.655754,544.187338,39.390434,-8.288646,96271.700838,10.801890,14.428789,50.810154,203.913756,388191.677083
3.880000,0.310686,237.821811,53.507622,56.736842,44.112453,553.436364,39.390447,-8.288630,96165.507320,10.775659,14.382585,50.399325,207.434357,389741.202346
3.920000,0.241239,239.936293,53.078085,58.175515,45.592120,562.766042,39.390460,-8.288613,96058.387787,10.649590,13.998755,50.078980,210.951757,391229.618217
3.960000,0.124022,242.035710,52.633177,59.631218,47.094151,572.175856,39.390474,-8.288596,95950.348176,10.446704,13.370706,49.823106,214.465323,392658.750850
4.000000,0.010550,244.120306,52.185777,61.103631,48.617562,581.665389,39.390487,-8.288579,95841.393250,10.206439,12.643380,49.591621,217.973996,394029.367228
4.040000,0.128692,246.189897,51.745075,62.592375,50.161211,591.234266,39.390501,-8.288561,95731.527328,9.975064,11.977811,49.341493,221.476605,395341.540804
4.080000,0.205389,248.244000,51.314020,64.097086,51.724052,600.882083,39.390515,-8.288544,95620.755060,9.794475,11.512252,49.037384,224.972048,396594.867126
4.120000,0.225982,250.281986,50.891958,65.617479,53.305350,610.608349,39.390529,-8.288526,95509.082064,9.692048,11.329339,48.659035,228.459400,397788.731521
4.160000,0.190882,252.303210,50.478189,67.153391,54.904815,620.412459,39.390544,-8.288508,95396.515293,9.674203,11.437549,48.204147,231.937868,398922.511435
4.200000,0.114114,254.307097,50.072943,68.704790,56.522610,630.293688,39.390558,-8.288490,95283.063081,9.725585,11.772016,47.687862,235.406657,399995.718121
4.240000,0.018898,256.293230,49.674713,70.271756,58.159255,640.251213,39.390573,-8.288472,95168.734875,9.813988,12.214172,47.138909,238.864865,401006.370009
4.280000,0.069665,258.261078,49.154265,71.854423,59.815438,650.284160,39.390588,-8.288454,95053.543640,9.878886,12.598871,46.473841,242.310822,401052.125451
4.320000,0.134183,260.133688,44.899950,73.452750,61.491586,660.390668,39.390603,-8.288435,94939.578675,9.257252,12.072356,42.244135,245.586149,379012.254760
4.360000,0.161209,261.826009,40.425730,75.065880,63.187021,670.564783,39.390618,-8.288416,94826.645626,8.518589,11.291825,37.870410,248.526677,355448.413558
4.400000,0.143155,263.302495,30.968800,76.692600,64.900447,680.799313,39.390634,-8.288397,94713.041858,6.882672,9.198171,28.759156,251.068442,300276.105766
4.440000,0.090042,264.155664,12.597398,78.330156,66.628351,691.078891,39.390649,-8.288378,94598.938059,3.677941,4.997016,10.963440,252.426635,192053.861560
4.480000,0.023996,264.269769,6.028738,79.973596,68.364242,701.376016,39.390665,-8.288359,94484.639490,0.619407,0.926212,-5.924735,252.372800,89544.881379
4.520000,0.053395,263.698272,20.838600,81.618037,70.101633,711.663707,39.390681,-8.288340,94370.445638,-2.030454,-2.600170,-20.575801,251.012102,-0.000006
4.560000,0.099401,262.868771,20.736069,83.259644,71.835386,721.920807,39.390696,-8.288321,94256.591342,-2.048878,-2.799059,-20.443873,249.167246,0.000000
4.600000,0.115430,262.042841,20.649450,84.897977,73.564680,732.145192,39.390712,-8.288302,94143.100188,-2.032865,-2.850002,-20.350546,247.337949,0.000000
4.640000,0.099853,261.220168,20.576626,86.533061,75.289434,742.337011,39.390727,-8.288283,94029.970517,-1.988381,-2.754070,-20.294309,245.524078,-0.000000
4.680000,0.060093,260.400486,20.515448,88.164966,77.009796,752.496356,39.390743,-8.288264,93917.201315,-1.928096,-2.550531,-20.264769,243.725503,-0.000000
4.720000,0.008707,259.583617,20.462056,89.793787,78.726083,762.623275,39.390758,-8.288245,93804.792033,-1.867120,-2.301289,-20.246325,241.942062,0.000000
4.760000,0.038824,258.769502,20.409607,91.419618,80.438685,772.717801,39.390774,-8.288226,93692.742318,-1.818727,-2.071770,-20.222563,240.173569,0.000000
4.800000,0.071985,257.958204,20.349977,93.042536,82.147963,782.779974,39.390789,-8.288207,93581.051731,-1.791217,-1.913776,-20.180450,238.419845,0.000000
4.840000,0.083594,257.149877,20.277488,94.662585,83.854166,792.809861,39.390804,-8.288188,93469.719512,-1.786534,-1.854292,-20.113339,236.680735,-0.000000
4.880000,0.073263,256.344706,20.191647,96.279774,85.557388,802.807570,39.390820,-8.288169,93358.744471,-1.800690,-1.892190,-20.021982,234.956102,-0.000000
4.920000,0.046407,255.542845,20.096913,97.894079,87.257574,812.773246,39.390835,-8.288151,93248.124997,-1.825589,-2.002369,-19.913404,233.245806,0.000000
4.960000,0.015564,254.744370,19.999978,99.505464,88.954551,822.707062,39.390850,-8.288132,93137.859176,-1.851562,-2.145207,-19.798206,231.549691,0.000000
5.000000,0.028846,253.949266,19.906724,101.113887,90.648097,832.609199,39.390865,-8.288113,93027.944979,-1.869935,-2.278229,-19.687323,229.867590,0.000000
5.040000,0.052186,253.157437,19.820623,102.719320,92.338004,842.479836,39.390881,-8.288094,92918.380450,-1.874984,-2.366806,-19.589276,228.199340,-0.000000
5.080000,0.061985,252.368746,19.742813,104.321756,94.024133,852.319127,39.390896,-8.288076,92809.163854,-1.864939,-2.391477,-19.508498,226.544792,-0.000000
5.120000,0.056497,251.583037,19.672894,105.921209,95.706444,862.127203,39.390911,-8.288057,92700.293757,-1.841887,-2.350589,-19.444920,224.903809,0.000000
5.160000,0.038522,250.800176,19.609447,107.517716,97.385001,871.904164,39.390926,-8.288039,92591.769479,-1.810766,-2.258309,-19.394628,223.276255,0.000000
5.200000,0.014367,250.020062,19.549776,109.111326,99.059949,881.650094,39.390941,-8.288020,92483.999232,-1.780408,-2.138538,-19.350725,221.658089,0.000000
5.240000,0.017552,249.242683,19.488488,110.702081,100.731476,891.365063,39.390956,-8.288002,92378.859832,-1.778575,-2.014019,-19.302372,220.031530,-0.000000
5.280000,0.037006,248.468060,19.425382,112.289990,102.399777,901.049149,39.390971,-8.287983,92274.054746,-1.777853,-1.915974,-19.248734,218.418533,-0.000000
5.320000,0.047921,247.696235,19.358180,113.875055,104.065007,910.702439,39.390986,-8.287965,92169.582914,-1.776540,-1.860469,-19.186497,216.818953,0.000000
5.360000,0.047999,246.927269,19.286071,115.457277,105.727253,920.325031,39.391001,-8.287946,92065.443298,-1.773224,-1.851877,-19.114883,215.232653,0.000000
5.400000,0.038560,246.161219,19.209909,117.036663,107.386532,929.917040,39.391016,-8.287928,91961.634662,-1.767154,-1.883420,-19.035507,213.659496,0.000000
5.440000,0.023844,245.398121,19.131716,118.613221,109.042793,939.478593,39.391031,-8.287909,91858.155635,-1.758310,-1.940174,-18.951692,212.099347,-0.000000
5.480000,0.014161,244.637976,19.053830,120.186967,110.695949,949.009824,39.391046,-8.287891,91755.004772,-1.747303,-2.003459,-18.867473,210.552066,-0.000000
5.520000,0.021603,243.880751,18.978173,121.757917,112.345902,958.510866,39.391061,-8.287873,91652.180621,-1.735156,-2.055481,-18.786572,209.017513,0.000000
5.560000,0.030653,243.126388,18.905902,123.326091,113.992569,967.981849,39.391075,-8.287855,91549.681783,-1.723020,-2.083136,-18.711625,207.495554,0.000000
5.600000,0.033566,242.374814,18.837407,124.891508,115.635906,977.422892,39.391090,-8.287836,91447.506964,-1.711912,-2.080269,-18.643759,205.986056,0.000000
5.640000,0.029569,241.625954,18.772453,126.454185,117.275920,986.834105,39.391105,-8.287818,91345.654987,-1.702515,-2.048120,-18.582563,204.488894,-0.000000
5.680000,0.020559,240.879743,18.710325,128.014138,118.912659,996.215584,39.391120,-8.287800,91244.124790,-1.695071,-1.994103,-18.526374,203.003940,-0.000000
5.720000,0.011881,240.136132,18.649946,129.571379,120.546209,1005.567421,39.391134,-8.287782,91142.915397,-1.689390,-1.929426,-18.472784,201.531071,0.000000
5.760000,0.014635,239.395092,18.590044,131.125917,122.176672,1014.889702,39.391149,-8.287764,91042.025876,-1.684936,-1.866217,-18.419228,200.070160,0.000000
5.800000,0.022994,238.656615,18.529406,132.677759,123.804148,1024.182512,39.391164,-8.287746,90941.455296,-1.680986,-1.814853,-18.363537,198.621085,0.000000
5.840000,0.028445,237.920709,18.467169,134.226911,125.428717,1033.445941,39.391178,-8.287728,90841.202692,-1.676806,-1.782016,-18.304346,197.183723,-0.000000
5.880000,0.029144,237.187387,18.403030,135.773381,127.050432,1042.680084,39.391193,-8.287710,90741.267037,-1.671808,-1.769771,-18.241285,195.757958,-0.000000
5.920000,0.025498,236.456664,18.337283,137.317175,128.669313,1051.885041,39.391207,-8.287692,90641.647241,-1.665650,-1.775731,-18.174937,194.343671,0.000000
5.960000,0.019467,235.728546,18.270674,138.858305,130.285351,1061.060918,39.391222,-8.287674,90542.342156,-1.658280,-1.794101,-18.106596,192.940747,0.000000
6.000000,0.014750,235.003026,18.204144,140.396782,131.898518,1070.207825,39.391236,-8.287656,90443.350602,-1.649903,-1.817283,-18.037909,191.549069,0.000000
6.040000,0.015175,234.280082,18.138844,141.932619,133.508778,1079.325871,39.391251,-8.287638,90344.671392,-1.640963,-1.837685,-17.970749,190.174483,-0.000000
6.080000,0.018546,233.559657,18.075709,143.465830,135.116099,1088.415163,39.391265,-8.287620,90246.303365,-1.631989,-1.849207,-17.906655,188.823215,-0.000000
6.120000,0.020745,232.841707,18.014518,144.996430,136.720462,1097.475804,39.391280,-8.287602,90148.245412,-1.623329,-1.848089,-17.845791,187.482543,0.000000
6.160000,0.020275,232.126188,17.955300,146.524433,138.321871,1106.507892,39.391294,-8.287585,90050.492705,-1.615309,-1.833637,-17.788236,186.152262,0.000000
6.200000,0.020532,231.413058,17.899253,148.049854,139.920345,1115.511518,39.391309,-8.287567,89954.829073,-1.570845,-1.836176,-17.735393,184.849262,0.000000
6.240000,0.037728,230.702247,17.846434,149.572765,141.515880,1124.486767,39.391323,-8.287549,89861.364847,-1.483118,-1.864850,-17.686659,183.574068,-0.000000
6.280000,0.052502,229.993721,17.794027,151.093299,143.108433,1133.433717,39.391337,-8.287531,89768.195354,-1.418813,-1.873995,-17.638098,182.308311,-0.000000
6.320000,0.058073,229.287460,17.740900,152.611559,144.697992,1142.352446,39.391352,-8.287514,89675.319718,-1.385923,-1.862250,-17.588371,181.051904,0.000000
6.360000,0.053507,228.583451,17.686445,154.127597,146.284573,1151.243034,39.391366,-8.287496,89582.737131,-1.385480,-1.832465,-17.536614,179.804767,0.000000
6.400000,0.040342,227.881686,17.630667,155.641414,147.868224,1160.105564,39.391380,-8.287478,89490.446730,-1.412335,-1.790560,-17.482552,178.566818,0.000000
6.440000,0.021658,227.182158,17.574005,157.152970,149.449010,1168.940123,39.391394,-8.287461,89398.447615,-1.456838,-1.744064,-17.426460,177.337974,-0.000000
6.480000,0.000459,226.484859,17.517029,158.662193,151.027006,1177.746799,39.391409,-8.287443,89306.738852,-1.507171,-1.700510,-17.369024,176.118151,-0.000000
6.520000,0.016134,225.789782,17.460230,160.169006,152.602279,1186.525684,39.391423,-8.287426,89215.319485,-1.551787,-1.666045,-17.311150,174.907263,0.000000
6.560000,0.029089,225.096917,17.403965,161.673339,154.174885,1195.276872,39.391437,-8.287408,89124.188553,-1.581488,-1.644469,-17.253771,173.705228,0.000000
6.600000,0.035068,224.406253,17.348502,163.175143,155.744858,1204.000454,39.391451,-8.287391,89033.345098,-1.590826,-1.636825,-17.197691,172.511964,0.000000
6.640000,0.033930,223.717777,17.294084,164.674405,157.312211,1212.696519,39.391465,-8.287373,88942.788189,-1.578646,-1.641542,-17.143470,171.327392,-0.000000
6.680000,0.027067,223.031471,17.240918,166.171144,158.876936,1221.365154,39.391479,-8.287356,88852.516922,-1.547783,-1.655024,-17.091357,170.151436,-0.000000
6.720000,0.017933,222.347317,17.189091,167.665408,160.439012,1230.006442,39.391493,-8.287338,88762.530428,-1.504095,-1.672532,-17.041278,168.984018,0.000000
6.760000,0.014639,221.665294,17.138502,169.157267,161.998413,1238.620465,39.391507,-8.287321,88672.827873,-1.455060,-1.689148,-16.992876,167.825059,0.000000
6.800000,0.021479,220.985377,17.088847,170.646796,163.555111,1247.207299,39.391521,-8.287304,88583.408450,-1.408278,-1.700664,-16.945595,166.674483,0.000000
6.840000,0.029450,220.307548,17.039695,172.134072,165.109089,1255.767019,39.391535,-8.287286,88494.271369,-1.370133,-1.704225,-16.898803,165.532214,-0.000000
6.880000,0.033912,219.631785,16.990612,173.619153,166.660342,1264.299702,39.391549,-8.287269,88405.415851,-1.344824,-1.698671,-16.851909,164.398176,-0.000000
6.920000,0.033624,218.958074,16.941285,175.102081,168.208879,1272.805421,39.391563,-8.287252,88316.841113,-1.333907,-1.684540,-16.804469,163.272298,0.000000
6.960000,0.028784,218.286401,16.891586,176.582873,169.754720,1281.284254,39.391577,-8.287235,88228.546364,-1.336329,-1.663779,-16.756245,162.154509,0.000000
7.000000,0.020516,217.616753,16.841556,178.061525,171.297901,1289.736277,39.391591,-8.287217,88140.530802,-1.348910,-1.639253,-16.707223,161.044736,0.000000
7.040000,0.010633,216.949121,16.791355,179.538019,172.838458,1298.161568,39.391605,-8.287200,88052.793609,-1.367123,-1.614157,-16.657583,159.942911,-0.000000
7.080000,0.004029,216.283493,16.741190,181.012324,174.376433,1306.560207,39.391619,-8.287183,87965.333959,-1.385998,-1.591442,-16.607642,158.848961,-0.000000
7.120000,0.010161,215.619861,16.691268,182.484413,175.911860,1314.932274,39.391632,-8.287166,87878.151020,-1.401004,-1.573354,-16.557782,157.762817,0.000000
7.160000,0.015949,214.958213,16.641770,183.954261,177.444770,1323.277848,39.391646,-8.287149,87791.243963,-1.408735,-1.561146,-16.508386,156.684410,0.000000
7.200000,0.018650,214.298541,16.592851,185.421857,178.975181,1331.597009,39.391660,-8.287132,87704.611964,-1.407350,-1.554985,-16.459772,155.613673,0.000000
7.240000,0.018250,213.640830,16.544628,186.887201,180.503103,1339.889834,39.391674,-8.287115,87618.254213,-1.396688,-1.554050,-16.412157,154.550537,-0.000000
7.280000,0.015695,212.985069,16.497168,188.350313,182.028538,1348.156400,39.391687,-8.287098,87532.169919,-1.378105,-1.556776,-16.365630,153.494937,-0.000000
7.320000,0.013053,212.331243,16.450478,189.811220,183.551482,1356.396780,39.391701,-8.287081,87446.358305,-1.354088,-1.561186,-16.320153,152.446807,0.000000
7.360000,0.013140,211.679337,16.404490,191.269960,185.071929,1364.611048,39.391715,-8.287064,87360.818613,-1.327732,-1.565256,-16.275577,151.406082,0.000000
7.400000,0.016224,211.029333,16.359072,192.726577,186.589871,1372.799275,39.391728,-8.287047,87275.550101,-1.302181,-1.567232,-16.231678,150.372697,0.000000
7.440000,0.019839,210.381217,16.314055,194.181109,188.105306,1380.961531,39.391742,-8.287030,87190.552036,-1.280131,-1.565879,-16.188196,149.346590,-0.000000
7.480000,0.022162,209.734972,16.269269,195.633592,189.618236,1389.097886,39.391756,-8.287013,87105.823694,-1.263463,-1.560615,-16.144883,148.327696,-0.000000
7.520000,0.022426,209.090585,16.224578,197.084053,191.128670,1397.208410,39.391769,-8.286996,87021.364353,-1.253039,-1.551526,-16.101540,147.315954,0.000000
7.560000,0.020563,208.448042,16.179902,198.532508,192.636621,1405.293170,39.391783,-8.286979,86937.173290,-1.248687,-1.539283,-16.058039,146.311303,0.000000
7.600000,0.017014,207.807330,16.135225,199.978965,194.142110,1413.352238,39.391796,-8.286962,86853.249781,-1.249336,-1.524972,-16.014341,145.313683,0.000000
7.640000,0.012658,207.168438,16.090581,201.423423,195.645160,1421.385684,39.391810,-8.286946,86769.593098,-1.253285,-1.509882,-15.970483,144.323033,-0.000000
7.680000,0.008949,206.531356,16.046041,202.865874,197.145793,1429.393576,39.391823,-8.286929,86686.202510,-1.258519,-1.495296,-15.926571,143.339295,-0.000000
7.720000,0.007892,205.896073,16.001692,204.306313,198.644034,1437.375986,39.391837,-8.286912,86603.077285,-1.263047,-1.482293,-15.882747,142.362409,0.000000
7.760000,0.009442,205.262579,15.957623,205.744731,200.139902,1445.332983,39.391850,-8.286895,86520.216694,-1.265195,-1.471614,-15.839172,141.392318,0.000000
7.800000,0.011340,204.630865,15.913918,207.181125,201.633416,1453.264638,39.391864,-8.286879,86437.620010,-1.263817,-1.463590,-15.795995,140.428963,0.000000
7.840000,0.012428,204.000920,15.870644,208.615497,203.124588,1461.171019,39.391877,-8.286862,86355.286515,-1.258403,-1.458138,-15.753336,139.472287,-0.000000
7.880000,0.012618,203.372734,15.827845,210.047857,204.613426,1469.052194,39.391891,-8.286845,86273.215498,-1.249086,-1.454816,-15.711269,138.522235,-0.000000
7.920000,0.012394,202.746296,15.785541,211.478218,206.099936,1476.908232,39.391904,-8.286829,86191.406258,-1.236554,-1.452929,-15.669820,137.578750,0.000000
7.960000,0.012487,202.121593,15.743724,212.906601,207.584122,1484.739197,39.391917,-8.286812,86109.858104,-1.221890,-1.451653,-15.628964,136.641778,0.000000
8.000000,0.013370,201.498614,15.702355,214.333030,209.065985,1492.545156,39.391931,-8.286795,86028.570356,-1.206376,-1.450167,-15.588637,135.711263,0.000000
8.040000,0.014863,200.877346,15.661376,215.757528,210.545528,1500.326174,39.391944,-8.286779,85947.542342,-1.191291,-1.447766,-15.548745,134.787152,-0.000000
8.080000,0.016381,200.257776,15.620717,217.180119,212.022755,1508.082313,39.391957,-8.286762,85866.773396,-1.177735,-1.443950,-15.509183,133.869403,-0.000000
8.120000,0.017376,199.639887,15.581029,218.600826,213.497671,1515.813638,39.391970,-8.286746,85786.262859,-1.166635,-1.438641,-15.470545,132.974327,0.000000
8.160000,0.017538,199.023602,15.542932,220.019666,214.970286,1523.520209,39.391984,-8.286729,85706.010090,-1.158524,-1.432013,-15.433402,132.117259,0.000000
8.200000,0.016814,198.408895,15.504947,221.436653,216.440610,1531.202087,39.391997,-8.286713,85626.014469,-1.153103,-1.423962,-15.396300,131.265491,0.000000
8.240000,0.015386,197.795754,15.467058,222.851793,217.908656,1538.859331,39.392010,-8.286696,85546.275375,-1.150006,-1.414902,-15.359213,130.418988,-0.000000
8.280000,0.013622,197.184171,15.429269,224.265094,219.374438,1546.492000,39.392023,-8.286680,85466.792191,-1.148595,-1.405345,-15.322143,129.577712,-0.000000
8.320000,0.012021,196.574137,15.391602,225.676556,220.837971,1554.100154,39.392036,-8.286663,85387.564301,-1.148074,-1.395823,-15.285124,128.741627,0.000000
8.360000,0.011050,195.965644,15.354090,227.086182,222.299271,1561.683851,39.392050,-8.286647,85308.591086,-1.147613,-1.386814,-15.248207,127.910695,0.000000
8.400000,0.010884,195.358684,15.316771,228.493972,223.758352,1569.243152,39.392063,-8.286630,85229.871932,-1.146461,-1.378688,-15.211454,127.084879,0.000000
8.440000,0.011293,194.753249,15.279685,229.899927,225.215227,1576.778114,39.392076,-8.286614,85151.406227,-1.144034,-1.371664,-15.174930,126.264144,-0.000000
8.480000,0.011890,194.149332,15.242865,231.304053,226.669907,1584.288796,39.392089,-8.286598,85073.193377,-1.139977,-1.365802,-15.138691,125.448453,-0.000000
8.520000,0.012336,193.546924,15.206373,232.706354,228.122402,1591.775256,39.392102,-8.286581,84995.442626,-1.134973,-1.360169,-15.102833,124.637895,0.000000
8.560000,0.013880,192.946004,15.170812,234.106837,229.572723,1599.237552,39.392115,-8.286565,84921.470022,-1.141728,-1.341136,-15.068223,123.834376,0.000000
8.600000,0.017815,192.346552,15.135544,235.505494,231.020898,1606.675738,39.392128,-8.286549,84847.718261,-1.146212,-1.323723,-15.033917,123.035726,0.000000
8.640000,0.020924,191.748562,15.100446,236.902317,232.466955,1614.089870,39.392141,-8.286533,84774.205004,-1.146442,-1.310207,-14.999750,122.241924,-0.000000
8.680000,0.021970,191.152033,15.065448,238.297306,233.910915,1621.480002,39.392154,-8.286516,84700.929710,-1.142106,-1.301151,-14.965638,121.452936,-0.000000
8.720000,0.020723,190.556962,15.030512,239.690469,235.352792,1628.846189,39.392167,-8.286500,84627.891839,-1.133498,-1.296511,-14.931528,120.668728,0.000000
8.760000,0.017546,189.963347,14.995628,241.081819,236.792594,1636.188486,39.392180,-8.286484,84555.090847,-1.121414,-1.295706,-14.897397,119.889267,0.000000
8.800000,0.013373,189.371185,14.960811,242.471374,238.230323,1643.506947,39.392193,-8.286468,84482.526195,-1.107006,-1.297743,-14.863252,119.114522,0.000000
8.840000,0.010076,188.780473,14.926094,243.859159,239.665976,1650.801627,39.392206,-8.286452,84410.197340,-1.091604,-1.301383,-14.829129,118.344459,-0.000000
8.880000,0.010300,188.191203,14.891514,245.245197,241.099546,1658.072580,39.392219,-8.286435,84338.103742,-1.076534,-1.305311,-14.795081,117.579046,-0.000000
8.920000,0.013544,187.603367,14.857109,246.629512,242.531027,1665.319861,39.392232,-8.286419,84266.244860,-1.062962,-1.308307,-14.761169,116.818251,0.000000
8.960000,0.017145,187.016957,14.822912,248.012126,243.960416,1672.543524,39.392244,-8.286403,84194.620156,-1.051768,-1.309382,-14.727458,116.062041,0.000000
9.000000,0.019716,186.431961,14.788954,249.393057,245.387710,1679.743623,39.392257,-8.286387,84123.229095,-1.043470,-1.307869,-14.694005,115.310387,0.000000
9.040000,0.020773,185.848367,14.755257,250.772318,246.812912,1686.920212,39.392270,-8.286371,84052.071148,-1.038199,-1.303475,-14.660856,114.563255,0.000000
9.080000,0.020305,185.266164,14.721841,252.149918,248.236028,1694.073343,39.392283,-8.286355,83981.145787,-1.035724,-1.296273,-14.628039,113.820617,0.000000
9.120000,0.018638,184.685341,14.688716,253.525860,249.657071,1701.203070,39.392296,-8.286339,83910.452493,-1.035514,-1.286662,-14.595568,113.082441,0.000000
9.160000,0.016387,184.105886,14.655886,254.900145,251.076056,1708.309443,39.392308,-8.286323,83839.990751,-1.036830,-1.275284,-14.563434,112.348696,0.000000
9.200000,0.014396,183.527789,14.623338,256.272771,252.493000,1715.392515,39.392321,-8.286307,83769.760049,-1.038827,-1.262926,-14.531617,111.619354,0.000000
9.240000,0.013481,182.951042,14.591054,257.643735,253.907923,1722.452336,39.392334,-8.286291,83699.759885,-1.040667,-1.250421,-14.500080,110.894383,0.000000
9.280000,0.013842,182.375637,14.559003,259.013034,255.320846,1729.488957,39.392347,-8.286275,83629.989756,-1.041609,-1.238540,-14.468782,110.173755,0.000000
9.320000,0.014880,181.801568,14.527153,260.380667,256.731787,1736.502428,39.392359,-8.286259,83560.449167,-1.041083,-1.227921,-14.437677,109.457441,0.000000
9.360000,0.015808,181.228829,14.495471,261.746634,258.140763,1743.492799,39.392372,-8.286243,83491.137625,-1.038737,-1.219004,-14.406725,108.745410,0.000000
9.400000,0.016131,180.657416,14.463931,263.110939,259.547788,1750.460119,39.392385,-8.286228,83422.054637,-1.034457,-1.212004,-14.375891,108.037635,0.000000
9.440000,0.015710,180.087324,14.432515,264.473590,260.952874,1757.404437,39.392397,-8.286212,83353.199716,-1.028355,-1.206909,-14.345151,107.334087,0.000000
9.480000,0.014706,179.518549,14.401218,265.834595,262.356028,1764.325804,39.392410,-8.286196,83284.572372,-1.020732,-1.203504,-14.314495,106.634738,0.000000
9.520000,0.013535,178.951086,14.370040,267.193967,263.757257,1771.224267,39.392423,-8.286180,83216.172121,-1.012032,-1.201414,-14.283923,105.939559,0.000000
9.560000,0.012764,178.384930,14.338991,268.551720,265.156563,1778.099876,39.392435,-8.286164,83147.998476,-1.002774,-1.200160,-14.253446,105.248523,0.000000
9.600000,0.012849,177.820075,14.308084,269.907869,266.553950,1784.952679,39.392448,-8.286148,83080.050955,-0.993496,-1.199219,-14.223084,104.561603,0.000000
9.640000,0.013788,177.256515,14.277335,271.262428,267.949417,1791.782725,39.392460,-8.286133,83012.329076,-0.984690,-1.198085,-14.192860,103.878770,0.000000
9.680000,0.015162,176.694242,14.246760,272.615412,269.342967,1798.590063,39.392473,-8.286117,82944.832358,-0.976756,-1.196323,-14.162801,103.199998,0.000000
9.720000,0.016482,176.133248,14.216374,273.966832,270.734604,1805.374740,39.392485,-8.286101,82877.560327,-0.969973,-1.193602,-14.132932,102.525260,0.000000
9.760000,0.017414,175.573525,14.186190,275.316701,272.124331,1812.136804,39.392498,-8.286085,82810.512507,-0.964475,-1.189727,-14.103274,101.854529,0.000000
9.800000,0.017813,175.015065,14.156218,276.665026,273.512154,1818.876304,39.392510,-8.286070,82743.688428,-0.960255,-1.184640,-14.073842,101.187778,0.000000
9.840000,0.017700,174.457858,14.126463,278.011814,274.898083,1825.593285,39.392523,-8.286054,82677.087623,-0.957178,-1.178414,-14.044647,100.524982,0.000000
9.880000,0.017221,173.901897,14.096929,279.357071,276.282126,1832.287794,39.392535,-8.286038,82610.709630,-0.955009,-1.171238,-14.015690,99.866114,0.000000
9.920000,0.016599,173.347174,14.067612,280.700800,277.664295,1838.959878,39.392548,-8.286023,82544.553988,-0.953442,-1.163378,-13.986965,99.211149,0.000000
9.960000,0.016069,172.793680,14.038506,282.043003,279.044602,1845.609584,39.392560,-8.286007,82478.620242,-0.952142,-1.155153,-13.958464,98.560062,0.000000
10.000000,0.015793,172.241410,14.009601,283.383683,280.423062,1852.236955,39.392572,-8.285992,82412.907940,-0.950779,-1.146888,-13.930169,97.912826,0.000000
10.040000,0.015801,171.690356,13.980885,284.722841,281.799686,1858.842039,39.392585,-8.285976,82347.416632,-0.949060,-1.138890,-13.902063,97.269417,0.000000
10.080000,0.015998,171.140512,13.952342,286.060481,283.174488,1865.424879,39.392597,-8.285960,82282.145874,-0.946754,-1.131414,-13.874127,96.629809,0.000000
10.120000,0.016232,170.591874,13.923959,287.396607,284.547480,1871.985520,39.392610,-8.285945,82217.095221,-0.943711,-1.124643,-13.846343,95.993979,0.000000
10.160000,0.016375,170.044436,13.895726,288.731223,285.918672,1878.524007,39.392622,-8.285929,82152.264234,-0.939868,-1.118680,-13.818697,95.361902,0.000000
10.200000,0.016370,169.498193,13.867632,290.064335,287.288074,1885.040385,39.392634,-8.285914,82087.652472,-0.935245,-1.113545,-13.791177,94.733552,0.000000
10.240000,0.016245,168.953140,13.839674,291.395950,288.655695,1891.534696,39.392646,-8.285898,82023.259501,-0.929936,-1.109177,-13.763776,94.108907,0.000000
10.280000,0.016092,168.409272,13.811850,292.726078,290.021540,1898.006986,39.392659,-8.285883,81959.084885,-0.924098,-1.105452,-13.736492,93.487943,0.000000
10.320000,0.016033,167.866584,13.784160,294.054727,291.385617,1904.457297,39.392671,-8.285867,81895.128190,-0.917921,-1.102198,-13.709327,92.870635,0.000000
10.360000,0.016166,167.325071,13.756608,295.381908,292.747931,1910.885673,39.392683,-8.285852,81831.388987,-0.911617,-1.099218,-13.682286,92.256961,0.000000
10.400000,0.016525,166.784727,13.729201,296.707630,294.108485,1917.292157,39.392696,-8.285836,81767.866847,-0.905391,-1.096305,-13.655378,91.646896,0.000000
10.440000,0.017065,166.245546,13.701944,298.031904,295.467286,1923.676793,39.392708,-8.285821,81704.561341,-0.899426,-1.093270,-13.628612,91.040419,0.000000
10.480000,0.017688,165.707522,13.674845,299.354738,296.824337,1930.039623,39.392720,-8.285806,81641.472047,-0.893867,-1.089950,-13.602000,90.437505,0.000000
10.520000,0.018286,165.170649,13.647985,300.676142,298.179644,1936.380689,39.392732,-8.285790,81578.598541,-0.888829,-1.086249,-13.575623,89.839891,0.000000
10.560000,0.018771,164.634911,13.621486,301.996124,299.533214,1942.700035,39.392744,-8.285775,81515.940405,-0.884386,-1.082126,-13.549603,89.250226,0.000000
10.600000,0.019097,164.100300,13.595155,303.314690,300.885052,1948.997701,39.392756,-8.285760,81453.497227,-0.880488,-1.077508,-13.523755,88.663944,0.000000
10.640000,0.019263,163.566809,13.568992,304.631848,302.235166,1955.273729,39.392769,-8.285744,81391.268597,-0.877084,-1.072423,-13.498081,88.081028,0.000000
10.680000,0.019302,163.034433,13.543000,305.947603,303.583564,1961.528161,39.392781,-8.285729,81329.254106,-0.874084,-1.066939,-13.472582,87.501456,0.000000
10.720000,0.019268,162.503164,13.517176,307.261959,304.930256,1967.761036,39.392793,-8.285714,81267.453351,-0.871374,-1.061157,-13.447256,86.925209,0.000000
10.760000,0.019222,161.972997,13.491518,308.574920,306.275249,1973.972395,39.392805,-8.285698,81205.865929,-0.868826,-1.055196,-13.422099,86.352266,0.000000
10.800000,0.019207,161.443927,13.466020,309.886492,307.618554,1980.162280,39.392817,-8.285683,81144.491442,-0.866309,-1.049183,-13.397105,85.782607,0.000000
10.840000,0.019248,160.915948,13.440678,311.196677,308.960181,1986.330728,39.392829,-8.285668,81083.329493,-0.863703,-1.043240,-13.372266,85.216212,0.000000
10.880000,0.019341,160.389054,13.415485,312.505481,310.300138,1992.477781,39.392841,-8.285653,81022.379689,-0.860906,-1.037476,-13.347573,84.653062,0.000000
10.920000,0.019468,159.863242,13.390435,313.812907,311.638435,1998.603478,39.392853,-8.285637,80961.641636,-0.857844,-1.031976,-13.323020,84.093137,0.000000
10.960000,0.019606,159.338506,13.365523,315.118961,312.975081,2004.707858,39.392865,-8.285622,80901.114946,-0.854472,-1.026800,-13.298600,83.536417,0.000000
11.000000,0.019738,158.814842,13.340743,316.423647,314.310085,2010.790961,39.392877,-8.285607,80840.799231,-0.850777,-1.021977,-13.274305,82.982884,0.000000
11.040000,0.019860,158.292244,13.316093,317.726973,315.643452,2016.852824,39.392889,-8.285592,80780.694107,-0.846773,-1.017504,-13.250132,82.432517,0.000000
11.080000,0.019985,157.770710,13.291570,319.028943,316.975192,2022.893487,39.392901,-8.285577,80720.799188,-0.842503,-1.013354,-13.226077,81.885299,0.000000
11.120000,0.020133,157.250233,13.267172,320.329566,318.305311,2028.912989,39.392913,-8.285561,80661.114095,-0.838027,-1.009477,-13.202141,81.341210,0.000000
11.160000,0.020327,156.730810,13.242900,321.628848,319.633814,2034.911367,39.392925,-8.285546,80601.638446,-0.833420,-1.005806,-13.178322,80.800232,0.000000
11.200000,0.020581,156.212437,13.218756,322.926796,320.960708,2040.888659,39.392937,-8.285531,80542.371865,-0.828763,-1.002265,-13.154623,80.262346,0.000000
11.240000,0.020900,155.695107,13.194740,324.223418,322.285998,2046.844905,39.392949,-8.285516,80483.313974,-0.824134,-0.998776,-13.131047,79.727534,0.000000
11.280000,0.021270,155.178817,13.170855,325.518722,323.609691,2052.780140,39.392961,-8.285501,80424.464401,-0.819606,-0.995265,-13.107598,79.195778,0.000000
11.320000,0.021671,154.663561,13.147103,326.812714,324.931791,2058.694404,39.392973,-8.285486,80365.822773,-0.815238,-0.991665,-13.084277,78.667058,0.000000
11.360000,0.022074,154.149336,13.123488,328.105402,326.252304,2064.587732,39.392985,-8.285471,80307.388720,-0.811074,-0.987927,-13.061091,78.141359,0.000000
11.400000,0.022456,153.636134,13.100010,329.396792,327.571236,2070.460163,39.392997,-8.285456,80249.161875,-0.807139,-0.984015,-13.038041,77.618660,0.000000
11.440000,0.022797,153.123953,13.076671,330.686890,328.888595,2076.311733,39.393008,-8.285441,80191.141871,-0.803442,-0.979912,-13.015129,77.098946,0.000000
11.480000,0.023088,152.612786,13.053473,331.975704,330.204385,2082.142479,39.393020,-8.285426,80133.328346,-0.799971,-0.975620,-12.992358,76.582198,0.000000
11.520000,0.023332,152.102628,13.030415,333.263237,331.518614,2087.952436,39.393032,-8.285411,80075.720937,-0.796703,-0.971154,-12.969728,76.068400,0.000000
11.560000,0.023548,151.593475,13.007500,334.549495,332.831290,2093.741643,39.393044,-8.285396,80018.334339,-0.793596,-0.966543,-12.947242,75.557564,0.000000
11.600000,0.026198,151.085321,12.984154,335.834483,334.142419,2099.510134,39.393056,-8.285381,79964.123003,-0.793340,-0.963431,-12.924034,75.055780,0.000000
11.640000,0.029995,150.578156,12.960541,337.118202,335.452006,2105.257946,39.393067,-8.285366,79911.529554,-0.794840,-0.961242,-12.900382,74.559740,0.000000
11.680000,0.033483,150.071975,12.937220,338.400649,336.760056,2110.985118,39.393079,-8.285351,79859.124966,-0.795816,-0.958728,-12.877080,74.066461,0.000000
11.720000,0.036406,149.566773,12.914260,339.681823,338.066571,2116.691686,39.393091,-8.285336,79806.908905,-0.795999,-0.955807,-12.854219,73.575927,0.000000
11.760000,0.038576,149.062544,12.891707,340.961724,339.371557,2122.377687,39.393103,-8.285321,79754.881033,-0.795201,-0.952436,-12.831860,73.088124,0.000000
11.800000,0.039878,148.559280,12.869585,342.240352,340.675020,2128.043158,39.393114,-8.285306,79703.041024,-0.793318,-0.948609,-12.810035,72.603036,0.000000
11.840000,0.040276,148.056975,12.847891,343.517711,341.976965,2133.688132,39.393126,-8.285292,79651.388558,-0.790336,-0.944353,-12.788740,72.120647,0.000000
11.880000,0.039807,147.555623,12.826604,344.793806,343.277398,2139.312644,39.393138,-8.285277,79599.923324,-0.786319,-0.939727,-12.767944,71.640943,0.000000
11.920000,0.038575,147.055219,12.805683,346.068643,344.576329,2144.916728,39.393149,-8.285262,79548.645016,-0.781404,-0.934811,-12.747590,71.163909,0.000000
11.960000,0.036732,146.555756,12.785074,347.342229,345.873763,2150.500415,39.393161,-8.285247,79497.553336,-0.775776,-0.929701,-12.727606,70.689530,0.000000
12.000000,0.034474,146.057230,12.764712,348.614575,347.169710,2156.063738,39.393173,-8.285232,79446.647993,-0.769661,-0.924500,-12.707903,70.217792,0.000000
12.040000,0.032016,145.559637,12.744527,349.885689,348.464178,2161.606729,39.393184,-8.285217,79395.928696,-0.763298,-0.919311,-12.688389,69.748681,0.000000
12.080000,0.029575,145.062972,12.724451,351.155581,349.757175,2167.129418,39.393196,-8.285203,79345.395162,-0.756929,-0.914227,-12.668974,69.282182,0.000000
12.120000,0.027354,144.567232,12.704421,352.424263,351.048710,2172.631836,39.393208,-8.285188,79295.047104,-0.750777,-0.909330,-12.649576,68.818280,0.000000
12.160000,0.025520,144.072414,12.684382,353.691743,352.338789,2178.114016,39.393219,-8.285173,79244.884240,-0.745032,-0.904684,-12.630123,68.356962,0.000000
12.200000,0.024191,143.578516,12.664290,354.958031,353.627420,2183.575987,39.393231,-8.285158,79194.906284,-0.739846,-0.900331,-12.610562,67.898214,0.000000
12.240000,0.023428,143.085536,12.644117,356.223136,354.914612,2189.017781,39.393242,-8.285144,79145.112950,-0.735321,-0.896290,-12.590857,67.442021,0.000000
12.280000,0.023243,142.593471,12.623850,357.487063,356.200369,2194.439430,39.393254,-8.285129,79095.503949,-0.731508,-0.892563,-12.570991,66.988370,0.000000
12.320000,0.023612,142.102319,12.603489,358.749821,357.484698,2199.840965,39.393266,-8.285114,79046.078991,-0.728409,-0.889127,-12.550968,66.537247,0.000000
12.360000,0.024492,141.612077,12.583048,360.011412,358.767604,2205.222419,39.393277,-8.285100,78996.837782,-0.725979,-0.885947,-12.530808,66.088638,0.000000
12.400000,0.025826,141.122744,12.562554,361.271842,360.049093,2210.583824,39.393289,-8.285085,78947.780027,-0.724134,-0.882973,-12.510546,65.642530,0.000000
12.440000,0.027540,140.634317,12.542042,362.531114,361.329168,2215.925211,39.393300,-8.285070,78898.905430,-0.722761,-0.880146,-12.490227,65.198909,0.000000
12.480000,0.029544,140.146793,12.521553,363.789229,362.607836,2221.246615,39.393312,-8.285056,78850.213693,-0.721724,-0.877406,-12.469906,64.757762,0.000000
12.520000,0.031729,139.660169,12.501129,365.046189,363.885100,2226.548066,39.393323,-8.285041,78801.704519,-0.720879,-0.874690,-12.449637,64.319075,0.000000
12.560000,0.033975,139.174441,12.480814,366.301995,365.160964,2231.829598,39.393335,-8.285026,78753.377612,-0.720078,-0.871941,-12.429478,63.882835,0.000000
12.600000,0.036161,138.689605,12.460648,367.556650,366.435434,2237.091243,39.393346,-8.285012,78705.232675,-0.719187,-0.869108,-12.409479,63.449028,0.000000
12.640000,0.038172,138.205658,12.440667,368.810154,367.708512,2242.333033,39.393358,-8.284997,78657.269417,-0.718085,-0.866152,-12.389686,63.017643,0.000000
12.680000,0.039910,137.722595,12.420896,370.062509,368.980205,2247.554999,39.393369,-8.284983,78609.487547,-0.716676,-0.863044,-12.370133,62.588665,0.000000
12.720000,0.041300,137.240412,12.401356,371.313717,370.250517,2252.757173,39.393380,-8.284968,78561.886780,-0.714888,-0.859769,-12.350845,62.162082,0.000000
12.760000,0.042293,136.759105,12.382057,372.563782,371.519454,2257.939585,39.393392,-8.284953,78514.466833,-0.712682,-0.856321,-12.331834,61.737881,0.000000
12.800000,0.042868,136.278669,12.363000,373.812706,372.787020,2263.102267,39.393403,-8.284939,78467.227428,-0.710044,-0.852710,-12.313103,61.316050,0.000000
12.840000,0.043035,135.799100,12.344180,375.060495,374.053222,2268.245247,39.393415,-8.284924,78420.168290,-0.706992,-0.848953,-12.294642,60.896576,0.000000
12.880000,0.042826,135.320395,12.325581,376.307152,375.318066,2273.368556,39.393426,-8.284910,78373.289149,-0.703564,-0.845076,-12.276433,60.479446,0.000000
12.920000,0.042299,134.842549,12.307185,377.552683,376.581557,2278.472223,39.393437,-8.284895,78326.589739,-0.699820,-0.841113,-12.258449,60.064649,0.000000
12.960000,0.041526,134.365559,12.288965,378.797095,377.843703,2283.556276,39.393449,-8.284881,78280.069796,-0.695835,-0.837098,-12.240660,59.652173,0.000000
13.000000,0.040591,133.889421,12.270896,380.040394,379.104509,2288.620744,39.393460,-8.284866,78233.729060,-0.691693,-0.833069,-12.223030,59.242005,0.000000
13.040000,0.039585,133.414132,12.252950,381.282586,380.363983,2293.665655,39.393471,-8.284852,78187.567272,-0.687481,-0.829061,-12.205523,58.834133,0.000000
13.080000,0.038595,132.939689,12.235097,382.523678,381.622130,2298.691038,39.393483,-8.284838,78141.584177,-0.683284,-0.825108,-12.188106,58.428545,0.000000
13.120000,0.037702,132.466089,12.217314,383.763676,382.878957,2303.696919,39.393494,-8.284823,78095.779519,-0.679183,-0.821237,-12.170746,58.025230,0.000000
13.160000,0.036976,131.993330,12.199578,385.002588,384.134470,2308.683327,39.393505,-8.284809,78050.153044,-0.675244,-0.817470,-12.153415,57.624176,0.000000
13.200000,0.036469,131.521409,12.181872,386.240420,385.388675,2313.650290,39.393517,-8.284794,78004.704498,-0.671523,-0.813823,-12.136093,57.225371,0.000000
13.240000,0.036219,131.050324,12.164182,387.477177,386.641577,2318.597835,39.393528,-8.284780,77959.433628,-0.668059,-0.810304,-12.118764,56.828804,0.000000
13.280000,0.036246,130.580073,12.146525,388.712865,387.893184,2323.525990,39.393539,-8.284765,77914.340180,-0.664882,-0.806921,-12.101442,56.435014,0.000000
13.320000,0.036556,130.110645,12.129204,389.947489,389.143499,2328.434783,39.393550,-8.284751,77869.423900,-0.662080,-0.803771,-12.084419,56.051143,0.000000
13.360000,0.037138,129.642031,12.111884,391.181054,390.392528,2333.324241,39.393562,-8.284737,77824.684536,-0.659554,-0.800731,-12.067375,55.669274,0.000000
13.400000,0.037972,129.174231,12.094576,392.413564,391.640276,2338.194391,39.393573,-8.284722,77780.121841,-0.657280,-0.797788,-12.050324,55.289452,0.000000
13.440000,0.039025,128.707241,12.077293,393.645022,392.886748,2343.045261,39.393584,-8.284708,77735.735566,-0.655225,-0.794922,-12.033278,54.911670,0.000000
13.480000,0.040258,128.241061,12.060046,394.875431,394.131947,2347.876876,39.393595,-8.284694,77691.525466,-0.653347,-0.792114,-12.016256,54.535916,0.000000
13.520000,0.041624,127.775686,12.042854,396.104795,395.375879,2352.689266,39.393606,-8.284679,77647.491288,-0.651597,-0.789341,-11.999279,54.162183,0.000000
13.560000,0.043071,127.311117,12.025732,397.333117,396.618548,2357.482458,39.393618,-8.284665,77603.632782,-0.649922,-0.786582,-11.982367,53.790461,0.000000
13.600000,0.044549,126.847349,12.008698,398.560398,397.859959,2362.256477,39.393629,-8.284651,77559.949701,-0.648273,-0.783817,-11.965542,53.420740,0.000000
13.640000,0.046004,126.384381,11.991766,399.786643,399.100116,2367.011351,39.393640,-8.284637,77516.441799,-0.646600,-0.781028,-11.948823,53.053011,0.000000
13.680000,0.047388,125.922209,11.974952,401.011853,400.339023,2371.747108,39.393651,-8.284622,77473.108831,-0.644862,-0.778202,-11.932226,52.687266,0.000000
13.720000,0.048660,125.460832,11.958266,402.236031,401.576684,2376.463772,39.393662,-8.284608,77429.950555,-0.643021,-0.775327,-11.915768,52.323495,0.000000
13.760000,0.049786,125.000247,11.941717,403.459180,402.813106,2381.161372,39.393673,-8.284594,77386.966729,-0.641049,-0.772396,-11.899457,51.961690,0.000000
13.800000,0.050742,124.540452,11.925311,404.681304,404.048291,2385.839932,39.393684,-8.284580,77344.157114,-0.638929,-0.769407,-11.883300,51.601841,0.000000
13.840000,0.051512,124.081443,11.909049,405.902405,405.282246,2390.499479,39.393696,-8.284565,77301.521474,-0.636651,-0.766360,-11.867301,51.243940,0.000000
13.880000,0.052094,123.623218,11.892932,407.122488,406.514974,2395.140038,39.393707,-8.284551,77259.059574,-0.634213,-0.763259,-11.851458,50.887977,0.000000
13.920000,0.052495,123.165775,11.876956,408.341556,407.746481,2399.761635,39.393718,-8.284537,77216.771184,-0.631624,-0.760112,-11.835766,50.533946,0.000000
13.960000,0.052730,122.709111,11.861114,409.559613,408.976772,2404.364295,39.393729,-8.284523,77174.656072,-0.628899,-0.756927,-11.820219,50.181836,0.000000
14.000000,0.052823,122.253223,11.845399,410.776664,410.205852,2408.948042,39.393740,-8.284509,77132.714012,-0.626060,-0.753717,-11.804806,49.831639,0.000000
14.040000,0.052804,121.798111,11.829801,411.992714,411.433726,2413.512902,39.393751,-8.284495,77090.944777,-0.623131,-0.750492,-11.789515,49.483347,0.000000
14.080000,0.052707,121.343771,11.814309,413.207767,412.660399,2418.058898,39.393762,-8.284480,77049.348145,-0.620141,-0.747266,-11.774333,49.136952,0.000000
14.120000,0.052568,120.890202,11.798913,414.421827,413.885876,2422.586056,39.393773,-8.284466,77007.923892,-0.617120,-0.744051,-11.759247,48.792444,0.000000
14.160000,0.052424,120.437401,11.783600,415.634900,415.110163,2427.094398,39.393784,-8.284452,76966.671797,-0.614098,-0.740858,-11.744243,48.449816,0.000000
14.200000,0.052309,119.985368,11.768362,416.846990,416.333265,2431.583950,39.393795,-8.284438,76925.591641,-0.611102,-0.737697,-11.729310,48.109060,0.000000
14.240000,0.052255,119.534099,11.753189,418.058103,417.555186,2436.054735,39.393806,-8.284424,76884.683206,-0.608158,-0.734576,-11.714435,47.770168,0.000000
14.280000,0.052288,119.083594,11.738072,419.268242,418.775932,2440.506777,39.393817,-8.284410,76843.946273,-0.605288,-0.731503,-11.699610,47.433130,0.000000
14.320000,0.052432,118.633851,11.723006,420.477413,419.995507,2444.940099,39.393828,-8.284396,76803.380626,-0.602508,-0.728481,-11.684826,47.097940,0.000000
14.360000,0.052701,118.184869,11.707985,421.685620,421.213917,2449.354726,39.393839,-8.284382,76762.986048,-0.599830,-0.725512,-11.670079,46.764589,0.000000
14.400000,0.053105,117.736646,11.693007,422.892868,422.431167,2453.750681,39.393850,-8.284368,76722.762323,-0.597262,-0.722596,-11.655366,46.433069,0.000000
14.440000,0.053647,117.289181,11.678071,424.099159,423.647259,2458.127987,39.393861,-8.284354,76682.709236,-0.594806,-0.719733,-11.640685,46.103372,0.000000
14.480000,0.054326,116.842472,11.663178,425.304499,424.862201,2462.486668,39.393872,-8.284340,76642.826571,-0.592459,-0.716917,-11.626038,45.775491,0.000000
14.520000,0.055134,116.396518,11.648330,426.508891,426.075995,2466.826747,39.393883,-8.284326,76603.114115,-0.590215,-0.714145,-11.611427,45.449418,0.000000
14.560000,0.056060,115.951317,11.633531,427.712339,427.288647,2471.148248,39.393893,-8.284312,76563.571653,-0.588062,-0.711410,-11.596859,45.125145,0.000000
14.600000,0.057087,115.506869,11.618786,428.914846,428.500160,2475.451194,39.393904,-8.284298,76524.198973,-0.585987,-0.708705,-11.582337,44.802663,0.000000
14.640000,0.058196,115.063172,11.604100,430.116415,429.710540,2479.735608,39.393915,-8.284284,76484.995861,-0.583976,-0.706025,-11.567871,44.481967,0.000000
14.680000,0.059367,114.620225,11.589478,431.317050,430.919790,2484.001514,39.393926,-8.284270,76445.962106,-0.582011,-0.703360,-11.553465,44.163047,0.000000
14.720000,0.060578,114.178026,11.574928,432.516753,432.127914,2488.248934,39.393937,-8.284256,76407.097497,-0.580076,-0.700706,-11.539129,43.845897,0.000000
14.760000,0.061807,113.736574,11.560456,433.715529,433.334917,2492.477891,39.393948,-8.284242,76368.401824,-0.578152,-0.698054,-11.524869,43.530508,0.000000
14.800000,0.063033,113.295867,11.546066,434.913379,434.540804,2496.688409,39.393959,-8.284228,76329.874878,-0.576226,-0.695400,-11.510692,43.216874,0.000000
14.840000,0.064235,112.855904,11.531765,436.110307,435.745578,2500.880509,39.393970,-8.284214,76291.516452,-0.574282,-0.692739,-11.496604,42.904988,0.000000
14.880000,0.065397,112.416684,11.517555,437.306317,436.949243,2505.054215,39.393980,-8.284200,76253.326340,-0.572308,-0.690068,-11.482611,42.594841,0.000000
14.920000,0.066503,111.978205,11.503441,438.501411,438.151804,2509.209549,39.393991,-8.284186,76215.304336,-0.570294,-0.687383,-11.468715,42.286426,0.000000
14.960000,0.067543,111.540467,11.489425,439.695592,439.353266,2513.346533,39.394002,-8.284172,76177.450237,-0.568234,-0.684684,-11.454921,41.979737,0.000000
15.000000,0.068509,111.103466,11.475509,440.888865,440.553632,2517.465189,39.394013,-8.284158,76139.763842,-0.566123,-0.681971,-11.441229,41.674766,0.000000
15.040000,0.069397,110.667204,11.461691,442.081231,441.752907,2521.565539,39.394024,-8.284144,76102.244949,-0.563958,-0.679243,-11.427639,41.371506,0.000000
15.080000,0.070208,110.231677,11.447972,443.272695,442.951095,2525.647604,39.394034,-8.284130,76064.893360,-0.561741,-0.676503,-11.414152,41.069949,0.000000
15.120000,0.070944,109.796885,11.434350,444.463261,444.148201,2529.711407,39.394045,-8.284117,76027.708878,-0.559475,-0.673754,-11.400763,40.770090,0.000000
15.160000,0.071614,109.362828,11.420822,445.652931,445.344228,2533.756969,39.394056,-8.284103,75990.691306,-0.557166,-0.670998,-11.387472,40.471921,0.000000
15.200000,0.072226,108.929502,11.407386,446.841710,446.539182,2537.784311,39.394067,-8.284089,75953.840450,-0.554818,-0.668238,-11.374273,40.175435,0.000000
15.240000,0.072793,108.496909,11.394037,448.029601,447.733067,2541.793454,39.394077,-8.284075,75917.156116,-0.552442,-0.665480,-11.361163,39.880625,0.000000
15.280000,0.073327,108.065047,11.380772,449.216608,448.925887,2545.784419,39.394088,-8.284061,75880.638113,-0.550046,-0.662726,-11.348137,39.587484,0.000000
15.320000,0.073842,107.633914,11.367586,450.402735,450.117647,2549.757227,39.394099,-8.284047,75844.286250,-0.547639,-0.659980,-11.335190,39.296006,0.000000
15.360000,0.074355,107.203511,11.354475,451.587986,451.308351,2553.711899,39.394110,-8.284034,75808.100337,-0.545231,-0.657247,-11.322317,39.006184,0.000000
15.400000,0.074878,106.773836,11.341435,452.772364,452.498003,2557.648455,39.394120,-8.284020,75772.080186,-0.542832,-0.654529,-11.309513,38.718012,0.000000
15.440000,0.075427,106.344889,11.328463,453.955874,453.686608,2561.566916,39.394131,-8.284006,75736.225609,-0.540448,-0.651829,-11.296774,38.431482,0.000000
15.480000,0.076013,105.916669,11.315554,455.138519,454.874170,2565.467302,39.394142,-8.283992,75700.536420,-0.538090,-0.649150,-11.284096,38.146588,0.000000
15.520000,0.076648,105.489176,11.302705,456.320304,456.060694,2569.349633,39.394152,-8.283979,75665.012434,-0.535762,-0.646493,-11.271475,37.863324,0.000000
15.560000,0.077342,105.062409,11.289915,457.501231,457.246182,2573.213930,39.394163,-8.283965,75629.653465,-0.533471,-0.643860,-11.258909,37.581684,0.000000
15.600000,0.078100,104.636367,11.277181,458.681304,458.430641,2577.060213,39.394174,-8.283951,75594.459329,-0.531219,-0.641251,-11.246396,37.301659,0.000000
15.640000,0.078929,104.211052,11.264502,459.860528,459.614074,2580.888502,39.394184,-8.283937,75559.429844,-0.529011,-0.638667,-11.233933,37.023246,0.000000
15.680000,0.079830,103.786461,11.251877,461.038905,460.796485,2584.698816,39.394195,-8.283924,75524.564827,-0.526847,-0.636107,-11.221521,36.746436,0.000000
15.720000,0.080806,103.362595,11.239305,462.216439,461.977878,2588.491176,39.394205,-8.283910,75489.864096,-0.524727,-0.633570,-11.209158,36.471224,0.000000
15.760000,0.081854,102.939453,11.226788,463.393134,463.158258,2592.265601,39.394216,-8.283896,75455.327470,-0.522649,-0.631056,-11.196847,36.197604,0.000000
15.800000,0.082971,102.517036,11.214326,464.568992,464.337627,2596.022111,39.394227,-8.283882,75420.954769,-0.520611,-0.628561,-11.184587,35.925569,0.000000
15.840000,0.084153,102.095343,11.201920,465.744017,465.515991,2599.760726,39.394237,-8.283869,75386.745813,-0.518609,-0.626085,-11.172380,35.655113,0.000000
15.880000,0.085393,101.674374,11.189572,466.918213,466.693354,2603.481465,39.394248,-8.283855,75352.700424,-0.516640,-0.623624,-11.160229,35.386231,0.000000
15.920000,0.086684,101.254129,11.177284,468.091582,467.869718,2607.184348,39.394258,-8.283841,75318.818424,-0.514698,-0.621178,-11.148134,35.118915,0.000000
15.960000,0.088019,100.834607,11.165056,469.264127,469.045089,2610.869393,39.394269,-8.283828,75285.099636,-0.512778,-0.618745,-11.136099,34.853160,0.000000
16.000000,0.089387,100.415810,11.152893,470.435852,470.219470,2614.536621,39.394280,-8.283814,75251.543883,-0.510876,-0.616320,-11.124126,34.588961,0.000000
16.040000,0.090782,99.997736,11.140794,471.606760,471.392864,2618.186050,39.394290,-8.283801,75218.150990,-0.508985,-0.613904,-11.112216,34.326310,0.000000
16.080000,0.092194,99.580386,11.128763,472.776853,472.565276,2621.817700,39.394301,-8.283787,75184.920784,-0.507102,-0.611494,-11.100374,34.065203,0.000000
16.120000,0.093615,99.163760,11.116801,473.946135,473.736710,2625.431589,39.394311,-8.283773,75151.853090,-0.505221,-0.609089,-11.088599,33.805632,0.000000
16.160000,0.095038,98.747858,11.104910,475.114608,474.907170,2629.027736,39.394322,-8.283760,75118.947736,-0.503338,-0.606687,-11.076895,33.547594,0.000000
16.200000,0.096456,98.332680,11.093090,476.282277,476.076658,2632.606161,39.394332,-8.283746,75086.204551,-0.501450,-0.604287,-11.065263,33.291081,0.000000
16.240000,0.099015,97.918224,11.082208,477.449137,477.245183,2636.166835,39.394343,-8.283733,75053.624095,-0.498445,-0.600581,-11.054691,33.036083,0.000000
16.280000,0.099257,97.504497,11.069671,478.615209,478.412739,2639.709915,39.394353,-8.283719,75021.204007,-0.497645,-0.599492,-11.042218,32.782610,0.000000
16.320000,0.100633,97.091493,11.058072,479.780479,479.579338,2643.235281,39.394364,-8.283705,74988.946310,-0.495726,-0.597097,-11.030806,32.530640,0.000000
16.360000,0.101988,96.679213,11.046547,480.944956,480.744982,2646.742998,39.394374,-8.283692,74956.850108,-0.493793,-0.594702,-11.019469,32.280174,0.000000
16.400000,0.103324,96.267660,11.035095,482.108644,481.909675,2650.233084,39.394385,-8.283678,74924.915233,-0.491847,-0.592309,-11.008206,32.031205,0.000000
16.440000,0.104639,95.856833,11.023717,483.271544,483.073420,2653.705557,39.394395,-8.283665,74893.141522,-0.489889,-0.589918,-10.997016,31.783728,0.000000
16.480000,0.105938,95.446731,11.012491,484.433660,484.236221,2657.160434,39.394406,-8.283651,74861.528810,-0.487947,-0.587565,-10.985974,31.539710,0.000000
16.520000,0.107221,95.037350,11.001439,485.594996,485.398082,2660.597734,39.394416,-8.283638,74830.076936,-0.486034,-0.585262,-10.975104,31.299764,0.000000
16.560000,0.108495,94.628689,10.990454,486.755554,486.559007,2664.017474,39.394427,-8.283624,74798.785739,-0.484112,-0.582962,-10.964300,31.061204,0.000000
16.600000,0.109763,94.220748,10.979534,487.915337,487.718999,2667.419672,39.394437,-8.283611,74767.655061,-0.482183,-0.580667,-10.953560,30.824028,0.000000
16.640000,0.111031,93.813529,10.968677,489.074349,488.878062,2670.804343,39.394447,-8.283597,74736.684747,-0.480250,-0.578379,-10.942884,30.588230,0.000000
16.680000,0.112301,93.407032,10.957881,490.232593,490.036199,2674.171506,39.394458,-8.283584,74705.874641,-0.478316,-0.576097,-10.932268,30.353807,0.000000
16.720000,0.113580,93.001260,10.947146,491.390071,491.193415,2677.521177,39.394468,-8.283570,74675.224588,-0.476384,-0.573823,-10.921712,30.120755,0.000000
16.760000,0.114875,92.596212,10.936470,492.546787,492.349712,2680.853373,39.394479,-8.283557,74644.734431,-0.474455,-0.571559,-10.911214,29.889068,0.000000
16.800000,0.116192,92.191890,10.925851,493.702743,493.505095,2684.168111,39.394489,-8.283543,74614.404018,-0.472533,-0.569304,-10.900772,29.658744,0.000000
16.840000,0.117536,91.788296,10.915288,494.857944,494.659567,2687.465408,39.394499,-8.283530,74584.233196,-0.470621,-0.567060,-10.890384,29.429778,0.000000
16.880000,0.118914,91.385431,10.904779,496.012392,495.813132,2690.745280,39.394510,-8.283516,74554.221811,-0.468719,-0.564827,-10.880050,29.202166,0.000000
16.920000,0.120329,90.983295,10.894324,497.166090,496.965793,2694.007745,39.394520,-8.283503,74524.369713,-0.466832,-0.562607,-10.869767,28.975904,0.000000
16.960000,0.121787,90.581892,10.883921,498.319041,498.117554,2697.252817,39.394531,-8.283490,74494.676752,-0.464959,-0.560398,-10.859535,28.750989,0.000000
17.000000,0.123290,90.181222,10.873569,499.471248,499.268419,2700.480515,39.394541,-8.283476,74465.142778,-0.463102,-0.558202,-10.849352,28.527416,0.000000
17.040000,0.124841,89.781286,10.863268,500.622714,500.418390,2703.690853,39.394551,-8.283463,74435.767640,-0.461262,-0.556018,-10.839219,28.305181,0.000000
17.080000,0.126443,89.382088,10.853017,501.773442,501.567471,2706.883849,39.394562,-8.283449,74406.551192,-0.459441,-0.553847,-10.829134,28.084280,0.000000
17.120000,0.128097,88.983628,10.842816,502.923435,502.715667,2710.059518,39.394572,-8.283436,74377.493286,-0.457637,-0.551688,-10.819098,27.864710,0.000000
17.160000,0.129803,88.585908,10.832665,504.072695,503.862979,2713.217876,39.394582,-8.283423,74348.593774,-0.455851,-0.549541,-10.809109,27.646467,0.000000
17.200000,0.131563,88.188931,10.822563,505.221226,505.009413,2716.358940,39.394593,-8.283409,74319.852510,-0.454083,-0.547405,-10.799168,27.429546,0.000000
17.240000,0.133375,87.792697,10.812511,506.369031,506.154970,2719.482725,39.394603,-8.283396,74291.269350,-0.452331,-0.545281,-10.789276,27.213945,0.000000
17.280000,0.135238,87.397210,10.802509,507.516112,507.299655,2722.589248,39.394613,-8.283383,74262.844147,-0.450596,-0.543167,-10.779431,26.999660,0.000000
17.320000,0.137150,87.002472,10.792558,508.662472,508.443471,2725.678523,39.394623,-8.283369,74234.576758,-0.448875,-0.541064,-10.769636,26.786686,0.000000
17.360000,0.139110,86.608484,10.782656,509.808114,509.586422,2728.750567,39.394634,-8.283356,74206.467039,-0.447169,-0.538970,-10.759890,26.575020,0.000000
17.400000,0.141115,86.215249,10.772806,510.953040,510.728510,2731.805395,39.394644,-8.283343,74178.514848,-0.445475,-0.536885,-10.750194,26.364658,0.000000
17.440000,0.143162,85.822769,10.763008,512.097254,511.869739,2734.843022,39.394654,-8.283329,74150.720043,-0.443791,-0.534809,-10.740548,26.155598,0.000000
17.480000,0.145250,85.431047,10.753262,513.240758,513.010112,2737.863465,39.394664,-8.283316,74123.082483,-0.442118,-0.532740,-10.730953,25.947834,0.000000
17.520000,0.147374,85.040085,10.743568,514.383554,514.149633,2740.866738,39.394675,-8.283303,74095.602027,-0.440453,-0.530679,-10.721410,25.741364,0.000000
17.560000,0.149532,84.649886,10.733927,515.525645,515.288305,2743.852858,39.394685,-8.283289,74068.278535,-0.438794,-0.528624,-10.711919,25.536184,0.000000
17.600000,0.151722,84.260453,10.724340,516.667035,516.426131,2746.821837,39.394695,-8.283276,74041.111868,-0.437141,-0.526576,-10.702481,25.332290,0.000000
17.640000,0.153941,83.871788,10.714807,517.807725,517.563114,2749.773693,39.394705,-8.283263,74014.101889,-0.435493,-0.524534,-10.693096,25.129680,0.000000
17.680000,0.156186,83.483893,10.705329,518.947718,518.699258,2752.708440,39.394716,-8.283249,73987.248460,-0.433848,-0.522498,-10.683765,24.928349,0.000000
17.720000,0.158455,83.096773,10.695905,520.087017,519.834566,2755.626093,39.394726,-8.283236,73960.551444,-0.432204,-0.520468,-10.674488,24.728294,0.000000
17.760000,0.160748,82.710430,10.686536,521.225624,520.969042,2758.526667,39.394736,-8.283223,73934.010705,-0.430563,-0.518442,-10.665265,24.529512,0.000000
17.800000,0.163062,82.324867,10.677222,522.363543,522.102688,2761.410176,39.394746,-8.283210,73907.626109,-0.428922,-0.516422,-10.656097,24.331999,0.000000
17.840000,0.165396,81.940087,10.667963,523.500775,523.235508,2764.276636,39.394756,-8.283196,73881.397521,-0.427282,-0.514408,-10.646983,24.135752,0.000000
17.880000,0.167750,81.556093,10.658759,524.637324,524.367504,2767.126060,39.394767,-8.283183,73855.324808,-0.425642,-0.512398,-10.637924,23.940768,0.000000
17.920000,0.170124,81.172890,10.649611,525.773191,525.498681,2769.958464,39.394777,-8.283170,73829.407837,-0.424001,-0.510394,-10.628919,23.747043,0.000000
17.960000,0.172518,80.790479,10.640516,526.908380,526.629041,2772.773862,39.394787,-8.283157,73803.646476,-0.422361,-0.508394,-10.619969,23.554575,0.000000
18.000000,0.174932,80.408866,10.631476,528.042894,527.758588,2775.572267,39.394797,-8.283144,73778.040594,-0.420720,-0.506401,-10.611072,23.363359,0.000000
18.040000,0.177368,80.028054,10.622491,529.176734,528.887324,2778.353695,39.394807,-8.283130,73752.590062,-0.419079,-0.504413,-10.602228,23.173393,0.000000
18.080000,0.179828,79.648045,10.613559,530.309904,530.015254,2781.118159,39.394817,-8.283117,73727.294749,-0.417440,-0.502431,-10.593438,22.984673,0.000000
18.120000,0.182312,79.268846,10.604680,531.442406,531.142379,2783.865674,39.394828,-8.283104,73702.154527,-0.415801,-0.500455,-10.584700,22.797196,0.000000
18.160000,0.184822,78.890458,10.595853,532.574242,532.268704,2786.596253,39.394838,-8.283091,73677.169268,-0.414164,-0.498485,-10.576015,22.610960,0.000000
18.200000,0.187362,78.512887,10.587079,533.705416,533.394231,2789.309910,39.394848,-8.283078,73652.338844,-0.412529,-0.496522,-10.567380,22.425960,0.000000
18.240000,0.189932,78.136136,10.578356,534.835930,534.518964,2792.006660,39.394858,-8.283065,73627.663130,-0.410896,-0.494566,-10.558797,22.242195,0.000000
18.280000,0.192537,77.760210,10.569684,535.965787,535.642906,2794.686516,39.394868,-8.283051,73603.142000,-0.409268,-0.492617,-10.550263,22.059660,0.000000
18.320000,0.195177,77.385114,10.561063,537.094988,536.766059,2797.349491,39.394878,-8.283038,73578.775328,-0.407643,-0.490675,-10.541779,21.878353,0.000000
18.360000,0.197857,77.010852,10.552491,538.223538,537.888427,2799.995599,39.394888,-8.283025,73554.562991,-0.406023,-0.488740,-10.533344,21.698271,0.000000
18.400000,0.200578,76.637428,10.543968,539.351437,539.010013,2802.624854,39.394898,-8.283012,73530.504865,-0.404409,-0.486813,-10.524957,21.519411,0.000000
18.440000,0.203343,76.264848,10.535493,540.478690,540.130821,2805.237269,39.394908,-8.282999,73506.600828,-0.402800,-0.484894,-10.516618,21.341770,0.000000
18.480000,0.206155,75.893116,10.527067,541.605298,541.250852,2807.832858,39.394919,-8.282986,73482.850756,-0.401198,-0.482984,-10.508325,21.165345,0.000000
18.520000,0.209016,75.522238,10.518687,542.731264,542.370111,2810.411633,39.394929,-8.282973,73459.254529,-0.399604,-0.481081,-10.500079,20.990133,0.000000
18.560000,0.211928,75.152219,10.510355,543.856591,543.488600,2812.973608,39.394939,-8.282960,73435.812027,-0.398017,-0.479186,-10.491879,20.816131,0.000000
18.600000,0.214894,74.783063,10.502069,544.981281,544.606322,2815.518796,39.394949,-8.282946,73412.523128,-0.396438,-0.477300,-10.483724,20.643336,0.000000
18.640000,0.217916,74.414777,10.493829,546.105337,545.723281,2818.047210,39.394959,-8.282933,73389.387714,-0.394867,-0.475422,-10.475615,20.471746,0.000000
18.680000,0.220995,74.047365,10.485635,547.228761,546.839479,2820.558863,39.394969,-8.282920,73366.405666,-0.393305,-0.473552,-10.467549,20.301357,0.000000
18.720000,0.224134,73.680835,10.477485,548.351556,547.954919,2823.053768,39.394979,-8.282907,73343.576865,-0.391752,-0.471690,-10.459529,20.132167,0.000000
18.760000,0.227332,73.315191,10.469381,549.473724,549.069605,2825.531937,39.394989,-8.282894,73320.901195,-0.390207,-0.469837,-10.451552,19.964174,0.000000
18.800000,0.230592,72.950440,10.461322,550.595267,550.183538,2827.993385,39.394999,-8.282881,73298.378538,-0.388672,-0.467992,-10.443619,19.797374,0.000000
18.840000,0.233915,72.586587,10.453307,551.716189,551.296724,2830.438122,39.395009,-8.282868,73276.008779,-0.387145,-0.466155,-10.435729,19.631764,0.000000
18.880000,0.237301,72.223639,10.445336,552.836491,552.409163,2832.866162,39.395019,-8.282855,73253.791802,-0.385628,-0.464325,-10.427883,19.467343,0.000000
18.920000,0.240751,71.861603,10.437409,553.956177,553.520859,2835.277518,39.395029,-8.282842,73231.727492,-0.384119,-0.462504,-10.420079,19.304107,0.000000
18.960000,0.244266,71.500485,10.429527,555.075247,554.631815,2837.672201,39.395039,-8.282829,73209.815735,-0.382618,-0.460690,-10.412319,19.142053,0.000000
19.000000,0.247845,71.140291,10.421688,556.193706,555.742034,2840.050225,39.395049,-8.282816,73188.056417,-0.381126,-0.458884,-10.404603,18.981180,0.000000
19.040000,0.251488,70.781030,10.413894,557.311554,556.851519,2842.411601,39.395059,-8.282803,73166.449425,-0.379642,-0.457086,-10.396929,18.821484,0.000000
19.080000,0.255197,70.422706,10.406143,558.428796,557.960273,2844.756343,39.395069,-8.282790,73144.994647,-0.378165,-0.455294,-10.389298,18.662963,0.000000
19.120000,0.258970,70.065329,10.398436,559.545432,559.068298,2847.084461,39.395079,-8.282777,73123.691972,-0.376696,-0.453510,-10.381710,18.505615,0.000000
19.160000,0.262807,69.708905,10.390773,560.661465,560.175597,2849.395969,39.395089,-8.282764,73102.541287,-0.375234,-0.451732,-10.374165,18.349436,0.000000
19.200000,0.266708,69.353441,10.383154,561.776898,561.282174,2851.690878,39.395099,-8.282751,73081.542483,-0.373779,-0.449961,-10.366664,18.194425,0.000000
19.240000,0.270673,68.998946,10.375579,562.891733,562.388031,2853.969200,39.395109,-8.282738,73060.695450,-0.372331,-0.448197,-10.359205,18.040578,0.000000
19.280000,0.274701,68.645427,10.368048,564.005973,563.493171,2856.230948,39.395119,-8.282725,73040.000078,-0.370888,-0.446440,-10.351790,17.887894,0.000000
19.320000,0.278791,68.292893,10.360561,565.119618,564.597596,2858.476132,39.395129,-8.282712,73019.456260,-0.369451,-0.444689,-10.344418,17.736370,0.000000
19.360000,0.282944,67.941351,10.353118,566.232673,565.701310,2860.704766,39.395138,-8.282699,72999.063886,-0.368019,-0.442944,-10.337089,17.586004,0.000000
19.400000,0.287160,67.590810,10.345719,567.345139,566.804315,2862.916860,39.395148,-8.282686,72978.822851,-0.366593,-0.441205,-10.329804,17.436793,0.000000
19.440000,0.291437,67.241279,10.338364,568.457019,567.906614,2865.112427,39.395158,-8.282673,72958.733046,-0.365171,-0.439472,-10.322562,17.288735,0.000000
19.480000,0.295775,66.892766,10.331052,569.568314,569.008210,2867.291478,39.395168,-8.282660,72938.794367,-0.363754,-0.437745,-10.315363,17.141827,0.000000
19.520000,0.300175,66.545280,10.323785,570.679027,570.109106,2869.454023,39.395178,-8.282647,72919.006707,-0.362341,-0.436024,-10.308207,16.996068,0.000000
19.560000,0.304635,66.198830,10.316561,571.789160,571.209304,2871.600076,39.395188,-8.282634,72899.369963,-0.360932,-0.434309,-10.301094,16.851454,0.000000
19.600000,0.309157,65.853427,10.309382,572.898716,572.308807,2873.729647,39.395198,-8.282621,72879.884029,-0.359526,-0.432599,-10.294025,16.707984,0.000000
19.640000,0.313740,65.509078,10.302246,574.007697,573.407618,2875.842748,39.395208,-8.282609,72860.548803,-0.358125,-0.430895,-10.286999,16.565656,0.000000
19.680000,0.318385,65.165795,10.295153,575.116104,574.505740,2877.939389,39.395218,-8.282596,72841.364181,-0.356727,-0.429197,-10.280015,16.424467,0.000000
19.720000,0.323090,64.823587,10.288104,576.223941,575.603175,2880.019583,39.395227,-8.282583,72822.330061,-0.355333,-0.427504,-10.273075,16.284414,0.000000
19.760000,0.327858,64.482464,10.281099,577.331209,576.699925,2882.083339,39.395237,-8.282570,72803.446342,-0.353942,-0.425817,-10.266177,16.145497,0.000000
19.800000,0.332688,64.142437,10.274136,578.437911,577.795995,2884.130670,39.395247,-8.282557,72784.712923,-0.352554,-0.424135,-10.259322,16.007712,0.000000
19.840000,0.337580,63.803516,10.267217,579.544049,578.891386,2886.161585,39.395257,-8.282544,72766.129703,-0.351169,-0.422459,-10.252510,15.871058,0.000000
19.880000,0.342536,63.465712,10.260341,580.649625,579.986101,2888.176097,39.395267,-8.282531,72747.696583,-0.349788,-0.420788,-10.245739,15.735532,0.000000
19.920000,0.347556,63.129036,10.253507,581.754642,581.080142,2890.174215,39.395277,-8.282518,72729.413462,-0.348410,-0.419123,-10.239011,15.601132,0.000000
19.960000,0.352640,62.793500,10.246715,582.859101,582.173514,2892.155951,39.395287,-8.282506,72711.280244,-0.347035,-0.417463,-10.232324,15.467857,0.000000
20.000000,0.357790,62.459115,10.239966,583.963004,583.266217,2894.121315,39.395296,-8.282493,72693.296830,-0.345664,-0.415809,-10.225680,15.335703,0.000000
20.040000,0.363007,62.125892,10.233259,585.066355,584.358255,2896.070319,39.395306,-8.282480,72675.463123,-0.344296,-0.414159,-10.219076,15.204670,0.000000
20.080000,0.368290,61.793845,10.226593,586.169155,585.449630,2898.002971,39.395316,-8.282467,72657.779026,-0.342932,-0.412516,-10.212514,15.074755,0.000000
20.120000,0.373642,61.462984,10.219969,587.271406,586.540345,2899.919284,39.395326,-8.282454,72640.244443,-0.341571,-0.410878,-10.205992,14.945957,0.000000
20.160000,0.379063,61.133323,10.213386,588.373110,587.630403,2901.819267,39.395336,-8.282441,72622.859278,-0.340213,-0.409245,-10.199511,14.818272,0.000000
20.200000,0.384556,60.804875,10.206844,589.474271,588.719806,2903.702931,39.395345,-8.282429,72605.623436,-0.338859,-0.407617,-10.193071,14.691700,0.000000
20.240000,0.390120,60.477651,10.200343,590.574889,589.808557,2905.570286,39.395355,-8.282416,72588.536824,-0.337510,-0.405995,-10.186670,14.566237,0.000000
20.280000,0.395756,60.151667,10.193882,591.674967,590.896658,2907.421342,39.395365,-8.282403,72571.599348,-0.336163,-0.404379,-10.180310,14.441884,0.000000
20.320000,0.401464,59.826935,10.187462,592.774507,591.984112,2909.256110,39.395375,-8.282390,72554.810914,-0.334821,-0.402767,-10.173989,14.318640,0.000000
20.360000,0.407244,59.503466,10.181220,593.873511,593.070922,2911.074599,39.395385,-8.282377,72538.171431,-0.333572,-0.401268,-10.167839,14.200746,0.000000
20.400000,0.413099,59.181267,10.175059,594.971982,594.157089,2912.876820,39.395394,-8.282365,72521.680807,-0.332355,-0.399808,-10.161767,14.085298,0.000000
20.440000,0.419014,58.860352,10.168928,596.069913,595.242618,2914.662761,39.395404,-8.282352,72505.339202,-0.331144,-0.398354,-10.155725,13.970819,0.000000
20.480000,0.425038,58.540739,10.162839,597.167330,596.327508,2916.432494,39.395414,-8.282339,72489.145785,-0.329929,-0.396898,-10.149725,13.857310,0.000000
20.520000,0.431123,58.222440,10.156779,598.264211,597.411764,2918.185968,39.395424,-8.282326,72473.101210,-0.328720,-0.395447,-10.143753,13.744770,0.000000
20.560000,0.437284,57.905471,10.150753,599.360566,598.495387,2919.923211,39.395433,-8.282313,72457.205142,-0.327513,-0.393999,-10.137815,13.633202,0.000000
20.600000,0.443523,57.589848,10.144760,600.456398,599.578379,2921.644233,39.395443,-8.282301,72441.457495,-0.326308,-0.392554,-10.131909,13.522603,0.000000
20.640000,0.449840,57.275587,10.138800,601.551707,600.660744,2923.349045,39.395453,-8.282288,72425.858182,-0.325106,-0.391111,-10.126036,13.412976,0.000000
20.680000,0.456238,56.962705,10.132874,602.646496,601.742482,2925.037655,39.395463,-8.282275,72410.407116,-0.323907,-0.389672,-10.120196,13.304320,0.000000
20.720000,0.462715,56.651218,10.126981,603.740767,602.823598,2926.710073,39.395472,-8.282262,72395.104213,-0.322710,-0.388235,-10.114389,13.196635,0.000000
20.760000,0.469270,56.341143,10.121120,604.834521,603.904092,2928.366307,39.395482,-8.282250,72379.949387,-0.321516,-0.386800,-10.108615,13.089922,0.000000
20.800000,0.475903,56.032498,10.115293,605.927761,604.983967,2930.006368,39.395492,-8.282237,72364.942554,-0.320324,-0.385368,-10.102873,12.984180,0.000000
20.840000,0.482616,55.725299,10.109499,607.020488,606.063225,2931.630264,39.395501,-8.282224,72350.083630,-0.319135,-0.383938,-10.097164,12.879411,0.000000
20.880000,0.489406,55.419566,10.103738,608.112705,607.141870,2933.238005,39.395511,-8.282212,72335.372531,-0.317948,-0.382511,-10.091487,12.775615,0.000000
20.920000,0.496273,55.115316,10.098010,609.204413,608.219902,2934.829599,39.395521,-8.282199,72320.809174,-0.316763,-0.381086,-10.085843,12.672791,0.000000
20.960000,0.503217,54.812568,10.092315,610.295615,609.297324,2936.405056,39.395531,-8.282186,72306.393477,-0.315581,-0.379664,-10.080232,12.570941,0.000000
21.000000,0.510238,54.511341,10.086652,611.386311,610.374139,2937.964385,39.395540,-8.282173,72292.125357,-0.314401,-0.378243,-10.074653,12.470064,0.000000
21.040000,0.517334,54.211654,10.081023,612.476504,611.450349,2939.507594,39.395550,-8.282161,72278.004733,-0.313223,-0.376824,-10.069108,12.370160,0.000000
21.080000,0.524504,53.913526,10.075428,613.566197,612.525956,2941.034693,39.395560,-8.282148,72264.031523,-0.312048,-0.375408,-10.063595,12.271231,0.000000
21.120000,0.531745,53.616978,10.069865,614.655390,613.600962,2942.545690,39.395569,-8.282135,72250.205647,-0.310874,-0.373993,-10.058115,12.173276,0.000000
21.160000,0.539060,53.322031,10.064336,615.744085,614.675370,2944.040594,39.395579,-8.282123,72236.527025,-0.309702,-0.372580,-10.052667,12.076295,0.000000
21.200000,0.546443,53.028703,10.058840,616.832285,615.749182,2945.519413,39.395589,-8.282110,72222.995577,-0.308532,-0.371168,-10.047253,11.980289,0.000000
21.240000,0.553895,52.737018,10.053377,617.919991,616.822400,2946.982157,39.395598,-8.282097,72209.611223,-0.307364,-0.369758,-10.041872,11.885258,0.000000
21.280000,0.561413,52.446995,10.047948,619.007206,617.895026,2948.428834,39.395608,-8.282085,72196.373884,-0.306197,-0.368350,-10.036525,11.791203,0.000000
21.320000,0.568996,52.158657,10.042553,620.093931,618.967063,2949.859453,39.395618,-8.282072,72183.283484,-0.305032,-0.366943,-10.031211,11.698123,0.000000
21.360000,0.576641,51.872026,10.037192,621.180167,620.038513,2951.274021,39.395627,-8.282059,72170.339943,-0.303868,-0.365538,-10.025930,11.606020,0.000000
21.400000,0.584346,51.587124,10.031865,622.265917,621.109378,2952.672549,39.395637,-8.282047,72157.543184,-0.302705,-0.364133,-10.020683,11.514892,0.000000
21.440000,0.592109,51.303974,10.026571,623.351184,622.179660,2954.055043,39.395646,-8.282034,72144.893131,-0.301544,-0.362730,-10.015470,11.424741,0.000000
21.480000,0.599927,51.022600,10.021312,624.435967,623.249362,2955.421512,39.395656,-8.282022,72132.389707,-0.300383,-0.361328,-10.010290,11.335567,0.000000
21.520000,0.607797,50.743024,10.016088,625.520270,624.318486,2956.771965,39.395666,-8.282009,72120.032836,-0.299224,-0.359927,-10.005145,11.247371,0.000000
21.560000,0.615714,50.465272,10.010898,626.604094,625.387034,2958.106409,39.395675,-8.281996,72107.822444,-0.298065,-0.358527,-10.000034,11.160151,0.000000
21.600000,0.623678,50.189366,10.005742,627.687442,626.455008,2959.424854,39.395685,-8.281984,72095.758455,-0.296907,-0.357128,-9.994958,11.073910,0.000000
21.640000,0.631686,49.915333,10.000622,628.770314,627.522411,2960.727306,39.395694,-8.281971,72083.840795,-0.295750,-0.355730,-9.989916,10.988646,0.000000
21.680000,0.639736,49.643197,9.995537,629.852713,628.589245,2962.013775,39.395704,-8.281958,72072.069390,-0.294593,-0.354332,-9.984909,10.904361,0.000000
21.720000,0.647823,49.372983,9.990487,630.934641,629.655511,2963.284268,39.395714,-8.281946,72060.444166,-0.293437,-0.352935,-9.979938,10.821054,0.000000
21.760000,0.655942,49.104717,9.985472,632.016099,630.721214,2964.538793,39.395723,-8.281933,72048.965052,-0.292281,-0.351539,-9.975001,10.738726,0.000000
21.800000,0.664090,48.838427,9.980493,633.097089,631.786353,2965.777358,39.395733,-8.281921,72037.631974,-0.291125,-0.350144,-9.970100,10.657377,0.000000
21.840000,0.672265,48.574137,9.975550,634.177614,632.850933,2966.999970,39.395742,-8.281908,72026.444861,-0.289970,-0.348749,-9.965234,10.577008,0.000000
21.880000,0.680460,48.311876,9.970643,635.257675,633.914954,2968.206639,39.395752,-8.281896,72015.403642,-0.288815,-0.347354,-9.960405,10.497618,0.000000
21.920000,0.688670,48.051671,9.965773,636.337274,634.978420,2969.397370,39.395762,-8.281883,72004.508247,-0.287660,-0.345960,-9.955611,10.419208,0.000000
21.960000,0.696894,47.793549,9.960939,637.416412,636.041332,2970.572173,39.395771,-8.281870,71993.758604,-0.286505,-0.344566,-9.950854,10.341779,0.000000
22.000000,0.705126,47.537538,9.956141,638.495092,637.103693,2971.731055,39.395781,-8.281858,71983.154644,-0.285351,-0.343173,-9.946133,10.265330,0.000000
22.040000,0.713360,47.283669,9.951381,639.573316,638.165504,2972.874022,39.395790,-8.281845,71972.696298,-0.284196,-0.341781,-9.941449,10.189862,0.000000
22.080000,0.721591,47.031968,9.946658,640.651084,639.226769,2974.001083,39.395800,-8.281833,71962.383498,-0.283042,-0.340388,-9.936802,10.115375,0.000000
22.120000,0.729815,46.782465,9.941972,641.728400,640.287489,2975.112246,39.395809,-8.281820,71952.216176,-0.281887,-0.338996,-9.932192,10.041869,0.000000
22.160000,0.738028,46.535191,9.937325,642.805265,641.347667,2976.207516,39.395819,-8.281808,71942.194263,-0.280732,-0.337605,-9.927620,9.969344,0.000000
22.200000,0.746220,46.290175,9.932715,643.881681,642.407305,2977.286903,39.395828,-8.281795,71932.317694,-0.279578,-0.336214,-9.923085,9.897802,0.000000
22.240000,0.754389,46.047447,9.928143,644.957649,643.466405,2978.350413,39.395838,-8.281783,71922.586401,-0.278423,-0.334823,-9.918588,9.827241,0.000000
22.280000,0.762531,45.807038,9.923610,646.033172,644.524969,2979.398053,39.395847,-8.281770,71913.000319,-0.277269,-0.333433,-9.914130,9.757663,0.000000
22.320000,0.770635,45.568980,9.919115,647.108252,645.582999,2980.429830,39.395857,-8.281758,71903.559383,-0.276114,-0.332043,-9.909710,9.689067,0.000000
22.360000,0.778697,45.333304,9.914660,648.182889,646.640499,2981.445752,39.395866,-8.281745,71894.263527,-0.274960,-0.330654,-9.905329,9.621454,0.000000
22.400000,0.786709,45.100040,9.910244,649.257087,647.697469,2982.445825,39.395876,-8.281733,71885.112689,-0.273806,-0.329265,-9.900987,9.554825,0.000000
22.440000,0.794667,44.869223,9.905868,650.330846,648.753912,2983.430057,39.395885,-8.281720,71876.106803,-0.272652,-0.327877,-9.896685,9.489178,0.000000
22.480000,0.802563,44.640883,9.901531,651.404169,649.809831,2984.398454,39.395895,-8.281708,71867.245808,-0.271498,-0.326490,-9.892422,9.424514,0.000000
22.520000,0.810391,44.415054,9.897235,652.477058,650.865227,2985.351023,39.395904,-8.281695,71858.529640,-0.270345,-0.325103,-9.888199,9.360835,0.000000
22.560000,0.818140,44.191768,9.892979,653.549514,651.920104,2986.287771,39.395914,-8.281683,71849.958239,-0.269192,-0.323717,-9.884017,9.298139,0.000000
22.600000,0.825807,43.971059,9.888765,654.621540,652.974462,2987.208704,39.395923,-8.281670,71841.531542,-0.268039,-0.322333,-9.879875,9.236427,0.000000
22.640000,0.833381,43.752960,9.884591,655.693137,654.028304,2988.113830,39.395933,-8.281658,71833.249489,-0.266887,-0.320949,-9.875774,9.175700,0.000000
22.680000,0.840856,43.537506,9.880459,656.764306,655.081633,2989.003154,39.395942,-8.281645,71825.112020,-0.265736,-0.319566,-9.871714,9.115956,0.000000
22.720000,0.848223,43.324729,9.876369,657.835051,656.134451,2989.876684,39.395952,-8.281633,71817.119076,-0.264586,-0.318184,-9.867696,9.057198,0.000000
22.760000,0.855475,43.114665,9.872322,658.905372,657.186760,2990.734426,39.395961,-8.281620,71809.270597,-0.263436,-0.316804,-9.863720,8.999424,0.000000
22.800000,0.862603,42.907348,9.868317,659.975272,658.238562,2991.576385,39.395971,-8.281608,71801.566527,-0.262288,-0.315425,-9.859786,8.942635,0.000000
22.840000,0.869598,42.702812,9.864354,661.044752,659.289859,2992.402569,39.395980,-8.281595,71794.006806,-0.261141,-0.314048,-9.855895,8.886831,0.000000
22.880000,0.876451,42.501092,9.860436,662.113814,660.340653,2993.212983,39.395990,-8.281583,71786.591378,-0.259995,-0.312673,-9.852047,8.832013,0.000000
22.920000,0.883152,42.302224,9.856561,663.182460,661.390948,2994.007634,39.395999,-8.281570,71779.320187,-0.258851,-0.311300,-9.848242,8.778179,0.000000
22.960000,0.889696,42.106243,9.852730,664.250692,662.440744,2994.786528,39.396009,-8.281558,71772.193177,-0.257709,-0.309929,-9.844481,8.725332,0.000000
23.000000,0.896070,41.913183,9.848943,665.318512,663.490044,2995.549671,39.396018,-8.281546,71765.210292,-0.256569,-0.308561,-9.840764,8.673470,0.000000
23.040000,0.902262,41.723080,9.845202,666.385921,664.538851,2996.297068,39.396027,-8.281533,71758.371480,-0.255431,-0.307195,-9.837092,8.622593,0.000000
23.080000,0.908266,41.535969,9.841505,667.452922,665.587166,2997.028726,39.396037,-8.281521,71751.676685,-0.254295,-0.305832,-9.833464,8.572702,0.000000
23.120000,0.914072,41.351886,9.837854,668.519515,666.634992,2997.744651,39.396046,-8.281508,71745.125855,-0.253162,-0.304473,-9.829882,8.523798,0.000000
23.160000,0.919670,41.170867,9.834250,669.585704,667.682330,2998.444848,39.396056,-8.281496,71738.718937,-0.252032,-0.303117,-9.826345,8.475879,0.000000
23.200000,0.925050,40.992946,9.830691,670.651489,668.729184,2999.129322,39.396065,-8.281484,71732.455879,-0.250905,-0.301764,-9.822855,8.428946,0.000000
23.240000,0.930204,40.818160,9.827180,671.716873,669.775555,2999.798080,39.396075,-8.281471,71726.336631,-0.249781,-0.300416,-9.819410,8.382999,0.000000
23.280000,0.935119,40.646544,9.823715,672.781857,670.821445,3000.451127,39.396084,-8.281459,71720.361141,-0.248661,-0.299072,-9.816013,8.338039,0.000000
23.320000,0.939788,40.478132,9.820298,673.846444,671.866857,3001.088468,39.396093,-8.281446,71714.529361,-0.247545,-0.297733,-9.812662,8.294065,0.000000
23.360000,0.944198,40.312961,9.816929,674.910634,672.911792,3001.710110,39.396103,-8.281434,71708.841241,-0.246433,-0.296399,-9.809359,8.251076,0.000000
23.400000,0.948341,40.151065,9.813609,675.974430,673.956253,3002.316056,39.396112,-8.281422,71703.296732,-0.245326,-0.295071,-9.806104,8.209074,0.000000
23.440000,0.952205,39.992479,9.810337,677.037833,675.000242,3002.906312,39.396122,-8.281409,71697.895788,-0.244224,-0.293748,-9.802896,8.168058,0.000000
23.480000,0.955782,39.837237,9.807114,678.100846,676.043761,3003.480883,39.396131,-8.281397,71692.638361,-0.243128,-0.292432,-9.799737,8.128029,0.000000
23.520000,0.959060,39.685375,9.803940,679.163470,677.086812,3004.039776,39.396140,-8.281384,71687.524404,-0.242037,-0.291123,-9.796627,8.088985,0.000000
23.560000,0.962029,39.536926,9.800816,680.225706,678.129397,3004.582993,39.396150,-8.281372,71682.553873,-0.240952,-0.289821,-9.793566,8.050927,0.000000
23.600000,0.964681,39.391924,9.797742,681.287557,679.171519,3005.110541,39.396159,-8.281360,71677.726722,-0.239874,-0.288527,-9.790555,8.013856,0.000000
23.640000,0.967005,39.250403,9.794718,682.349024,680.213179,3005.622424,39.396168,-8.281347,71673.042908,-0.238802,-0.287241,-9.787593,7.977770,0.000000
23.680000,0.968991,39.112395,9.791745,683.410109,681.254379,3006.118646,39.396178,-8.281335,71668.502387,-0.237739,-0.285964,-9.784681,7.942670,0.000000
23.720000,0.970630,38.977934,9.788823,684.470814,682.295122,3006.599213,39.396187,-8.281323,71664.105116,-0.236683,-0.284696,-9.781819,7.908556,0.000000
23.760000,0.971912,38.847050,9.785951,685.531140,683.335409,3007.064130,39.396196,-8.281310,71659.851054,-0.235635,-0.283438,-9.779007,7.875428,0.000000
23.800000,0.972830,38.719777,9.783131,686.591089,684.375243,3007.513400,39.396206,-8.281298,71655.740159,-0.234596,-0.282190,-9.776246,7.843285,0.000000
23.840000,0.973373,38.596146,9.780363,687.650662,685.414625,3007.947027,39.396215,-8.281286,71651.772391,-0.233567,-0.280954,-9.773536,7.812127,0.000000
23.880000,0.973533,38.476186,9.777646,688.709862,686.453557,3008.365018,39.396225,-8.281273,71647.947710,-0.232547,-0.279730,-9.770877,7.781954,0.000000
23.920000,0.973303,38.359928,9.774980,689.768690,687.492043,3008.767374,39.396234,-8.281261,71644.266078,-0.231538,-0.278517,-9.768268,7.752767,0.000000
23.960000,0.972674,38.247401,9.772367,690.827147,688.530082,3009.154102,39.396243,-8.281249,71640.727456,-0.230539,-0.277318,-9.765710,7.724564,0.000000
24.000000,0.971639,38.138633,9.769805,691.885236,689.567678,3009.525204,39.396253,-8.281236,71637.331806,-0.229553,-0.276133,-9.763204,7.697345,0.000000
24.040000,0.970191,38.033654,9.767295,692.942957,690.604832,3009.880686,39.396262,-8.281224,71634.079093,-0.228578,-0.274962,-9.760748,7.671111,0.000000
24.080000,0.968324,37.932489,9.764837,694.000312,691.641546,3010.220550,39.396271,-8.281212,71630.969280,-0.227616,-0.273806,-9.758344,7.645860,0.000000
24.120000,0.966032,37.835165,9.762431,695.057304,692.677822,3010.544800,39.396281,-8.281199,71628.002331,-0.226667,-0.272667,-9.755990,7.621594,0.000000
24.160000,0.963308,37.741707,9.760077,696.113932,693.713662,3010.853442,39.396290,-8.281187,71625.178213,-0.225733,-0.271544,-9.753687,7.598310,0.000000
24.200000,0.960148,37.652141,9.757774,697.170200,694.749067,3011.146477,39.396299,-8.281175,71622.496891,-0.224812,-0.270438,-9.751434,7.576010,0.000000
24.240000,0.956549,37.566489,9.755522,698.226108,695.784039,3011.423910,39.396308,-8.281163,71619.958333,-0.223907,-0.269350,-9.749232,7.554693,0.000000
24.280000,0.952505,37.484775,9.753321,699.281657,696.818581,3011.685744,39.396318,-8.281150,71617.562507,-0.223018,-0.268282,-9.747080,7.534357,0.000000
24.320000,0.948014,37.407020,9.751171,700.336850,697.852693,3011.931983,39.396327,-8.281138,71615.309380,-0.222145,-0.267233,-9.744977,7.515004,0.000000
24.360000,0.943074,37.333245,9.749071,701.391687,698.886378,3012.162629,39.396336,-8.281126,71613.198923,-0.221290,-0.266205,-9.742924,7.496633,0.000000
24.400000,0.937683,37.263469,9.747021,702.446170,699.919636,3012.377688,39.396346,-8.281113,71611.231105,-0.220452,-0.265198,-9.740919,7.479242,0.000000
24.440000,0.931840,37.197711,9.745021,703.500300,700.952471,3012.577160,39.396355,-8.281101,71609.405896,-0.219633,-0.264214,-9.738962,7.462832,0.000000
24.480000,0.925545,37.135989,9.743069,704.554079,701.984883,3012.761051,39.396364,-8.281089,71607.723269,-0.218833,-0.263252,-9.737053,7.447403,0.000000
24.520000,0.918798,37.078318,9.741165,705.607508,703.016873,3012.929362,39.396374,-8.281077,71606.183195,-0.218053,-0.262315,-9.735191,7.432953,0.000000
24.560000,0.911601,37.024714,9.739309,706.660588,704.048444,3013.082096,39.396383,-8.281064,71604.785646,-0.217293,-0.261402,-9.733375,7.419482,0.000000
24.600000,0.903957,36.975190,9.737499,707.713321,705.079596,3013.219258,39.396392,-8.281052,71603.530597,-0.216555,-0.260514,-9.731604,7.406990,0.000000
24.640000,0.895869,36.929760,9.735735,708.765706,706.110332,3013.340848,39.396401,-8.281040,71602.418021,-0.215838,-0.259653,-9.729878,7.395476,0.000000
24.680000,0.887341,36.888434,9.734015,709.817747,707.140652,3013.446871,39.396411,-8.281028,71601.447894,-0.215144,-0.258819,-9.728195,7.384939,0.000000
24.720000,0.878377,36.851223,9.732340,710.869443,708.170559,3013.537329,39.396420,-8.281015,71600.620189,-0.214473,-0.258013,-9.726555,7.375380,0.000000
24.760000,0.868985,36.818135,9.730706,711.920796,709.200052,3013.612224,39.396429,-8.281003,71599.934885,-0.213826,-0.257235,-9.724955,7.366796,0.000000
24.800000,0.859171,36.789178,9.729115,712.971807,710.229134,3013.671560,39.396438,-8.280991,71599.391956,-0.213204,-0.256487,-9.723396,7.359189,0.000000
24.840000,0.848943,36.764358,9.727563,714.022477,711.257805,3013.715338,39.396448,-8.280979,71598.991380,-0.212606,-0.255770,-9.721875,7.352556,0.000000
24.880000,0.838312,36.743680,9.726050,715.072807,712.286067,3013.743561,39.396457,-8.280966,71598.733135,-0.212034,-0.255083,-9.720392,7.346897,0.000000
24.920000,0.827285,36.727147,9.724574,716.122797,713.313921,3013.756231,39.396466,-8.280954,71598.617201,-0.211489,-0.254428,-9.718945,7.342212,0.000000
24.960000,0.824213,36.714763,9.723138,717.172430,714.341345,3013.752457,39.396475,-8.280942,71598.651734,-0.210970,-0.253805,-9.717535,7.338501,0.000000
25.000000,0.812505,36.706525,9.721731,718.221744,715.368386,3013.734042,39.396485,-8.280930,71598.820236,-0.210479,-0.253215,-9.716154,7.335760,0.000000
25.040000,0.800562,36.702435,9.720357,719.270722,716.395022,3013.700068,39.396494,-8.280918,71599.131102,-0.210015,-0.252658,-9.714803,7.333991,0.000000
25.080000,0.788284,36.702489,9.719014,720.319364,717.421253,3013.650550,39.396503,-8.280905,71599.584195,-0.209580,-0.252136,-9.713482,7.333192,0.000000
25.120000,0.775686,36.706685,9.717699,721.367670,718.447081,3013.585491,39.396512,-8.280893,71600.179496,-0.209174,-0.251649,-9.712188,7.333362,0.000000
25.160000,0.762783,36.715019,9.716411,722.415642,719.472507,3013.504893,39.396522,-8.280881,71600.916987,-0.208797,-0.251196,-9.710919,7.334501,0.000000
25.200000,0.749593,36.727482,9.715148,723.463280,720.497530,3013.408757,39.396531,-8.280869,71601.796648,-0.208449,-0.250779,-9.709674,7.336607,0.000000
25.240000,0.736135,36.744069,9.713907,724.510584,721.522152,3013.297085,39.396540,-8.280857,71602.818461,-0.208131,-0.250399,-9.708449,7.339680,0.000000
25.280000,0.722426,36.764770,9.712687,725.557555,722.546374,3013.169880,39.396549,-8.280844,71603.982408,-0.207844,-0.250054,-9.707243,7.343719,0.000000
25.320000,0.708488,36.789574,9.711484,726.604193,723.570195,3013.027144,39.396558,-8.280832,71605.288473,-0.207587,-0.249747,-9.706053,7.348722,0.000000
25.360000,0.694341,36.818471,9.710297,727.650500,724.593617,3012.868877,39.396568,-8.280820,71606.736636,-0.207360,-0.249476,-9.704877,7.354689,0.000000
25.400000,0.680007,36.851447,9.709123,728.696474,725.616640,3012.695083,39.396577,-8.280808,71608.326881,-0.207165,-0.249242,-9.703713,7.361618,0.000000
25.440000,0.665508,36.888488,9.707960,729.742117,726.639264,3012.505763,39.396586,-8.280796,71610.059192,-0.207000,-0.249046,-9.702557,7.369509,0.000000
25.480000,0.650867,36.929578,9.706805,730.787429,727.661490,3012.300919,39.396595,-8.280783,71611.933550,-0.206866,-0.248887,-9.701408,7.378360,0.000000
25.520000,0.636108,36.974700,9.705655,731.832410,728.683317,3012.080553,39.396604,-8.280771,71613.949940,-0.206763,-0.248765,-9.700263,7.388170,0.000000
25.560000,0.621256,37.023837,9.704508,732.877060,729.704746,3011.844666,39.396614,-8.280759,71616.108344,-0.206691,-0.248680,-9.699119,7.398939,0.000000
25.600000,0.606335,37.076968,9.703361,733.921380,730.725777,3011.593260,39.396623,-8.280747,71618.408746,-0.206650,-0.248633,-9.697973,7.410664,0.000000
25.640000,0.591372,37.134075,9.702210,734.965368,731.746411,3011.326338,39.396632,-8.280735,71620.851129,-0.206639,-0.248622,-9.696823,7.423345,0.000000
25.680000,0.576391,37.195134,9.701054,736.009027,732.766646,3011.043901,39.396641,-8.280723,71623.435476,-0.206659,-0.248648,-9.695665,7.436980,0.000000
25.720000,0.561420,37.260124,9.699890,737.052354,733.786484,3010.745951,39.396650,-8.280711,71626.161770,-0.206709,-0.248710,-9.694497,7.451568,0.000000
25.760000,0.546484,37.329019,9.698713,738.095351,734.805924,3010.432490,39.396659,-8.280698,71629.029994,-0.206788,-0.248808,-9.693316,7.467107,0.000000
25.800000,0.531612,37.401796,9.697522,739.138017,735.824966,3010.103519,39.396669,-8.280686,71632.040131,-0.206897,-0.248941,-9.692118,7.483597,0.000000
25.840000,0.516828,37.478429,9.696314,740.180352,736.843610,3009.759041,39.396678,-8.280674,71635.192163,-0.207035,-0.249109,-9.690902,7.501036,0.000000
25.880000,0.502162,37.558889,9.695085,741.222355,737.861854,3009.399057,39.396687,-8.280662,71638.486072,-0.207201,-0.249312,-9.689664,7.519423,0.000000
25.920000,0.487638,37.643150,9.693833,742.264027,738.879700,3009.023570,39.396696,-8.280650,71641.921841,-0.207395,-0.249547,-9.688400,7.538756,0.000000
25.960000,0.473284,37.731182,9.692554,743.305367,739.897147,3008.632582,39.396705,-8.280638,71645.499450,-0.207616,-0.249815,-9.687109,7.559033,0.000000
26.000000,0.459127,37.822956,9.691246,744.346375,740.914194,3008.226094,39.396714,-8.280626,71649.218882,-0.207863,-0.250115,-9.685787,7.580253,0.000000
26.040000,0.445191,37.918440,9.689905,745.387051,741.930841,3007.804109,39.396724,-8.280614,71653.080115,-0.208136,-0.250445,-9.684432,7.602415,0.000000
26.080000,0.431504,38.017604,9.688530,746.427393,742.947087,3007.366629,39.396733,-8.280601,71657.083132,-0.208433,-0.250806,-9.683040,7.625517,0.000000
26.120000,0.418089,38.120416,9.687117,747.467402,743.962932,3006.913656,39.396742,-8.280589,71661.227911,-0.208755,-0.251195,-9.681609,7.649557,0.000000
26.160000,0.404970,38.226841,9.685663,748.507077,744.978375,3006.445193,39.396751,-8.280577,71665.514431,-0.209099,-0.251612,-9.680136,7.674534,0.000000
26.200000,0.392171,38.336846,9.684165,749.546417,745.993415,3005.961241,39.396760,-8.280565,71669.942670,-0.209466,-0.252056,-9.678618,7.700446,0.000000
26.240000,0.379714,38.450398,9.682622,750.585423,747.008052,3005.461804,39.396769,-8.280553,71674.512608,-0.209854,-0.252525,-9.677053,7.727292,0.000000
26.280000,0.367620,38.567461,9.681029,751.624092,748.022285,3004.946883,39.396778,-8.280541,71679.224220,-0.210261,-0.253018,-9.675438,7.755069,0.000000
26.320000,0.355909,38.687999,9.679386,752.662425,749.036114,3004.416481,39.396787,-8.280529,71684.077482,-0.210688,-0.253534,-9.673771,7.783776,0.000000
26.360000,0.344599,38.811976,9.677690,753.700421,750.049536,3003.870602,39.396797,-8.280517,71689.072372,-0.211133,-0.254071,-9.672050,7.813412,0.000000
26.400000,0.333706,38.939356,9.675938,754.738079,751.062552,3003.309247,39.396806,-8.280505,71694.208863,-0.211594,-0.254628,-9.670272,7.843973,0.000000
26.440000,0.369198,38.918412,21.712250,755.774892,752.074552,3002.732642,39.396815,-8.280493,71699.484900,-14.619892,-17.582876,1.410102,-253.819302,0.000000
26.480000,0.640260,38.182026,19.706637,756.798245,753.070363,3002.150833,39.396824,-8.280481,71704.808550,-12.598983,-15.152488,0.085162,-221.322982,0.000000
26.520000,0.923136,37.469782,19.070767,757.801509,754.042014,3001.569159,39.396832,-8.280469,71710.130957,-12.192716,-14.663958,-0.012578,-217.893291,0.000000
26.560000,1.212043,36.784254,18.466225,758.785263,754.990200,3000.987467,39.396841,-8.280458,71715.453542,-11.805981,-14.198914,-0.105580,-214.633242,0.000000
26.600000,1.505773,36.124241,17.891345,759.750124,755.915665,3000.405606,39.396849,-8.280446,71720.777667,-11.437923,-13.756329,-0.193835,-211.539414,0.000000
26.640000,1.803850,35.488615,17.344265,760.696683,756.819116,2999.823436,39.396857,-8.280435,71726.104625,-11.087369,-13.334793,-0.277634,-208.601673,0.000000
26.680000,2.106028,34.876323,16.823268,761.625499,757.701230,2999.240822,39.396865,-8.280424,71731.435642,-10.753237,-12.933004,-0.357243,-205.810666,0.000000
26.720000,2.412153,34.286374,16.326766,762.537109,758.562648,2998.657636,39.396873,-8.280414,71736.771884,-10.434528,-12.549761,-0.432910,-203.157762,0.000000
26.760000,2.722112,33.717839,15.853292,763.432021,759.403984,2998.073759,39.396881,-8.280403,71742.114459,-10.130316,-12.183951,-0.504862,-200.634976,0.000000
26.800000,3.035811,33.169844,15.401484,764.310722,760.225824,2997.489075,39.396888,-8.280393,71747.464422,-9.839745,-11.834544,-0.573309,-198.234922,0.000000
26.840000,3.353168,32.641566,14.970080,765.173679,761.028726,2996.903473,39.396895,-8.280383,71752.822774,-9.562019,-11.500585,-0.638449,-195.950751,0.000000
26.880000,3.674107,32.132229,14.557907,766.021335,761.813226,2996.316850,39.396902,-8.280373,71758.190469,-9.296403,-11.181186,-0.700461,-193.776113,0.000000
26.920000,3.998555,31.641103,14.163877,766.854114,762.579834,2995.729108,39.396909,-8.280364,71763.568416,-9.042209,-10.875523,-0.759515,-191.705108,0.000000
26.960000,4.326439,31.167497,13.786975,767.672425,763.329039,2995.140150,39.396916,-8.280354,71768.957479,-8.798801,-10.582830,-0.815767,-189.732252,0.000000
27.000000,4.657689,30.710757,13.426255,768.476657,764.061310,2994.549887,39.396923,-8.280345,71774.358481,-8.565584,-10.302393,-0.869363,-187.852440,0.000000
27.040000,4.992233,30.270268,13.080837,769.267182,764.777096,2993.958234,39.396929,-8.280336,71779.772208,-8.342005,-10.033545,-0.920438,-186.060918,0.000000
27.080000,5.329999,29.845443,12.749896,770.044359,765.476826,2993.365108,39.396935,-8.280326,71785.199408,-8.127548,-9.775666,-0.969119,-184.353252,0.000000
27.120000,5.670916,29.435729,12.432665,770.808530,766.160914,2992.770432,39.396941,-8.280318,71790.640793,-7.921728,-9.528174,-1.015525,-182.725303,0.000000
27.160000,6.014910,29.040599,12.128424,771.560026,766.829756,2992.174132,39.396947,-8.280309,71796.097043,-7.724096,-9.290528,-1.059765,-181.173203,0.000000
27.200000,6.361907,28.659555,11.836499,772.299162,767.483732,2991.576136,39.396953,-8.280300,71801.568805,-7.534229,-9.062219,-1.101944,-179.693337,0.000000
27.240000,6.711833,28.292119,11.556257,773.026242,768.123207,2990.976377,39.396959,-8.280292,71807.056699,-7.351731,-8.842772,-1.142157,-178.282321,0.000000
27.280000,7.064611,27.937841,11.287108,773.741559,768.748532,2990.374791,39.396965,-8.280283,71812.561311,-7.176232,-8.631740,-1.180495,-176.936982,0.000000
27.320000,7.420164,27.596289,11.028495,774.445393,769.360046,2989.771317,39.396970,-8.280275,71818.083204,-7.007383,-8.428707,-1.217044,-175.654349,0.000000
27.360000,7.778416,27.267053,10.779896,775.138014,769.958072,2989.165896,39.396976,-8.280267,71823.622912,-6.844858,-8.233278,-1.251882,-174.431631,0.000000
27.400000,8.139287,26.949739,10.540818,775.819683,770.542924,2988.558471,39.396981,-8.280259,71829.180947,-6.688350,-8.045084,-1.285085,-173.266207,0.000000
27.440000,8.502697,26.643972,10.310799,776.490649,771.114904,2987.948991,39.396986,-8.280251,71834.757793,-6.537570,-7.863778,-1.316723,-172.155613,0.000000
27.480000,8.868566,26.349395,10.089404,777.151155,771.674300,2987.337404,39.396991,-8.280244,71840.353915,-6.392246,-7.689033,-1.346862,-171.097533,0.000000
27.520000,9.236812,26.065662,9.876222,777.801432,772.221393,2986.723663,39.396996,-8.280236,71845.969754,-6.252122,-7.520542,-1.375564,-170.089783,0.000000
27.560000,9.607353,25.792446,9.670865,778.441705,772.756453,2986.107720,39.397001,-8.280229,71851.605729,-6.116956,-7.358014,-1.402889,-169.130306,0.000000
27.600000,9.980106,25.529429,9.472967,779.072191,773.279738,2985.489534,39.397005,-8.280221,71857.262242,-5.986522,-7.201175,-1.428891,-168.217163,0.000000
27.640000,10.354987,25.276308,9.282183,779.693097,773.791502,2984.869061,39.397010,-8.280214,71862.939672,-5.860604,-7.049767,-1.453623,-167.348523,0.000000
27.680000,10.731910,25.032792,9.098186,780.304626,774.291985,2984.246263,39.397015,-8.280207,71868.638382,-5.738999,-6.903546,-1.477135,-166.522656,0.000000
27.720000,11.110791,24.798599,8.920666,780.906972,774.781421,2983.621101,39.397019,-8.280200,71874.358717,-5.621515,-6.762281,-1.499472,-165.737926,0.000000
27.760000,11.491545,24.573459,8.749332,781.500323,775.260037,2982.993540,39.397023,-8.280193,71880.101003,-5.507971,-6.625753,-1.520680,-164.992787,0.000000
27.800000,11.874084,24.357110,8.583905,782.084861,775.728052,2982.363547,39.397028,-8.280186,71885.865550,-5.398194,-6.493756,-1.540799,-164.285772,0.000000
27.840000,12.258321,24.149302,8.424124,782.660761,776.185676,2981.731088,39.397032,-8.280180,71891.652654,-5.292023,-6.366094,-1.559870,-163.615493,0.000000
27.880000,12.644170,23.949791,8.269738,783.228194,776.633113,2981.096133,39.397036,-8.280173,71897.462594,-5.189302,-6.242583,-1.577931,-162.980634,0.000000
27.920000,13.031542,23.758342,8.120511,783.787323,777.070562,2980.458655,39.397040,-8.280166,71903.295634,-5.089886,-6.123045,-1.595017,-162.379942,0.000000
27.960000,13.420351,23.574728,7.976219,784.338308,777.498214,2979.818624,39.397043,-8.280160,71909.152024,-4.993636,-6.007315,-1.611161,-161.812231,0.000000
28.000000,13.810507,23.398727,7.836649,784.881303,777.916253,2979.176015,39.397047,-8.280154,71915.032001,-4.900420,-5.895233,-1.626397,-161.276371,0.000000
28.040000,14.201922,23.230127,7.701596,785.416456,778.324860,2978.530804,39.397051,-8.280148,71920.935788,-4.810114,-5.786650,-1.640754,-160.771286,0.000000
28.080000,14.594509,23.068721,7.570870,785.943913,778.724207,2977.882968,39.397054,-8.280141,71926.863595,-4.722597,-5.681422,-1.654263,-160.295953,0.000000
28.120000,14.988178,22.914307,7.444286,786.463814,779.114464,2977.232486,39.397058,-8.280135,71932.815620,-4.637758,-5.579414,-1.666951,-159.849397,0.000000
28.160000,15.382841,22.766691,7.321669,786.976294,779.495793,2976.579336,39.397061,-8.280129,71938.792048,-4.555488,-5.480496,-1.678844,-159.430686,0.000000
28.200000,15.778411,22.625682,7.202853,787.481484,779.868353,2975.923501,39.397065,-8.280123,71944.793054,-4.475686,-5.384546,-1.689968,-159.038931,0.000000
28.240000,16.174799,22.491096,7.087679,787.979514,780.232298,2975.264961,39.397068,-8.280118,71950.818801,-4.398253,-5.291445,-1.700347,-158.673284,0.000000
28.280000,16.571917,22.362754,6.975998,788.470505,780.587775,2974.603702,39.397071,-8.280112,71956.869440,-4.323098,-5.201082,-1.710005,-158.332930,0.000000
28.320000,16.969678,22.240481,6.867663,788.954580,780.934931,2973.939706,39.397074,-8.280106,71962.945114,-4.250130,-5.113351,-1.718964,-158.017094,0.000000
28.360000,17.367995,22.124107,6.762539,789.431854,781.273905,2973.272960,39.397077,-8.280101,71969.045953,-4.179267,-5.028150,-1.727244,-157.725029,0.000000
28.400000,17.766782,22.013465,6.660493,789.902441,781.604834,2972.603450,39.397080,-8.280095,71975.172078,-4.110426,-4.945382,-1.734867,-157.456021,0.000000
28.440000,18.165952,21.908395,6.561401,790.366451,781.927849,2971.931165,39.397083,-8.280090,71981.323602,-4.043532,-4.864955,-1.741852,-157.209385,0.000000
28.480000,18.565420,21.808737,6.465143,790.823991,782.243081,2971.256093,39.397086,-8.280085,71987.500625,-3.978511,-4.786780,-1.748217,-156.984462,0.000000
28.520000,18.965102,21.714340,6.371606,791.275165,782.550653,2970.578223,39.397089,-8.280079,71993.703243,-3.915293,-4.710773,-1.753981,-156.780618,0.000000
28.560000,19.364912,21.625051,6.280678,791.720075,782.850688,2969.897548,39.397092,-8.280074,71999.931539,-3.853810,-4.636854,-1.759162,-156.597245,0.000000
28.600000,19.764769,21.540725,6.192258,792.158818,783.143303,2969.214058,39.397094,-8.280069,72006.185588,-3.793999,-4.564945,-1.763776,-156.433756,0.000000
28.640000,20.164590,21.461219,6.106244,792.591491,783.428615,2968.527746,39.397097,-8.280064,72012.465459,-3.735798,-4.494972,-1.767838,-156.289585,0.000000
28.680000,20.564293,21.386393,6.022542,793.018186,783.706734,2967.838605,39.397099,-8.280059,72018.771211,-3.679149,-4.426866,-1.771366,-156.164186,0.000000
28.720000,20.963798,21.316110,5.941060,793.438994,783.977770,2967.146631,39.397102,-8.280054,72025.102896,-3.623995,-4.360557,-1.774373,-156.057033,0.000000
28.760000,21.363025,21.250237,5.861711,793.854004,784.241829,2966.451817,39.397104,-8.280049,72031.460557,-3.570282,-4.295982,-1.776874,-155.967616,0.000000
28.800000,21.761896,21.188644,5.784412,794.263301,784.499014,2965.754160,39.397106,-8.280045,72037.844231,-3.517959,-4.233079,-1.778884,-155.895444,0.000000
28.840000,22.160333,21.131203,5.709082,794.666969,784.749426,2965.053658,39.397109,-8.280040,72044.253949,-3.466977,-4.171787,-1.780416,-155.840040,0.000000
28.880000,22.558261,21.077790,5.635646,795.065090,784.993163,2964.350307,39.397111,-8.280035,72050.689731,-3.417288,-4.112051,-1.781483,-155.800941,0.000000
28.920000,22.955605,21.028284,5.564029,795.457743,785.230320,2963.644105,39.397113,-8.280031,72057.151595,-3.368846,-4.053816,-1.782098,-155.777702,0.000000
28.960000,23.352291,20.982566,5.494163,795.845006,785.460991,2962.935052,39.397115,-8.280026,72063.639548,-3.321609,-3.997029,-1.782273,-155.769886,0.000000
29.000000,23.748246,20.940520,5.425979,796.226954,785.685267,2962.223148,39.397117,-8.280022,72070.153594,-3.275534,-3.941640,-1.782021,-155.777074,0.000000
29.040000,24.143401,20.902033,5.359413,796.603661,785.903235,2961.508392,39.397119,-8.280017,72076.693728,-3.230581,-3.887600,-1.781353,-155.798854,0.000000
29.080000,24.537684,20.866993,5.294404,796.975199,786.114984,2960.790786,39.397121,-8.280013,72083.259941,-3.186712,-3.834864,-1.780281,-155.834829,0.000000
29.120000,24.931028,20.835293,5.230893,797.341638,786.320596,2960.070332,39.397123,-8.280009,72089.852218,-3.143890,-3.783387,-1.778815,-155.884611,0.000000
29.160000,25.323367,20.806827,5.168823,797.703046,786.520155,2959.347032,39.397125,-8.280004,72096.470537,-3.102079,-3.733126,-1.776966,-155.947823,0.000000
29.200000,25.714634,20.781492,5.108140,798.059491,786.713741,2958.620889,39.397126,-8.280000,72103.114870,-3.061245,-3.684040,-1.774746,-156.024095,0.000000
29.240000,26.104767,20.759188,5.048792,798.411038,786.901432,2957.891906,39.397128,-8.279996,72109.785186,-3.021356,-3.636090,-1.772163,-156.113071,0.000000
29.280000,26.493703,20.739815,4.990729,798.757751,787.083306,2957.160088,39.397130,-8.279992,72116.481446,-2.982379,-3.589237,-1.769229,-156.214399,0.000000
29.320000,26.881381,20.723277,4.933904,799.099692,787.259436,2956.425439,39.397131,-8.279988,72123.203608,-2.944284,-3.543446,-1.765952,-156.327739,0.000000
29.360000,27.267743,20.709482,4.878270,799.436922,787.429897,2955.687964,39.397133,-8.279984,72129.951624,-2.907043,-3.498681,-1.762343,-156.452755,0.000000
29.400000,27.652730,20.698337,4.823785,799.769500,787.594759,2954.947670,39.397134,-8.279980,72136.725440,-2.870627,-3.454908,-1.758411,-156.589123,0.000000
29.440000,28.036288,20.689754,4.770405,800.097486,787.754094,2954.204562,39.397136,-8.279977,72143.524999,-2.835009,-3.412096,-1.754165,-156.736522,0.000000
29.480000,28.418361,20.683644,4.718091,800.420935,787.907969,2953.458648,39.397137,-8.279973,72150.350240,-2.800163,-3.370212,-1.749613,-156.894641,0.000000
29.520000,28.798897,20.679924,4.666805,800.739904,788.056452,2952.709935,39.397138,-8.279969,72157.201095,-2.766064,-3.329227,-1.744765,-157.063175,0.000000
29.560000,29.177845,20.678510,4.616508,801.054447,788.199608,2951.958430,39.397140,-8.279965,72164.077493,-2.732689,-3.289111,-1.739629,-157.241823,0.000000
29.600000,29.555156,20.679322,4.567166,801.364618,788.337501,2951.204141,39.397141,-8.279962,72170.979360,-2.700013,-3.249837,-1.734213,-157.430294,0.000000
29.640000,29.930782,20.682280,4.518745,801.670469,788.470195,2950.447078,39.397142,-8.279958,72177.906616,-2.668015,-3.211378,-1.728526,-157.628299,0.000000
29.680000,30.304676,20.687309,4.471212,801.972050,788.597750,2949.687249,39.397143,-8.279955,72184.859177,-2.636673,-3.173708,-1.722576,-157.835558,0.000000
29.720000,30.676795,20.694332,4.424535,802.269413,788.720227,2948.924664,39.397144,-8.279951,72191.836958,-2.605966,-3.136802,-1.716370,-158.051793,0.000000
29.760000,31.047095,20.703278,4.378686,802.562607,788.837685,2948.159333,39.397145,-8.279948,72198.839866,-2.575874,-3.100636,-1.709917,-158.276733,0.000000
29.800000,31.415536,20.714076,4.333635,802.851678,788.950182,2947.391266,39.397146,-8.279945,72205.867807,-2.546379,-3.065188,-1.703223,-158.510114,0.000000
29.840000,31.782077,20.726656,4.289354,803.136676,789.057774,2946.620474,39.397147,-8.279941,72212.920684,-2.517460,-3.030433,-1.696297,-158.751673,0.000000
29.880000,32.146681,20.740950,4.245818,803.417645,789.160518,2945.846968,39.397148,-8.279938,72219.998395,-2.489102,-2.996352,-1.689146,-159.001155,0.000000
29.920000,32.509312,20.756895,4.203001,803.694632,789.258467,2945.070760,39.397149,-8.279935,72227.100835,-2.461286,-2.962923,-1.681776,-159.258307,0.000000
29.960000,32.869934,20.774425,4.160879,803.967681,789.351676,2944.291860,39.397150,-8.279932,72234.227896,-2.433996,-2.930127,-1.674196,-159.522883,0.000000
30.000000,33.228514,20.793478,4.119428,804.236835,789.440197,2943.510282,39.397151,-8.279928,72241.379468,-2.407215,-2.897944,-1.666411,-159.794639,0.000000
30.040000,33.585021,20.813995,4.078627,804.502138,789.524080,2942.726037,39.397152,-8.279925,72248.555436,-2.380929,-2.866355,-1.658429,-160.073337,0.000000
30.080000,33.939424,20.835917,4.038454,804.763631,789.603378,2941.939140,39.397152,-8.279922,72255.755684,-2.355122,-2.835343,-1.650256,-160.358742,0.000000
30.120000,34.291696,20.859186,3.998889,805.021356,789.678138,2941.149601,39.397153,-8.279919,72262.980092,-2.329780,-2.804890,-1.641899,-160.650623,0.000000
30.160000,34.641808,20.883747,3.959912,805.275353,789.748411,2940.357436,39.397154,-8.279916,72270.228538,-2.304889,-2.774979,-1.633365,-160.948755,0.000000
30.200000,34.989736,20.909546,3.921505,805.525663,789.814244,2939.562658,39.397154,-8.279913,72277.500896,-2.280436,-2.745595,-1.624660,-161.252913,0.000000
30.240000,35.335454,20.936531,3.883649,805.772323,789.875684,2938.765279,39.397155,-8.279911,72284.797039,-2.256407,-2.716722,-1.615789,-161.562881,0.000000
30.280000,35.678941,20.964650,3.846327,806.015374,789.932777,2937.965316,39.397155,-8.279908,72292.116838,-2.232791,-2.688345,-1.606760,-161.878441,0.000000
30.320000,36.020175,20.993855,3.809523,806.254851,789.985569,2937.162782,39.397156,-8.279905,72299.460160,-2.209575,-2.660449,-1.597578,-162.199382,0.000000
30.360000,36.359136,21.024096,3.773222,806.490794,790.034103,2936.357692,39.397156,-8.279902,72306.826871,-2.186748,-2.633021,-1.588249,-162.525497,0.000000
30.400000,36.695805,21.055328,3.737407,806.723237,790.078425,2935.550061,39.397157,-8.279899,72314.216834,-2.164298,-2.606047,-1.578779,-162.856582,0.000000
30.440000,37.030165,21.087504,3.702065,806.952218,790.118578,2934.739903,39.397157,-8.279897,72321.629911,-2.142215,-2.579513,-1.569174,-163.192434,0.000000
30.480000,37.362201,21.120582,3.667181,807.177771,790.154602,2933.927235,39.397157,-8.279894,72329.065961,-2.120488,-2.553409,-1.559439,-163.532857,0.000000
30.520000,37.691897,21.154518,3.632743,807.399931,790.186542,2933.112072,39.397158,-8.279892,72336.524841,-2.099107,-2.527720,-1.549581,-163.877656,0.000000
30.560000,38.019240,21.189271,3.598737,807.618732,790.214437,2932.294429,39.397158,-8.279889,72344.006407,-2.078063,-2.502436,-1.539603,-164.226640,0.000000
30.600000,38.344218,21.224800,3.565152,807.834209,790.238328,2931.474324,39.397158,-8.279887,72351.510513,-2.057345,-2.477545,-1.529512,-164.579623,0.000000
30.640000,38.666820,21.261066,3.531976,808.046394,790.258255,2930.651771,39.397158,-8.279884,72359.037012,-2.036946,-2.453037,-1.519314,-164.936420,0.000000
30.680000,38.987035,21.298033,3.499197,808.255320,790.274257,2929.826787,39.397158,-8.279882,72366.585754,-2.016855,-2.428901,-1.509012,-165.296850,0.000000
30.720000,39.304856,21.335662,3.466806,808.461018,790.286373,2928.999388,39.397158,-8.279879,72374.156588,-1.997065,-2.405126,-1.498612,-165.660734,0.000000
30.760000,39.620274,21.373918,3.434791,808.663522,790.294640,2928.169592,39.397159,-8.279877,72381.749362,-1.977568,-2.381703,-1.488120,-166.027899,0.000000
30.800000,39.933283,21.412768,3.403143,808.862861,790.299097,2927.337415,39.397159,-8.279875,72389.363922,-1.958356,-2.358623,-1.477540,-166.398173,0.000000
30.840000,40.243878,21.452177,3.371853,809.059066,790.299780,2926.502874,39.397159,-8.279872,72397.000114,-1.939420,-2.335875,-1.466877,-166.771388,0.000000
30.880000,40.552053,21.492112,3.340911,809.252169,790.296725,2925.665986,39.397159,-8.279870,72404.657781,-1.920754,-2.313452,-1.456135,-167.147378,0.000000
30.920000,40.857806,21.532544,3.310309,809.442199,790.289969,2924.826768,39.397158,-8.279868,72412.336766,-1.902351,-2.291345,-1.445319,-167.525981,0.000000
30.960000,41.161133,21.573441,3.280040,809.629184,790.279547,2923.985238,39.397158,-8.279866,72420.036911,-1.884203,-2.269545,-1.434435,-167.907038,0.000000
31.000000,41.462033,21.614773,3.250094,809.813155,790.265493,2923.141412,39.397158,-8.279864,72427.758057,-1.866304,-2.248045,-1.423485,-168.290393,0.000000
31.040000,41.760506,21.656513,3.220464,809.994140,790.247842,2922.295309,39.397158,-8.279861,72435.500042,-1.848648,-2.226837,-1.412475,-168.675892,0.000000
31.080000,42.056551,21.698633,3.191144,810.172167,790.226629,2921.446946,39.397158,-8.279859,72443.262707,-1.831229,-2.205913,-1.401409,-169.063386,0.000000
31.120000,42.350169,21.741105,3.162126,810.347263,790.201886,2920.596341,39.397158,-8.279857,72451.045888,-1.814040,-2.185267,-1.390291,-169.452727,0.000000
31.160000,42.641362,21.783905,3.133404,810.519458,790.173646,2919.743511,39.397157,-8.279855,72458.849424,-1.797076,-2.164891,-1.379125,-169.843771,0.000000
31.200000,42.930132,21.827007,3.104971,810.688777,790.141943,2918.888475,39.397157,-8.279853,72466.673150,-1.780331,-2.144778,-1.367915,-170.236376,0.000000
31.240000,43.216483,21.870387,3.076821,810.855247,790.106808,2918.031250,39.397157,-8.279851,72474.516903,-1.763800,-2.124923,-1.356665,-170.630404,0.000000
31.280000,43.500419,21.914021,3.048949,811.018896,790.068273,2917.171854,39.397156,-8.279849,72482.380518,-1.747477,-2.105319,-1.345380,-171.025719,0.000000
31.320000,43.781944,21.957888,3.021349,811.179748,790.026369,2916.310306,39.397156,-8.279848,72490.263830,-1.731358,-2.085959,-1.334062,-171.422188,0.000000
31.360000,44.061064,22.001964,2.994015,811.337830,789.981128,2915.446623,39.397156,-8.279846,72498.166672,-1.715438,-2.066838,-1.322715,-171.819682,0.000000
31.400000,44.337784,22.046230,2.966943,811.493168,789.932580,2914.580824,39.397155,-8.279844,72506.088880,-1.699712,-2.047951,-1.311344,-172.218072,0.000000
31.440000,44.612112,22.090664,2.940127,811.645785,789.880756,2913.712927,39.397155,-8.279842,72514.030286,-1.684175,-2.029292,-1.299952,-172.617235,0.000000
31.480000,44.884054,22.135247,2.913563,811.795709,789.825684,2912.842950,39.397154,-8.279840,72521.990723,-1.668824,-2.010855,-1.288541,-173.017049,0.000000
31.520000,45.153618,22.179959,2.887247,811.942962,789.767395,2911.970911,39.397154,-8.279839,72529.970025,-1.653653,-1.992636,-1.277116,-173.417394,0.000000
31.560000,45.420812,22.224783,2.861173,812.087569,789.705917,2911.096829,39.397153,-8.279837,72537.968024,-1.638659,-1.974630,-1.265680,-173.818154,0.000000
31.600000,45.685646,22.269701,2.835339,812.229554,789.641281,2910.220721,39.397153,-8.279835,72545.984554,-1.623838,-1.956831,-1.254236,-174.219216,0.000000
31.640000,45.948128,22.314695,2.809740,812.368941,789.573513,2909.342607,39.397152,-8.279834,72554.019445,-1.609186,-1.939236,-1.242788,-174.620469,0.000000
31.680000,46.208269,22.359750,2.784372,812.505754,789.502642,2908.462505,39.397151,-8.279832,72562.072531,-1.594700,-1.921839,-1.231337,-175.021804,0.000000
31.720000,46.466078,22.404848,2.759231,812.640015,789.428697,2907.580432,39.397151,-8.279831,72570.143645,-1.580375,-1.904638,-1.219888,-175.423116,0.000000
31.760000,46.721566,22.449975,2.734315,812.771747,789.351704,2906.696408,39.397150,-8.279829,72578.232618,-1.566209,-1.887626,-1.208443,-175.824301,0.000000
31.800000,46.974745,22.495115,2.709619,812.900973,789.271691,2905.810450,39.397149,-8.279828,72586.339283,-1.552197,-1.870801,-1.197006,-176.225259,0.000000
31.840000,47.225625,22.540256,2.685141,813.027716,789.188684,2904.922577,39.397149,-8.279826,72594.463464,-1.538338,-1.854159,-1.185578,-176.625892,0.000000
31.880000,47.474219,22.585382,2.660878,813.151997,789.102711,2904.032806,39.397148,-8.279825,72602.605019,-1.524627,-1.837695,-1.174163,-177.026104,0.000000
31.920000,47.720539,22.630480,2.636826,813.273839,789.013798,2903.141158,39.397147,-8.279823,72610.763755,-1.511062,-1.821407,-1.162763,-177.425802,0.000000
31.960000,47.964597,22.675538,2.612982,813.393263,788.921970,2902.247648,39.397146,-8.279822,72618.939515,-1.497640,-1.805291,-1.151381,-177.824895,0.000000
32.000000,48.206405,22.720544,2.589345,813.510291,788.827254,2901.352297,39.397145,-8.279820,72627.132132,-1.484357,-1.789342,-1.140019,-178.223296,0.000000
32.040000,48.445978,22.765485,2.565911,813.624944,788.729675,2900.455122,39.397144,-8.279819,72635.341438,-1.471212,-1.773559,-1.128680,-178.620918,0.000000
32.080000,48.683329,22.810351,2.542677,813.737243,788.629258,2899.556140,39.397144,-8.279818,72643.567269,-1.458202,-1.757938,-1.117367,-179.017678,0.000000
32.120000,48.918470,22.855130,2.519642,813.847209,788.526028,2898.655371,39.397143,-8.279817,72651.809458,-1.445324,-1.742475,-1.106081,-179.413495,0.000000
32.160000,49.151417,22.899812,2.496802,813.954863,788.420010,2897.752832,39.397142,-8.279815,72660.067841,-1.432575,-1.727168,-1.094824,-179.808291,0.000000
32.200000,49.382182,22.944386,2.474156,814.060224,788.311229,2896.848542,39.397141,-8.279814,72668.342252,-1.419954,-1.712015,-1.083600,-180.201988,0.000000
32.240000,49.610781,22.988843,2.451702,814.163313,788.199709,2895.942517,39.397140,-8.279813,72676.632528,-1.407457,-1.697011,-1.072409,-180.594513,0.000000
32.280000,49.837228,23.033175,2.429437,814.264151,788.085473,2895.034777,39.397139,-8.279812,72684.938504,-1.395083,-1.682155,-1.061255,-180.985793,0.000000
32.320000,50.061538,23.077371,2.407359,814.362756,787.968546,2894.125339,39.397138,-8.279811,72693.260017,-1.382830,-1.667444,-1.050138,-181.375759,0.000000
32.360000,50.283724,23.121423,2.385467,814.459148,787.848951,2893.214220,39.397137,-8.279809,72701.596904,-1.370695,-1.652876,-1.039062,-181.764344,0.000000
32.400000,50.503804,23.165323,2.363758,814.553348,787.726712,2892.301439,39.397135,-8.279808,72709.949004,-1.358677,-1.638447,-1.028027,-182.151481,0.000000
32.440000,50.721790,23.209064,2.342231,814.645374,787.601850,2891.387014,39.397134,-8.279807,72718.316154,-1.346773,-1.624156,-1.017036,-182.537108,0.000000
32.480000,50.937700,23.252637,2.320883,814.735244,787.474391,2890.470960,39.397133,-8.279806,72726.698194,-1.334982,-1.610001,-1.006090,-182.921163,0.000000
32.520000,51.151548,23.296035,2.299713,814.822979,787.344355,2889.553298,39.397132,-8.279805,72735.094964,-1.323302,-1.595979,-0.995191,-183.303587,0.000000
32.560000,51.363349,23.339253,2.278720,814.908597,787.211765,2888.634042,39.397131,-8.279804,72743.506303,-1.311731,-1.582087,-0.984341,-183.684323,0.000000
32.600000,51.573120,23.382282,2.257902,814.992115,787.076645,2887.713212,39.397130,-8.279803,72751.932053,-1.300267,-1.568325,-0.973541,-184.063316,0.000000
32.640000,51.780876,23.425117,2.237256,815.073554,786.939014,2886.790825,39.397128,-8.279802,72760.372057,-1.288908,-1.554690,-0.962793,-184.440513,0.000000
32.680000,51.986633,23.467751,2.216783,815.152930,786.798897,2885.866896,39.397127,-8.279801,72768.826156,-1.277654,-1.541180,-0.952098,-184.815862,0.000000
32.720000,52.190406,23.510180,2.196479,815.230261,786.656313,2884.941445,39.397126,-8.279800,72777.294194,-1.266502,-1.527793,-0.941457,-185.189313,0.000000
32.760000,52.392211,23.552397,2.176345,815.305567,786.511285,2884.014487,39.397124,-8.279800,72785.776015,-1.255452,-1.514527,-0.930873,-185.560820,0.000000
32.800000,52.592065,23.594398,2.156377,815.378863,786.363834,2883.086039,39.397123,-8.279799,72794.271465,-1.244500,-1.501381,-0.920346,-185.930337,0.000000
32.840000,52.789983,23.636177,2.136575,815.450169,786.213980,2882.156120,39.397122,-8.279798,72802.780383,-1.233647,-1.488353,-0.909877,-186.297820,0.000000
32.880000,52.985981,23.677730,2.116938,815.519500,786.061746,2881.224744,39.397120,-8.279797,72811.302633,-1.222890,-1.475441,-0.899467,-186.663227,0.000000
32.920000,53.180075,23.719053,2.097465,815.586875,785.907150,2880.291929,39.397119,-8.279796,72819.838047,-1.212229,-1.462643,-0.889119,-187.026517,0.000000
32.960000,53.372282,23.760140,2.078153,815.652310,785.750214,2879.357692,39.397118,-8.279796,72828.386477,-1.201662,-1.449959,-0.878832,-187.387653,0.000000
33.000000,53.562617,23.800989,2.059001,815.715823,785.590958,2878.422048,39.397116,-8.279795,72836.947774,-1.191187,-1.437386,-0.868609,-187.746596,0.000000
33.040000,53.751096,23.841595,2.040010,815.777430,785.429403,2877.485014,39.397115,-8.279794,72845.521787,-1.180804,-1.424923,-0.858449,-188.103312,0.000000
33.080000,53.937735,23.881955,2.021176,815.837147,785.265567,2876.546608,39.397113,-8.279793,72854.108368,-1.170512,-1.412569,-0.848354,-188.457767,0.000000
33.120000,54.122550,23.922065,2.002500,815.894992,785.099471,2875.606843,39.397112,-8.279793,72862.707370,-1.160309,-1.400322,-0.838325,-188.809929,0.000000
33.160000,54.305557,23.961923,1.983979,815.950980,784.931135,2874.665738,39.397110,-8.279792,72871.318645,-1.150193,-1.388181,-0.828362,-189.159768,0.000000
33.200000,54.486772,24.001525,1.965614,816.005128,784.760578,2873.723307,39.397109,-8.279791,72879.942048,-1.140165,-1.376144,-0.818467,-189.507254,0.000000
33.240000,54.666212,24.040869,1.947402,816.057451,784.587819,2872.779566,39.397107,-8.279791,72888.577433,-1.130223,-1.364210,-0.808641,-189.852361,0.000000
33.280000,54.843890,24.079952,1.929342,816.107966,784.412877,2871.834532,39.397106,-8.279790,72897.224657,-1.120365,-1.352379,-0.798883,-190.195061,0.000000
33.320000,55.019825,24.118772,1.911434,816.156689,784.235771,2870.888219,39.397104,-8.279790,72905.883577,-1.110592,-1.340649,-0.789194,-190.535331,0.000000
33.360000,55.194031,24.157325,1.893677,816.203634,784.056521,2869.940644,39.397102,-8.279789,72914.554051,-1.100902,-1.329018,-0.779577,-190.873147,0.000000
33.400000,55.366524,24.195611,1.876069,816.248819,783.875143,2868.991821,39.397101,-8.279789,72923.235938,-1.091293,-1.317485,-0.770030,-191.208488,0.000000
33.440000,55.537319,24.233628,1.858609,816.292257,783.691658,2868.041766,39.397099,-8.279788,72931.929099,-1.081766,-1.306050,-0.760554,-191.541333,0.000000
33.480000,55.706433,24.271373,1.841296,816.333964,783.506083,2867.090495,39.397097,-8.279788,72940.633395,-1.072318,-1.294711,-0.751151,-191.871664,0.000000
33.520000,55.873880,24.308844,1.824130,816.373955,783.318437,2866.138021,39.397096,-8.279787,72949.348688,-1.062950,-1.283468,-0.741820,-192.199461,0.000000
33.560000,56.039677,24.346042,1.807109,816.412246,783.128737,2865.184361,39.397094,-8.279787,72958.074841,-1.053661,-1.272319,-0.732562,-192.524709,0.000000
33.600000,56.203838,24.382963,1.790232,816.448851,782.937001,2864.229528,39.397092,-8.279786,72966.811719,-1.044449,-1.261263,-0.723377,-192.847392,0.000000
33.640000,56.366379,24.419607,1.773499,816.483785,782.743247,2863.273538,39.397091,-8.279786,72975.559188,-1.035313,-1.250299,-0.714266,-193.167496,0.000000
33.680000,56.527315,24.455972,1.756907,816.517062,782.547493,2862.316406,39.397089,-8.279785,72984.317114,-1.026254,-1.239426,-0.705230,-193.485009,0.000000
33.720000,56.686662,24.492059,1.740458,816.548697,782.349756,2861.358144,39.397087,-8.279785,72993.085365,-1.017270,-1.228644,-0.696268,-193.799918,0.000000
33.760000,56.844433,24.527865,1.724149,816.578705,782.150053,2860.398769,39.397085,-8.279785,73001.863809,-1.008361,-1.217951,-0.687380,-194.112212,0.000000
33.800000,57.000645,24.563391,1.707979,816.607099,781.948401,2859.438294,39.397083,-8.279784,73010.652318,-0.999525,-1.207347,-0.678568,-194.421883,0.000000
33.840000,57.155313,24.598635,1.691948,816.633894,781.744817,2858.476734,39.397082,-8.279784,73019.450760,-0.990762,-1.196831,-0.669831,-194.728921,0.000000
33.880000,57.308450,24.633597,1.676054,816.659104,781.539319,2857.514101,39.397080,-8.279784,73028.259009,-0.982071,-1.186401,-0.661170,-195.033319,0.000000
33.920000,57.460071,24.668276,1.660297,816.682742,781.331922,2856.550411,39.397078,-8.279784,73037.076938,-0.973452,-1.176057,-0.652584,-195.335071,0.000000
33.960000,57.610192,24.702673,1.644676,816.704823,781.122643,2855.585676,39.397076,-8.279783,73045.904421,-0.964904,-1.165799,-0.644074,-195.634170,0.000000
34.000000,57.758827,24.736787,1.629190,816.725360,780.911499,2854.619911,39.397074,-8.279783,73054.741334,-0.956427,-1.155625,-0.635640,-195.930613,0.000000
34.040000,57.905989,24.770618,1.613837,816.744367,780.698506,2853.653129,39.397072,-8.279783,73063.587552,-0.948018,-1.145534,-0.627283,-196.224396,0.000000
34.080000,58.051694,24.804166,1.598618,816.761856,780.483681,2852.685343,39.397070,-8.279783,73072.442954,-0.939679,-1.135526,-0.619001,-196.515516,0.000000
34.120000,58.195956,24.837431,1.583531,816.777843,780.267038,2851.716567,39.397068,-8.279782,73081.307419,-0.931408,-1.125601,-0.610795,-196.803971,0.000000
34.160000,58.338788,24.870413,1.568575,816.792339,780.048594,2850.746814,39.397066,-8.279782,73090.180826,-0.923205,-1.115757,-0.602666,-197.089760,0.000000
34.200000,58.480205,24.903112,1.553750,816.805358,779.828366,2849.776096,39.397064,-8.279782,73099.063056,-0.915070,-1.105993,-0.594613,-197.372884,0.000000
34.240000,58.620221,24.935529,1.539054,816.816913,779.606367,2848.804427,39.397062,-8.279782,73107.953992,-0.907000,-1.096310,-0.586636,-197.653342,0.000000
34.280000,58.758849,24.967664,1.524486,816.827017,779.382615,2847.831820,39.397060,-8.279782,73116.853516,-0.898997,-1.086705,-0.578735,-197.931136,0.000000
34.320000,58.896103,24.999517,1.510047,816.835682,779.157124,2846.858286,39.397058,-8.279782,73125.761514,-0.891059,-1.077180,-0.570910,-198.206268,0.000000
34.360000,59.031996,25.031090,1.495734,816.842921,778.929909,2845.883839,39.397056,-8.279782,73134.677869,-0.883186,-1.067732,-0.563161,-198.478742,0.000000
34.400000,59.166543,25.062382,1.481547,816.848748,778.700986,2844.908490,39.397054,-8.279782,73143.602470,-0.875377,-1.058361,-0.555488,-198.748561,0.000000
34.440000,59.299756,25.093394,1.467485,816.853174,778.470369,2843.932253,39.397052,-8.279782,73152.535203,-0.867633,-1.049067,-0.547891,-199.015729,0.000000
34.480000,59.431648,25.124127,1.453548,816.856211,778.238074,2842.955140,39.397050,-8.279782,73161.475957,-0.859951,-1.039849,-0.540369,-199.280251,0.000000
34.520000,59.562234,25.154581,1.439734,816.857873,778.004116,2841.977162,39.397048,-8.279782,73170.424623,-0.852332,-1.030707,-0.532923,-199.542133,0.000000
34.560000,59.691524,25.184758,1.426042,816.858171,777.768508,2840.998331,39.397046,-8.279782,73179.381091,-0.844776,-1.021639,-0.525552,-199.801381,0.000000
34.600000,59.819534,25.214658,1.412472,816.857117,777.531265,2840.018659,39.397044,-8.279782,73188.345253,-0.837281,-1.012645,-0.518255,-200.058003,0.000000
34.640000,59.946275,25.244283,1.399023,816.854724,777.292402,2839.038158,39.397042,-8.279782,73197.317003,-0.829847,-1.003725,-0.511034,-200.312005,0.000000
34.680000,60.071760,25.273633,1.385694,816.851003,777.051933,2838.056839,39.397039,-8.279782,73206.296234,-0.822475,-0.994878,-0.503887,-200.563396,0.000000
34.720000,60.196002,25.302709,1.372484,816.845965,776.809873,2837.074714,39.397037,-8.279782,73215.282843,-0.815162,-0.986103,-0.496815,-200.812184,0.000000
34.760000,60.319013,25.331512,1.359393,816.839624,776.566235,2836.091794,39.397035,-8.279782,73224.276725,-0.807910,-0.977400,-0.489816,-201.058378,0.000000
34.800000,60.440805,25.360044,1.346419,816.831990,776.321032,2835.108091,39.397033,-8.279782,73233.277778,-0.800716,-0.968768,-0.482892,-201.301989,0.000000
34.840000,60.561391,25.388305,1.333561,816.823075,776.074280,2834.123615,39.397031,-8.279782,73242.285901,-0.793582,-0.960207,-0.476041,-201.543026,0.000000
34.880000,60.680783,25.416298,1.320819,816.812890,775.825992,2833.138377,39.397028,-8.279782,73251.300994,-0.786506,-0.951716,-0.469263,-201.781499,0.000000
34.920000,60.798993,25.444022,1.308192,816.801447,775.576180,2832.152388,39.397026,-8.279782,73260.322957,-0.779488,-0.943295,-0.462557,-202.017420,0.000000
34.960000,60.916032,25.471479,1.295679,816.788756,775.324860,2831.165659,39.397024,-8.279782,73269.351691,-0.772527,-0.934943,-0.455925,-202.250801,0.000000
35.000000,61.031913,25.498671,1.283279,816.774830,775.072043,2830.178201,39.397022,-8.279782,73278.387101,-0.765624,-0.926659,-0.449364,-202.481653,0.000000
35.040000,61.146647,25.525599,1.270992,816.759678,774.817744,2829.190024,39.397019,-8.279783,73287.429090,-0.758777,-0.918444,-0.442875,-202.709988,0.000000
35.080000,61.260246,25.552264,1.258816,816.743312,774.561975,2828.201138,39.397017,-8.279783,73296.477562,-0.751987,-0.910296,-0.436458,-202.935820,0.000000
35.120000,61.372721,25.578668,1.246751,816.725744,774.304750,2827.211553,39.397015,-8.279783,73305.532425,-0.745253,-0.902215,-0.430112,-203.159161,0.000000
35.160000,61.484084,25.604812,1.234796,816.706982,774.046081,2826.221281,39.397012,-8.279783,73314.593584,-0.738573,-0.894200,-0.423836,-203.380025,0.000000
35.200000,61.594346,25.630698,1.222950,816.687039,773.785982,2825.230330,39.397010,-8.279784,73323.660949,-0.731949,-0.886252,-0.417631,-203.598426,0.000000
35.240000,61.703517,25.656326,1.211212,816.665925,773.524464,2824.238712,39.397008,-8.279784,73332.734428,-0.725380,-0.878369,-0.411495,-203.814377,0.000000
35.280000,61.811610,25.681699,1.199582,816.643651,773.261541,2823.246434,39.397005,-8.279784,73341.813932,-0.718864,-0.870551,-0.405429,-204.027893,0.000000
35.320000,61.918634,25.706818,1.188059,816.620226,772.997226,2822.253509,39.397003,-8.279784,73350.899371,-0.712403,-0.862798,-0.399432,-204.238989,0.000000
35.360000,62.024601,25.731684,1.176641,816.595661,772.731529,2821.259944,39.397001,-8.279785,73359.990658,-0.705995,-0.855108,-0.393504,-204.447680,0.000000
35.400000,62.129522,25.756300,1.165328,816.569967,772.464465,2820.265749,39.396998,-8.279785,73369.087706,-0.699639,-0.847483,-0.387643,-204.653981,0.000000
35.440000,62.233406,25.780667,1.154120,816.543153,772.196044,2819.270934,39.396996,-8.279785,73378.190425,-0.693337,-0.839920,-0.381851,-204.857907,0.000000
35.480000,62.336266,25.804785,1.143014,816.515230,771.926280,2818.275508,39.396993,-8.279786,73387.298743,-0.687087,-0.832420,-0.376125,-205.059475,0.000000
35.520000,62.438110,25.828658,1.132012,816.486207,771.655184,2817.279481,39.396991,-8.279786,73396.412564,-0.680888,-0.824983,-0.370467,-205.258700,0.000000
35.560000,62.538949,25.852286,1.121111,816.456095,771.382768,2816.282860,39.396988,-8.279786,73405.531808,-0.674741,-0.817607,-0.364875,-205.455598,0.000000
35.600000,62.638793,25.875672,1.110311,816.424904,771.109043,2815.285656,39.396986,-8.279787,73414.656394,-0.668645,-0.810293,-0.359348,-205.650187,0.000000
35.640000,62.737653,25.898816,1.099612,816.392643,770.834023,2814.287877,39.396983,-8.279787,73423.786242,-0.662600,-0.803039,-0.353887,-205.842482,0.000000
35.680000,62.835539,25.921721,1.089012,816.359321,770.557717,2813.289532,39.396981,-8.279787,73432.921270,-0.656605,-0.795846,-0.348491,-206.032500,0.000000
35.720000,62.932460,25.944388,1.078510,816.324949,770.280138,2812.290629,39.396978,-8.279788,73442.061401,-0.650660,-0.788713,-0.343159,-206.220258,0.000000
35.760000,63.028426,25.966818,1.068107,816.289536,770.001297,2811.291177,39.396976,-8.279788,73451.206555,-0.644765,-0.781639,-0.337892,-206.405773,0.000000
35.800000,63.123447,25.989015,1.057800,816.253091,769.721205,2810.291184,39.396973,-8.279789,73460.356657,-0.638919,-0.774625,-0.332687,-206.589063,0.000000
35.840000,63.217532,26.010979,1.047590,816.215624,769.439874,2809.290659,39.396971,-8.279789,73469.511629,-0.633122,-0.767669,-0.327546,-206.770145,0.000000
35.880000,63.310691,26.032712,1.037475,816.177144,769.157315,2808.289610,39.396968,-8.279789,73478.671396,-0.627373,-0.760771,-0.322467,-206.949036,0.000000
35.920000,63.402934,26.054215,1.027455,816.137660,768.873538,2807.288045,39.396966,-8.279790,73487.835885,-0.621673,-0.753931,-0.317450,-207.125754,0.000000
35.960000,63.494269,26.075491,1.017529,816.097182,768.588555,2806.285972,39.396963,-8.279790,73497.005021,-0.616020,-0.747149,-0.312494,-207.300317,0.000000
36.000000,63.584705,26.096542,1.007696,816.055718,768.302377,2805.283399,39.396961,-8.279791,73506.178733,-0.610415,-0.740424,-0.307599,-207.472743,0.000000
36.040000,63.674253,26.117368,0.997956,816.013277,768.015014,2804.280334,39.396958,-8.279791,73515.356947,-0.604857,-0.733755,-0.302765,-207.643049,0.000000
36.080000,63.762921,26.137972,0.988307,815.969868,767.726477,2803.276784,39.396955,-8.279792,73524.539595,-0.599346,-0.727142,-0.297991,-207.811254,0.000000
36.120000,63.850717,26.158355,0.978749,815.925501,767.436777,2802.272758,39.396953,-8.279792,73533.726605,-0.593881,-0.720586,-0.293275,-207.977375,0.000000
36.160000,63.937651,26.178520,0.969281,815.880183,767.145923,2801.268262,39.396950,-8.279793,73542.917909,-0.588463,-0.714084,-0.288619,-208.141431,0.000000
36.200000,64.023731,26.198468,0.959903,815.833923,766.853927,2800.263305,39.396948,-8.279793,73552.113438,-0.583090,-0.707638,-0.284021,-208.303440,0.000000
36.240000,64.108967,26.218200,0.950613,815.786731,766.560799,2799.257893,39.396945,-8.279794,73561.313126,-0.577763,-0.701246,-0.279481,-208.463420,0.000000
36.280000,64.193366,26.237719,0.941411,815.738614,766.266549,2798.252034,39.396942,-8.279795,73570.516905,-0.572481,-0.694908,-0.274998,-208.621389,0.000000
36.320000,64.276937,26.257026,0.932296,815.689582,765.971187,2797.245735,39.396940,-8.279795,73579.724711,-0.567243,-0.688624,-0.270571,-208.777366,0.000000
36.360000,64.359688,26.276123,0.923268,815.639641,765.674723,2796.239003,39.396937,-8.279796,73588.936477,-0.562050,-0.682393,-0.266201,-208.931369,0.000000
36.400000,64.441629,26.295012,0.914326,815.588802,765.377167,2795.231845,39.396934,-8.279796,73598.152141,-0.556902,-0.676215,-0.261887,-209.083417,0.000000
36.440000,64.522766,26.313694,0.905468,815.537071,765.078530,2794.224268,39.396932,-8.279797,73607.371640,-0.551797,-0.670090,-0.257628,-209.233527,0.000000
36.480000,64.603108,26.332171,0.896695,815.484458,764.778820,2793.216279,39.396929,-8.279798,73616.594910,-0.546735,-0.664017,-0.253423,-209.381719,0.000000
36.520000,64.682664,26.350446,0.888005,815.430970,764.478048,2792.207885,39.396926,-8.279798,73625.821890,-0.541717,-0.657996,-0.249273,-209.528010,0.000000
36.560000,64.761440,26.368519,0.879398,815.376614,764.176223,2791.199091,39.396924,-8.279799,73635.052520,-0.536741,-0.652026,-0.245176,-209.672419,0.000000
36.600000,64.839445,26.386392,0.870873,815.321401,763.873355,2790.189906,39.396921,-8.279799,73644.286739,-0.531808,-0.646107,-0.241132,-209.814964,0.000000
36.640000,64.916687,26.404068,0.862429,815.265336,763.569453,2789.180334,39.396918,-8.279800,73653.524489,-0.526918,-0.640239,-0.237141,-209.955664,0.000000
36.680000,64.993174,26.421548,0.854066,815.208428,763.264526,2788.170383,39.396915,-8.279801,73662.765710,-0.522069,-0.634422,-0.233201,-210.094536,0.000000
36.720000,65.068912,26.438834,0.845784,815.150685,762.958585,2787.160059,39.396913,-8.279801,73672.010346,-0.517262,-0.628654,-0.229314,-210.231600,0.000000
36.760000,65.143910,26.455927,0.837580,815.092114,762.651637,2786.149368,39.396910,-8.279802,73681.258339,-0.512496,-0.622935,-0.225477,-210.366873,0.000000
36.800000,65.218175,26.472829,0.829455,815.032724,762.343693,2785.138316,39.396907,-8.279803,73690.509633,-0.507771,-0.617266,-0.221690,-210.500374,0.000000
36.840000,65.291715,26.489541,0.821408,814.972520,762.034762,2784.126910,39.396904,-8.279803,73699.764169,-0.503087,-0.611646,-0.217954,-210.632120,0.000000
36.880000,65.364536,26.506067,0.813438,814.911512,761.724851,2783.115155,39.396902,-8.279804,73709.021903,-0.498443,-0.606074,-0.214267,-210.762130,0.000000
36.920000,65.436647,26.522406,0.805544,814.849707,761.413971,2782.103056,39.396899,-8.279805,73718.282771,-0.493839,-0.600550,-0.210629,-210.890422,0.000000
36.960000,65.508053,26.538562,0.797726,814.787111,761.102130,2781.090621,39.396896,-8.279806,73727.546722,-0.489275,-0.595074,-0.207039,-211.017014,0.000000
37.000000,65.578763,26.554535,0.789984,814.723732,760.789337,2780.077855,39.396893,-8.279806,73736.813704,-0.484750,-0.589645,-0.203497,-211.141924,0.000000
37.040000,65.648783,26.570328,0.782316,814.659578,760.475601,2779.064763,39.396890,-8.279807,73746.083666,-0.480265,-0.584263,-0.200002,-211.265169,0.000000
37.080000,65.718120,26.585941,0.774722,814.594655,760.160929,2778.051351,39.396887,-8.279808,73755.356556,-0.475818,-0.578928,-0.196554,-211.386768,0.000000
37.120000,65.786781,26.601378,0.767201,814.528971,759.845332,2777.037625,39.396885,-8.279809,73764.632324,-0.471410,-0.573639,-0.193153,-211.506738,0.000000
37.160000,65.854773,26.616638,0.759752,814.462533,759.528816,2776.023589,39.396882,-8.279809,73773.910919,-0.467040,-0.568396,-0.189797,-211.625097,0.000000
37.200000,65.922103,26.631725,0.752376,814.395348,759.211392,2775.009250,39.396879,-8.279810,73783.192294,-0.462708,-0.563199,-0.186487,-211.741862,0.000000
37.240000,65.988776,26.646639,0.745070,814.327422,758.893066,2773.994613,39.396876,-8.279811,73792.476398,-0.458414,-0.558046,-0.183222,-211.857051,0.000000
37.280000,66.054801,26.661382,0.737835,814.258763,758.573847,2772.979682,39.396873,-8.279812,73801.763185,-0.454158,-0.552939,-0.180001,-211.970681,0.000000
37.320000,66.120183,26.675956,0.730670,814.189377,758.253743,2771.964463,39.396870,-8.279813,73811.052607,-0.449938,-0.547876,-0.176823,-212.082770,0.000000
37.360000,66.184928,26.690363,0.723575,814.119271,757.932763,2770.948962,39.396867,-8.279813,73820.344618,-0.445755,-0.542858,-0.173690,-212.193335,0.000000
37.400000,66.249044,26.704604,0.716548,814.048452,757.610914,2769.933182,39.396865,-8.279814,73829.639172,-0.441609,-0.537883,-0.170598,-212.302393,0.000000
37.440000,66.312536,26.718680,0.709589,813.976926,757.288205,2768.917129,39.396862,-8.279815,73838.936224,-0.437499,-0.532952,-0.167550,-212.409961,0.000000
37.480000,66.375411,26.732594,0.702697,813.904700,756.964643,2767.900809,39.396859,-8.279816,73848.235729,-0.433425,-0.528064,-0.164543,-212.516055,0.000000
37.520000,66.437675,26.746347,0.695873,813.831781,756.640235,2766.884225,39.396856,-8.279817,73857.537642,-0.429387,-0.523219,-0.161578,-212.620694,0.000000
37.560000,66.499333,26.759940,0.689114,813.758175,756.314991,2765.867383,39.396853,-8.279818,73866.841922,-0.425385,-0.518416,-0.158653,-212.723893,0.000000
37.600000,66.560393,26.773375,0.682421,813.683888,755.988918,2764.850286,39.396850,-8.279818,73876.148524,-0.421417,-0.513656,-0.155769,-212.825668,0.000000
37.640000,66.620860,26.786653,0.675793,813.608927,755.662022,2763.832941,39.396847,-8.279819,73885.457406,-0.417484,-0.508937,-0.152925,-212.926038,0.000000
37.680000,66.680739,26.799777,0.669230,813.533298,755.334312,2762.815351,39.396844,-8.279820,73894.768528,-0.413586,-0.504260,-0.150121,-213.025017,0.000000
37.720000,66.740037,26.812748,0.662730,813.457007,755.005796,2761.797520,39.396841,-8.279821,73904.081847,-0.409723,-0.499625,-0.147355,-213.122623,0.000000
37.760000,66.798760,26.825566,0.656293,813.380061,754.676480,2760.779454,39.396838,-8.279822,73913.397324,-0.405893,-0.495030,-0.144628,-213.218871,0.000000
37.800000,66.856914,26.838234,0.649919,813.302465,754.346371,2759.761157,39.396835,-8.279823,73922.714918,-0.402097,-0.490475,-0.141940,-213.313778,0.000000
37.840000,66.914503,26.850753,0.643607,813.224226,754.015479,2758.742632,39.396832,-8.279824,73932.034590,-0.398335,-0.485961,-0.139289,-213.407358,0.000000
37.880000,66.971534,26.863125,0.637357,813.145350,753.683808,2757.723884,39.396829,-8.279825,73941.356302,-0.394606,-0.481487,-0.136675,-213.499630,0.000000
37.920000,67.028011,26.875352,0.631167,813.065842,753.351367,2756.704918,39.396826,-8.279826,73950.680015,-0.390910,-0.477052,-0.134098,-213.590607,0.000000
37.960000,67.083942,26.887433,0.625038,812.985708,753.018163,2755.685737,39.396823,-8.279827,73960.005690,-0.387246,-0.472657,-0.131557,-213.680305,0.000000
38.000000,67.139331,26.899372,0.618968,812.904956,752.684203,2754.666346,39.396820,-8.279828,73969.333292,-0.383616,-0.468301,-0.129052,-213.768741,0.000000
38.040000,67.194183,26.911169,0.612957,812.823589,752.349493,2753.646748,39.396817,-8.279829,73978.662784,-0.380017,-0.463983,-0.126583,-213.855929,0.000000
38.080000,67.248504,26.922826,0.607006,812.741614,752.014041,2752.626948,39.396814,-8.279829,73987.994128,-0.376451,-0.459704,-0.124149,-213.941885,0.000000
38.120000,67.302300,26.934345,0.601112,812.659037,751.677854,2751.606949,39.396811,-8.279830,73997.327290,-0.372916,-0.455463,-0.121749,-214.026623,0.000000
38.160000,67.355574,26.945726,0.595276,812.575863,751.340938,2750.586755,39.396808,-8.279831,74006.662235,-0.369413,-0.451259,-0.119384,-214.110159,0.000000
38.200000,67.408333,26.956972,0.589496,812.492099,751.003299,2749.566371,39.396805,-8.279832,74015.998927,-0.365940,-0.447093,-0.117052,-214.192507,0.000000
38.240000,67.460582,26.968083,0.583774,812.407748,750.664946,2748.545799,39.396802,-8.279833,74025.337334,-0.362499,-0.442965,-0.114753,-214.273683,0.000000
38.280000,67.512325,26.979061,0.578107,812.322818,750.325883,2747.525043,39.396799,-8.279834,74034.677420,-0.359089,-0.438873,-0.112488,-214.353700,0.000000
38.320000,67.563569,26.989907,0.572495,812.237313,749.986119,2746.504107,39.396796,-8.279835,74044.019153,-0.355709,-0.434817,-0.110254,-214.432573,0.000000
38.360000,67.614316,27.000623,0.566938,812.151239,749.645658,2745.482995,39.396793,-8.279836,74053.362500,-0.352359,-0.430798,-0.108053,-214.510317,0.000000
38.400000,67.664574,27.011210,0.561436,812.064601,749.304509,2744.461710,39.396790,-8.279837,74062.707430,-0.349039,-0.426815,-0.105884,-214.586946,0.000000
38.440000,67.714345,27.021669,0.555988,811.977405,748.962676,2743.440256,39.396787,-8.279838,74072.053914,-0.345749,-0.422867,-0.103746,-214.662474,0.000000
38.480000,67.763636,27.032002,0.550592,811.889656,748.620167,2742.418635,39.396784,-8.279839,74081.401908,-0.342489,-0.418955,-0.101639,-214.736914,0.000000
38.520000,67.812451,27.042210,0.545250,811.801358,748.276988,2741.396853,39.396781,-8.279840,74090.751394,-0.339257,-0.415078,-0.099562,-214.810281,0.000000
38.560000,67.860795,27.052295,0.539960,811.712518,747.933144,2740.374910,39.396777,-8.279841,74100.102338,-0.336055,-0.411236,-0.097516,-214.882589,0.000000
38.600000,67.908672,27.062257,0.534722,811.623140,747.588642,2739.352812,39.396774,-8.279842,74109.454710,-0.332881,-0.407428,-0.095499,-214.953850,0.000000
38.640000,67.956086,27.072098,0.529535,811.533230,747.243489,2738.330561,39.396771,-8.279844,74118.808480,-0.329736,-0.403654,-0.093511,-215.024079,0.000000
38.680000,68.003044,27.081819,0.524399,811.442791,746.897690,2737.308160,39.396768,-8.279845,74128.163619,-0.326620,-0.399915,-0.091552,-215.093288,0.000000
38.720000,68.049548,27.091421,0.519313,811.351831,746.551251,2736.285613,39.396765,-8.279846,74137.520099,-0.323531,-0.396209,-0.089622,-215.161491,0.000000
38.760000,68.095604,27.100906,0.514277,811.260352,746.204178,2735.262922,39.396762,-8.279847,74146.877890,-0.320470,-0.392536,-0.087720,-215.228701,0.000000
38.800000,68.141216,27.110276,0.509290,811.168361,745.856476,2734.240091,39.396759,-8.279848,74156.236966,-0.317437,-0.388897,-0.085846,-215.294931,0.000000
38.840000,68.186388,27.119530,0.504353,811.075862,745.508153,2733.217123,39.396756,-8.279849,74165.597301,-0.314431,-0.385290,-0.084000,-215.360193,0.000000
38.880000,68.231124,27.128670,0.499463,810.982860,745.159213,2732.194020,39.396753,-8.279850,74174.958861,-0.311452,-0.381716,-0.082180,-215.424500,0.000000
38.920000,68.275430,27.137698,0.494622,810.889360,744.809662,2731.170786,39.396749,-8.279851,74184.321627,-0.308501,-0.378175,-0.080388,-215.487865,0.000000
38.960000,68.319308,27.146615,0.489828,810.795366,744.459507,2730.147423,39.396746,-8.279852,74193.685570,-0.305576,-0.374665,-0.078621,-215.550301,0.000000
39.000000,68.362764,27.155422,0.485081,810.700883,744.108752,2729.123934,39.396743,-8.279853,74203.050664,-0.302677,-0.371187,-0.076881,-215.611818,0.000000
39.040000,68.405802,27.164120,0.480381,810.605915,743.757403,2728.100323,39.396740,-8.279854,74212.416865,-0.299805,-0.367741,-0.075167,-215.672431,0.000000
39.080000,68.448425,27.172710,0.475727,810.510468,743.405465,2727.076591,39.396737,-8.279855,74221.784203,-0.296958,-0.364326,-0.073477,-215.732149,0.000000
39.120000,68.490637,27.181194,0.471119,810.414546,743.052945,2726.052741,39.396734,-8.279857,74231.152598,-0.294138,-0.360942,-0.071813,-215.790986,0.000000
39.160000,68.532444,27.189572,0.466556,810.318154,742.699847,2725.028777,39.396730,-8.279858,74240.522045,-0.291343,-0.357588,-0.070174,-215.848954,0.000000
39.200000,68.573848,27.197846,0.462038,810.221295,742.346177,2724.004700,39.396727,-8.279859,74249.892519,-0.288574,-0.354265,-0.068559,-215.906063,0.000000
39.240000,68.614854,27.206017,0.457564,810.123974,741.991940,2722.980514,39.396724,-8.279860,74259.263998,-0.285829,-0.350972,-0.066967,-215.962326,0.000000
39.280000,68.655465,27.214086,0.453134,810.026196,741.637141,2721.956220,39.396721,-8.279861,74268.636456,-0.283110,-0.347710,-0.065400,-216.017753,0.000000
39.320000,68.695685,27.222053,0.448748,809.927965,741.281787,2720.931822,39.396718,-8.279862,74278.009872,-0.280415,-0.344476,-0.063856,-216.072356,0.000000
39.360000,68.735519,27.229921,0.444404,809.829286,740.925881,2719.907322,39.396714,-8.279863,74287.384223,-0.277745,-0.341273,-0.062335,-216.126147,0.000000
39.400000,68.774970,27.237690,0.440104,809.730162,740.569429,2718.882721,39.396711,-8.279865,74296.759487,-0.275100,-0.338098,-0.060837,-216.179135,0.000000
39.440000,68.814042,27.245361,0.435846,809.630598,740.212436,2717.858024,39.396708,-8.279866,74306.135645,-0.272478,-0.334953,-0.059361,-216.231333,0.000000
39.480000,68.852738,27.252936,0.431629,809.530597,739.854907,2716.833232,39.396705,-8.279867,74315.512664,-0.269880,-0.331836,-0.057907,-216.282751,0.000000
39.520000,68.891062,27.260415,0.427454,809.430166,739.496847,2715.808346,39.396702,-8.279868,74324.890535,-0.267306,-0.328747,-0.056476,-216.333398,0.000000
39.560000,68.929019,27.267799,0.423320,809.329306,739.138261,2714.783371,39.396698,-8.279869,74334.269233,-0.264756,-0.325687,-0.055065,-216.383287,0.000000
39.600000,68.966610,27.275090,0.419227,809.228023,738.779155,2713.758307,39.396695,-8.279870,74343.648738,-0.262229,-0.322655,-0.053676,-216.432428,0.000000
39.640000,69.003841,27.282288,0.415174,809.126320,738.419531,2712.733158,39.396692,-8.279872,74353.029028,-0.259725,-0.319650,-0.052308,-216.480830,0.000000
39.680000,69.040713,27.289395,0.411161,809.024202,738.059397,2711.707925,39.396689,-8.279873,74362.410083,-0.257244,-0.316673,-0.050961,-216.528504,0.000000
39.720000,69.077232,27.296411,0.407188,808.921672,737.698755,2710.682610,39.396685,-8.279874,74371.791885,-0.254785,-0.313724,-0.049634,-216.575460,0.000000
39.760000,69.113401,27.303337,0.403253,808.818734,737.337612,2709.657216,39.396682,-8.279875,74381.174414,-0.252350,-0.310801,-0.048327,-216.621707,0.000000
39.800000,69.149222,27.310175,0.399357,808.715393,736.975972,2708.631745,39.396679,-8.279876,74390.557650,-0.249936,-0.307905,-0.047039,-216.667257,0.000000
39.840000,69.184699,27.316926,0.395500,808.611651,736.613839,2707.606198,39.396676,-8.279878,74399.941579,-0.247545,-0.305036,-0.045772,-216.712117,0.000000
39.880000,69.219836,27.323590,0.391681,808.507514,736.251217,2706.580578,39.396672,-8.279879,74409.326170,-0.245175,-0.302193,-0.044523,-216.756299,0.000000
39.920000,69.254636,27.330167,0.387899,808.402984,735.888113,2705.554887,39.396669,-8.279880,74418.711417,-0.242828,-0.299376,-0.043294,-216.799811,0.000000
39.960000,69.289102,27.336661,0.384154,808.298066,735.524529,2704.529127,39.396666,-8.279881,74428.097298,-0.240502,-0.296585,-0.042083,-216.842663,0.000000
40.000000,69.323238,27.343070,0.380446,808.192763,735.160470,2703.503299,39.396663,-8.279882,74437.483795,-0.238197,-0.293819,-0.040891,-216.884864,0.000000
40.040000,69.357046,27.349396,0.376775,808.087079,734.795942,2702.477406,39.396659,-8.279884,74446.870857,-0.235913,-0.291079,-0.039717,-216.926423,0.000000
40.080000,69.390530,27.355641,0.373140,807.981018,734.430948,2701.451449,39.396656,-8.279885,74456.258567,-0.233651,-0.288364,-0.038561,-216.967350,0.000000
40.120000,69.423693,27.361804,0.369541,807.874582,734.065492,2700.425430,39.396653,-8.279886,74465.646809,-0.231409,-0.285675,-0.037422,-217.007652,0.000000
40.160000,69.456538,27.367887,0.365977,807.767777,733.699580,2699.399352,39.396649,-8.279887,74475.035598,-0.229188,-0.283010,-0.036302,-217.047339,0.000000
40.200000,69.489069,27.373891,0.362449,807.660604,733.333214,2698.373216,39.396646,-8.279889,74484.424919,-0.226988,-0.280369,-0.035198,-217.086420,0.000000
40.240000,69.521288,27.379816,0.358955,807.553069,732.966400,2697.347023,39.396643,-8.279890,74493.814756,-0.224807,-0.277753,-0.034111,-217.124904,0.000000
40.280000,69.553197,27.385664,0.355496,807.445174,732.599142,2696.320776,39.396640,-8.279891,74503.205091,-0.222647,-0.275161,-0.033041,-217.162797,0.000000
40.320000,69.584802,27.391435,0.352070,807.336922,732.231443,2695.294475,39.396636,-8.279892,74512.595911,-0.220507,-0.272593,-0.031987,-217.200111,0.000000
40.360000,69.616103,27.397130,0.348679,807.228318,731.863308,2694.268124,39.396633,-8.279894,74521.987199,-0.218386,-0.270049,-0.030950,-217.236851,0.000000
40.400000,69.647105,27.402750,0.345321,807.119364,731.494741,2693.241723,39.396630,-8.279895,74531.378940,-0.216286,-0.267528,-0.029928,-217.273027,0.000000
40.440000,69.677810,27.408295,0.341996,807.010065,731.125746,2692.215275,39.396626,-8.279896,74540.771112,-0.214204,-0.265030,-0.028923,-217.308646,0.000000
40.480000,69.708221,27.413768,0.338703,806.900422,730.756327,2691.188779,39.396623,-8.279897,74550.163721,-0.212142,-0.262556,-0.027932,-217.343717,0.000000
40.520000,69.738340,27.419167,0.335444,806.790440,730.386488,2690.162240,39.396620,-8.279899,74559.556733,-0.210099,-0.260104,-0.026958,-217.378248,0.000000
40.560000,69.768172,27.424495,0.332216,806.680122,730.016233,2689.135657,39.396616,-8.279900,74568.950139,-0.208075,-0.257675,-0.025998,-217.412246,0.000000
40.600000,69.797717,27.429752,0.329020,806.569471,729.645565,2688.109032,39.396613,-8.279901,74578.343926,-0.206069,-0.255269,-0.025053,-217.445719,0.000000
40.640000,69.826980,27.434939,0.325856,806.458490,729.274489,2687.082368,39.396610,-8.279903,74587.738079,-0.204082,-0.252885,-0.024123,-217.478674,0.000000
40.680000,69.855964,27.440056,0.322723,806.347183,728.903009,2686.055665,39.396606,-8.279904,74597.132586,-0.202114,-0.250523,-0.023207,-217.511119,0.000000
40.720000,69.884669,27.445105,0.319621,806.235553,728.531127,2685.028924,39.396603,-8.279905,74606.527433,-0.200163,-0.248182,-0.022306,-217.543061,0.000000
40.760000,69.913100,27.450085,0.316549,806.123602,728.158849,2684.002148,39.396600,-8.279907,74615.922606,-0.198231,-0.245864,-0.021418,-217.574508,0.000000
40.800000,69.941259,27.454999,0.313508,806.011334,727.786177,2682.975338,39.396596,-8.279908,74625.318093,-0.196317,-0.243567,-0.020545,-217.605467,0.000000
40.840000,69.969149,27.459846,0.310497,805.898751,727.413115,2681.948495,39.396593,-8.279909,74634.713874,-0.194421,-0.241291,-0.019685,-217.635945,0.000000
40.880000,69.996772,27.464627,0.307516,805.785858,727.039668,2680.921620,39.396590,-8.279910,74644.109956,-0.192542,-0.239037,-0.018838,-217.665948,0.000000
40.920000,70.024131,27.469344,0.304564,805.672657,726.665837,2679.894716,39.396586,-8.279912,74653.506308,-0.190680,-0.236803,-0.018005,-217.695485,0.000000
40.960000,70.051228,27.473996,0.301641,805.559150,726.291628,2678.867782,39.396583,-8.279913,74662.902923,-0.188836,-0.234590,-0.017184,-217.724561,0.000000
41.000000,70.078066,27.478585,0.298747,805.445342,725.917044,2677.840821,39.396579,-8.279914,74672.299790,-0.187009,-0.232398,-0.016377,-217.753183,0.000000
41.040000,70.104648,27.483111,0.295881,805.331234,725.542087,2676.813833,39.396576,-8.279916,74681.696877,-0.185199,-0.230226,-0.015582,-217.781358,0.000000
41.080000,70.130975,27.487575,0.293044,805.216830,725.166763,2675.786821,39.396573,-8.279917,74691.094231,-0.183406,-0.228075,-0.014800,-217.809093,0.000000
41.120000,70.157051,27.491977,0.290235,805.102133,724.791073,2674.759786,39.396569,-8.279918,74700.491782,-0.181630,-0.225943,-0.014030,-217.836394,0.000000
41.160000,70.182878,27.496319,0.287454,804.987144,724.415022,2673.732727,39.396566,-8.279920,74709.889539,-0.179870,-0.223831,-0.013272,-217.863267,0.000000
41.200000,70.208458,27.500600,0.284700,804.871868,724.038613,2672.705648,39.396563,-8.279921,74719.287490,-0.178126,-0.221739,-0.012526,-217.889719,0.000000
41.240000,70.233793,27.504823,0.281973,804.756308,723.661849,2671.678548,39.396559,-8.279922,74728.685625,-0.176399,-0.219666,-0.011792,-217.915756,0.000000
41.280000,70.258886,27.508986,0.279274,804.640464,723.284734,2670.651430,39.396556,-8.279924,74738.083932,-0.174688,-0.217613,-0.011069,-217.941384,0.000000
41.320000,70.283740,27.513092,0.276601,804.524342,722.907270,2669.624293,39.396552,-8.279925,74747.482401,-0.172993,-0.215579,-0.010358,-217.966609,0.000000
41.360000,70.308356,27.517140,0.273954,804.407942,722.529462,2668.597141,39.396549,-8.279927,74756.881022,-0.171313,-0.213563,-0.009658,-217.991438,0.000000
41.400000,70.332737,27.521131,0.271334,804.291269,722.151311,2667.569972,39.396546,-8.279928,74766.279784,-0.169649,-0.211567,-0.008969,-218.015875,0.000000
41.440000,70.356886,27.525066,0.268739,804.174324,721.772823,2666.542790,39.396542,-8.279929,74775.678679,-0.168001,-0.209589,-0.008291,-218.039927,0.000000
41.480000,70.380803,27.528946,0.266170,804.057110,721.393999,2665.515594,39.396539,-8.279931,74785.077693,-0.166368,-0.207630,-0.007624,-218.063599,0.000000
41.520000,70.404492,27.532771,0.263627,803.939630,721.014842,2664.488386,39.396535,-8.279932,74794.476820,-0.164751,-0.205689,-0.006967,-218.086897,0.000000
41.560000,70.427955,27.536541,0.261109,803.821886,720.635357,2663.461167,39.396532,-8.279933,74803.876048,-0.163148,-0.203766,-0.006321,-218.109828,0.000000
41.600000,70.451194,27.540258,0.258616,803.703881,720.255545,2662.433937,39.396528,-8.279935,74813.275369,-0.161561,-0.201861,-0.005685,-218.132395,0.000000
41.640000,70.474211,27.543922,0.256147,803.585618,719.875411,2661.406699,39.396525,-8.279936,74822.674774,-0.159988,-0.199974,-0.005059,-218.154605,0.000000
41.680000,70.497009,27.547533,0.253703,803.467099,719.494957,2660.379452,39.396522,-8.279937,74832.074253,-0.158430,-0.198104,-0.004443,-218.176463,0.000000
41.720000,70.519589,27.551092,0.251283,803.348327,719.114185,2659.352199,39.396518,-8.279939,74841.473796,-0.156887,-0.196252,-0.003837,-218.197974,0.000000
41.760000,70.541953,27.554600,0.248887,803.229303,718.733100,2658.324939,39.396515,-8.279940,74850.873396,-0.155358,-0.194417,-0.003241,-218.219144,0.000000
41.800000,70.564104,27.558057,0.246515,803.110031,718.351703,2657.297674,39.396511,-8.279942,74860.273043,-0.153843,-0.192600,-0.002654,-218.239977,0.000000
41.840000,70.586043,27.561464,0.244166,802.990512,717.969999,2656.270405,39.396508,-8.279943,74869.672731,-0.152343,-0.190799,-0.002076,-218.260479,0.000000
41.880000,70.607773,27.564822,0.241840,802.870750,717.587989,2655.243132,39.396505,-8.279944,74879.072446,-0.150856,-0.189015,-0.001508,-218.280654,0.000000
41.920000,70.629296,27.568130,0.239538,802.750747,717.205677,2654.215858,39.396501,-8.279946,74888.472185,-0.149384,-0.187248,-0.000949,-218.300508,0.000000
41.960000,70.650613,27.571390,0.237258,802.630504,716.823065,2653.188581,39.396498,-8.279947,74897.871937,-0.147925,-0.185498,-0.000399,-218.320045,0.000000
42.000000,70.671727,27.574602,0.235001,802.510025,716.440156,2652.161304,39.396494,-8.279949,74907.271695,-0.146480,-0.183764,0.000143,-218.339271,0.000000
42.040000,70.692640,27.577767,0.232767,802.389311,716.056953,2651.134027,39.396491,-8.279950,74916.671422,-0.145049,-0.182046,0.000676,-218.358189,0.000000
42.080000,70.713353,27.580884,0.230554,802.268366,715.673459,2650.106751,39.396487,-8.279951,74926.071198,-0.143631,-0.180344,0.001200,-218.376805,0.000000
42.120000,70.733868,27.583955,0.228364,802.147190,715.289677,2649.079478,39.396484,-8.279953,74935.470927,-0.142226,-0.178659,0.001715,-218.395123,0.000000
42.160000,70.754188,27.586981,0.226195,802.025787,714.905608,2648.052206,39.396480,-8.279954,74944.870631,-0.140834,-0.176989,0.002223,-218.413148,0.000000
42.200000,70.774314,27.589960,0.224048,801.904159,714.521257,2647.024939,39.396477,-8.279956,74954.270302,-0.139456,-0.175334,0.002722,-218.430884,0.000000
42.240000,70.794248,27.592896,0.221922,801.782307,714.136625,2645.997676,39.396473,-8.279957,74963.669933,-0.138090,-0.173696,0.003213,-218.448335,0.000000
42.280000,70.813992,27.595786,0.219817,801.660235,713.751714,2644.970418,39.396470,-8.279959,74973.069518,-0.136737,-0.172072,0.003697,-218.465506,0.000000
42.320000,70.833548,27.598633,0.217734,801.537944,713.366529,2643.943165,39.396467,-8.279960,74982.469048,-0.135397,-0.170464,0.004172,-218.482401,0.000000
42.360000,70.852917,27.601437,0.215670,801.415436,712.981071,2642.915920,39.396463,-8.279961,74991.868517,-0.134070,-0.168871,0.004640,-218.499024,0.000000
42.400000,70.872102,27.604197,0.213628,801.292714,712.595343,2641.888682,39.396460,-8.279963,75001.267918,-0.132755,-0.167293,0.005100,-218.515380,0.000000
42.440000,70.891104,27.606916,0.211606,801.169779,712.209347,2640.861452,39.396456,-8.279964,75010.667247,-0.131452,-0.165730,0.005553,-218.531472,0.000000
42.480000,70.909924,27.609592,0.209603,801.046634,711.823086,2639.834231,39.396453,-8.279966,75020.066490,-0.130162,-0.164181,0.005998,-218.547305,0.000000
42.520000,70.928565,27.612227,0.207621,800.923280,711.436562,2638.807020,39.396449,-8.279967,75029.465648,-0.128884,-0.162647,0.006437,-218.562882,0.000000
42.560000,70.947029,27.614821,0.205659,800.799721,711.049778,2637.779818,39.396446,-8.279969,75038.864711,-0.127617,-0.161128,0.006868,-218.578208,0.000000
42.600000,70.965316,27.617374,0.203716,800.675957,710.662736,2636.752628,39.396442,-8.279970,75048.263674,-0.126363,-0.159622,0.007292,-218.593286,0.000000
42.640000,70.983429,27.619888,0.201792,800.551991,710.275438,2635.725450,39.396439,-8.279971,75057.662530,-0.125121,-0.158131,0.007709,-218.608120,0.000000
42.680000,71.001370,27.622361,0.199888,800.427825,709.887888,2634.698284,39.396435,-8.279973,75067.061273,-0.123890,-0.156654,0.008119,-218.622714,0.000000
42.720000,71.019139,27.624796,0.198002,800.303461,709.500087,2633.671131,39.396432,-8.279974,75076.459897,-0.122670,-0.155191,0.008523,-218.637071,0.000000
42.760000,71.036739,27.627192,0.196136,800.178900,709.112038,2632.643991,39.396428,-8.279976,75085.858397,-0.121463,-0.153742,0.008920,-218.651196,0.000000
42.800000,71.054172,27.629549,0.194288,800.054145,708.723743,2631.616866,39.396425,-8.279977,75095.256766,-0.120266,-0.152306,0.009311,-218.665091,0.000000
42.840000,71.071438,27.631869,0.192458,799.929198,708.335204,2630.589755,39.396421,-8.279979,75104.654998,-0.119081,-0.150883,0.009695,-218.678761,0.000000
42.880000,71.088540,27.634151,0.190647,799.804060,707.946423,2629.562661,39.396418,-8.279980,75114.053089,-0.117907,-0.149475,0.010073,-218.692208,0.000000
42.920000,71.105479,27.636396,0.188854,799.678733,707.557404,2628.535582,39.396414,-8.279982,75123.451032,-0.116744,-0.148079,0.010445,-218.705437,0.000000
42.960000,71.122257,27.638604,0.187078,799.553220,707.168148,2627.508520,39.396411,-8.279983,75132.848822,-0.115592,-0.146696,0.010811,-218.718450,0.000000
43.000000,71.138874,27.640777,0.185321,799.427521,706.778656,2626.481475,39.396407,-8.279985,75142.246454,-0.114451,-0.145327,0.011170,-218.731252,0.000000
43.040000,71.155334,27.642913,0.183581,799.301640,706.388933,2625.454448,39.396404,-8.279986,75151.643923,-0.113321,-0.143970,0.011524,-218.743844,0.000000
43.080000,71.171636,27.645014,0.181858,799.175577,705.998979,2624.427440,39.396400,-8.279987,75161.041223,-0.112201,-0.142627,0.011872,-218.756231,0.000000
43.120000,71.187783,27.647080,0.180153,799.049335,705.608796,2623.400451,39.396397,-8.279989,75170.438349,-0.111092,-0.141296,0.012215,-218.768415,0.000000
43.160000,71.203777,27.649111,0.178465,798.922915,705.218388,2622.373481,39.396393,-8.279990,75179.835296,-0.109993,-0.139977,0.012551,-218.780401,0.000000
43.200000,71.219618,27.651108,0.176793,798.796319,704.827756,2621.346531,39.396390,-8.279992,75189.232059,-0.108905,-0.138671,0.012882,-218.792190,0.000000
43.240000,71.235308,27.653072,0.175139,798.669548,704.436902,2620.319602,39.396386,-8.279993,75198.628634,-0.107827,-0.137377,0.013208,-218.803786,0.000000
43.280000,71.250849,27.655001,0.173501,798.542606,704.045828,2619.292694,39.396383,-8.279995,75208.025016,-0.106759,-0.136096,0.013528,-218.815192,0.000000
43.320000,71.266242,27.656898,0.171879,798.415492,703.654536,2618.265807,39.396379,-8.279996,75217.421199,-0.105701,-0.134826,0.013843,-218.826411,0.000000
43.360000,71.281488,27.658762,0.170274,798.288209,703.263029,2617.238943,39.396376,-8.279998,75226.817180,-0.104654,-0.133569,0.014153,-218.837446,0.000000
43.400000,71.296589,27.660593,0.168685,798.160759,702.871307,2616.212102,39.396372,-8.279999,75236.212953,-0.103616,-0.132323,0.014458,-218.848300,0.000000
43.440000,71.311546,27.662393,0.167112,798.033143,702.479375,2615.185283,39.396369,-8.280001,75245.608515,-0.102588,-0.131089,0.014758,-218.858975,0.000000
43.480000,71.326361,27.664161,0.165555,797.905363,702.087232,2614.158488,39.396365,-8.280002,75255.003861,-0.101569,-0.129867,0.015052,-218.869474,0.000000
43.520000,71.341035,27.665897,0.164013,797.777420,701.694882,2613.131718,39.396362,-8.280004,75264.398987,-0.100560,-0.128656,0.015342,-218.879801,0.000000
43.560000,71.355569,27.667603,0.162487,797.649317,701.302325,2612.104971,39.396358,-8.280005,75273.793887,-0.099561,-0.127457,0.015627,-218.889957,0.000000
43.600000,71.369964,27.669278,0.160976,797.521054,700.909565,2611.078250,39.396354,-8.280007,75283.188560,-0.098571,-0.126269,0.015907,-218.899945,0.000000
43.640000,71.384223,27.670923,0.159480,797.392633,700.516603,2610.051554,39.396351,-8.280008,75292.582999,-0.097591,-0.125092,0.016183,-218.909769,0.000000
43.680000,71.398346,27.672537,0.158000,797.264057,700.123441,2609.024884,39.396347,-8.280010,75301.977201,-0.096620,-0.123927,0.016454,-218.919431,0.000000
43.720000,71.412334,27.674123,0.156534,797.135325,699.730080,2607.998241,39.396344,-8.280011,75311.371162,-0.095658,-0.122772,0.016720,-218.928932,0.000000
43.760000,71.426189,27.675678,0.155084,797.006441,699.336523,2606.971624,39.396340,-8.280013,75320.764879,-0.094705,-0.121629,0.016983,-218.938277,0.000000
43.800000,71.439912,27.677205,0.153648,796.877405,698.942771,2605.945034,39.396337,-8.280014,75330.158347,-0.093761,-0.120496,0.017240,-218.947466,0.000000
43.840000,71.453505,27.678704,0.152226,796.748219,698.548827,2604.918472,39.396333,-8.280016,75339.551563,-0.092826,-0.119374,0.017494,-218.956504,0.000000
43.880000,71.466968,27.680174,0.150819,796.618885,698.154691,2603.891938,39.396330,-8.280017,75348.944522,-0.091900,-0.118262,0.017743,-218.965391,0.000000
43.920000,71.480303,27.681616,0.149426,796.489403,697.760367,2602.865433,39.396326,-8.280019,75358.337222,-0.090983,-0.117161,0.017988,-218.974131,0.000000
43.960000,71.493511,27.683030,0.148047,796.359776,697.365854,2601.838956,39.396323,-8.280020,75367.729658,-0.090074,-0.116071,0.018229,-218.982725,0.000000
44.000000,71.506594,27.684417,0.146682,796.230005,696.971157,2600.812508,39.396319,-8.280022,75377.121828,-0.089174,-0.114990,0.018466,-218.991177,0.000000
44.040000,71.519551,27.685777,0.145331,796.100091,696.576275,2599.786090,39.396316,-8.280023,75386.513727,-0.088282,-0.113920,0.018698,-218.999487,0.000000
44.080000,71.532386,27.687110,0.143994,795.970036,696.181211,2598.759702,39.396312,-8.280025,75395.905352,-0.087399,-0.112860,0.018927,-219.007660,0.000000
44.120000,71.545098,27.688417,0.142671,795.839841,695.785966,2597.733344,39.396308,-8.280026,75405.296701,-0.086525,-0.111810,0.019153,-219.015696,0.000000
44.160000,71.557690,27.689697,0.141360,795.709508,695.390542,2596.707016,39.396305,-8.280028,75414.687769,-0.085658,-0.110770,0.019374,-219.023597,0.000000
44.200000,71.570161,27.690952,0.140064,795.579037,694.994941,2595.680720,39.396301,-8.280029,75424.078553,-0.084800,-0.109740,0.019591,-219.031367,0.000000
44.240000,71.582514,27.692181,0.138780,795.448431,694.599165,2594.654455,39.396298,-8.280031,75433.469051,-0.083950,-0.108720,0.019805,-219.039007,0.000000
44.280000,71.594749,27.693385,0.137509,795.317691,694.203215,2593.628222,39.396294,-8.280032,75442.859258,-0.083108,-0.107709,0.020016,-219.046519,0.000000
44.320000,71.606868,27.694564,0.136252,795.186818,693.807092,2592.602021,39.396291,-8.280034,75452.249173,-0.082274,-0.106708,0.020223,-219.053906,0.000000
44.360000,71.618872,27.695717,0.135007,795.055813,693.410798,2591.575852,39.396287,-8.280035,75461.638791,-0.081447,-0.105716,0.020426,-219.061168,0.000000
44.400000,71.630761,27.696847,0.133775,794.924677,693.014336,2590.549715,39.396283,-8.280037,75471.028111,-0.080629,-0.104734,0.020626,-219.068309,0.000000
44.440000,71.642537,27.697952,0.132555,794.793413,692.617706,2589.523612,39.396280,-8.280038,75480.417128,-0.079818,-0.103761,0.020822,-219.075329,0.000000
44.480000,71.654201,27.699034,0.131348,794.662021,692.220909,2588.497542,39.396276,-8.280040,75489.805841,-0.079016,-0.102798,0.021015,-219.082232,0.000000
44.520000,71.665754,27.700091,0.130154,794.530502,691.823949,2587.471506,39.396273,-8.280042,75499.194246,-0.078220,-0.101843,0.021205,-219.089018,0.000000
44.560000,71.677197,27.701125,0.128972,794.398859,691.426825,2586.445504,39.396269,-8.280043,75508.582340,-0.077432,-0.100897,0.021392,-219.095691,0.000000
44.600000,71.688532,27.702136,0.127801,794.267091,691.029540,2585.419535,39.396266,-8.280045,75517.970122,-0.076652,-0.099961,0.021575,-219.102250,0.000000
44.640000,71.699758,27.703125,0.126643,794.135201,690.632095,2584.393602,39.396262,-8.280046,75527.357587,-0.075879,-0.099033,0.021756,-219.108699,0.000000
44.680000,71.710877,27.704090,0.125497,794.003189,690.234492,2583.367703,39.396258,-8.280048,75536.744734,-0.075114,-0.098114,0.021933,-219.115040,0.000000
44.720000,71.721891,27.705033,0.124363,793.871058,689.836731,2582.341839,39.396255,-8.280049,75546.131560,-0.074355,-0.097204,0.022107,-219.121273,0.000000
44.760000,71.732800,27.705954,0.123240,793.738807,689.438815,2581.316011,39.396251,-8.280051,75555.518062,-0.073604,-0.096302,0.022278,-219.127400,0.000000
44.800000,71.743605,27.706853,0.122129,793.606438,689.040745,2580.290218,39.396248,-8.280052,75564.904238,-0.072860,-0.095409,0.022447,-219.133424,0.000000
44.840000,71.754308,27.707731,0.121029,793.473953,688.642522,2579.264461,39.396244,-8.280054,75574.290086,-0.072123,-0.094525,0.022612,-219.139346,0.000000
44.880000,71.764908,27.708587,0.119941,793.341353,688.244148,2578.238741,39.396241,-8.280055,75583.675602,-0.071393,-0.093649,0.022775,-219.145167,0.000000
44.920000,71.775408,27.709422,0.118864,793.208638,687.845625,2577.213057,39.396237,-8.280057,75593.060785,-0.070670,-0.092781,0.022935,-219.150890,0.000000
44.960000,71.785808,27.710236,0.117798,793.075810,687.446952,2576.187409,39.396233,-8.280058,75602.445632,-0.069954,-0.091921,0.023092,-219.156515,0.000000
45.000000,71.796109,27.711029,0.116743,792.942870,687.048133,2575.161799,39.396230,-8.280060,75611.830141,-0.069245,-0.091070,0.023246,-219.162045,0.000000
45.040000,71.806311,27.711802,0.115699,792.809820,686.649168,2574.136225,39.396226,-8.280062,75621.214310,-0.068542,-0.090226,0.023398,-219.167480,0.000000
45.080000,71.816417,27.712554,0.114666,792.676660,686.250059,2573.110689,39.396223,-8.280063,75630.598136,-0.067846,-0.089391,0.023547,-219.172823,0.000000
45.120000,71.826427,27.713286,0.113644,792.543391,685.850806,2572.085191,39.396219,-8.280065,75639.981618,-0.067157,-0.088563,0.023694,-219.178074,0.000000
45.160000,71.836341,27.713999,0.112632,792.410015,685.451412,2571.059731,39.396215,-8.280066,75649.364753,-0.066474,-0.087744,0.023838,-219.183236,0.000000
45.200000,71.846161,27.714692,0.111631,792.276532,685.051878,2570.034309,39.396212,-8.280068,75658.747538,-0.065798,-0.086932,0.023979,-219.188310,0.000000
45.240000,71.855888,27.715366,0.110640,792.142944,684.652204,2569.008925,39.396208,-8.280069,75668.129973,-0.065128,-0.086128,0.024118,-219.193297,0.000000
45.280000,71.865522,27.716020,0.109660,792.009252,684.252393,2567.983580,39.396205,-8.280071,75677.512054,-0.064464,-0.085331,0.024255,-219.198198,0.000000
45.320000,71.875065,27.716656,0.108690,791.875457,683.852445,2566.958273,39.396201,-8.280072,75686.893781,-0.063807,-0.084542,0.024389,-219.203016,0.000000
45.360000,71.884516,27.717272,0.107730,791.741560,683.452362,2565.933006,39.396197,-8.280074,75696.275150,-0.063156,-0.083761,0.024521,-219.207750,0.000000
45.400000,71.893878,27.717870,0.106781,791.607562,683.052144,2564.907778,39.396194,-8.280076,75705.656161,-0.062511,-0.082987,0.024651,-219.212404,0.000000
45.440000,71.903151,27.718450,0.105841,791.473463,682.651794,2563.882589,39.396190,-8.280077,75715.036810,-0.061873,-0.082220,0.024778,-219.216977,0.000000
45.480000,71.912335,27.719012,0.104911,791.339266,682.251313,2562.857440,39.396187,-8.280079,75724.417097,-0.061240,-0.081461,0.024904,-219.221471,0.000000
45.520000,71.921432,27.719556,0.103991,791.204971,681.850701,2561.832331,39.396183,-8.280080,75733.797019,-0.060613,-0.080708,0.025027,-219.225888,0.000000
45.560000,71.930443,27.720082,0.103081,791.070578,681.449960,2560.807261,39.396179,-8.280082,75743.176575,-0.059993,-0.079963,0.025147,-219.230229,0.000000
45.600000,71.939368,27.720590,0.102180,790.936090,681.049091,2559.782232,39.396176,-8.280083,75752.555762,-0.059378,-0.079225,0.025266,-219.234495,0.000000
45.640000,71.948208,27.721081,0.101289,790.801507,680.648095,2558.757244,39.396172,-8.280085,75761.934580,-0.058769,-0.078494,0.025383,-219.238687,0.000000
45.680000,71.956964,27.721555,0.100407,790.666830,680.246974,2557.732296,39.396169,-8.280087,75771.313026,-0.058166,-0.077770,0.025498,-219.242806,0.000000
45.720000,71.965636,27.722012,0.099535,790.532059,679.845728,2556.707389,39.396165,-8.280088,75780.691099,-0.057569,-0.077053,0.025610,-219.246854,0.000000
45.760000,71.974227,27.722453,0.098672,790.397197,679.444359,2555.682523,39.396161,-8.280090,75790.068796,-0.056977,-0.076343,0.025721,-219.250832,0.000000
45.800000,71.982735,27.722876,0.097818,790.262243,679.042868,2554.657698,39.396158,-8.280091,75799.446118,-0.056391,-0.075639,0.025830,-219.254741,0.000000
45.840000,71.991162,27.723283,0.096974,790.127199,678.641256,2553.632914,39.396154,-8.280093,75808.823061,-0.055810,-0.074942,0.025936,-219.258581,0.000000
45.880000,71.999510,27.723674,0.096138,789.992066,678.239523,2552.608172,39.396151,-8.280094,75818.199624,-0.055235,-0.074252,0.026041,-219.262355,0.000000
45.920000,72.007778,27.724049,0.095311,789.856844,677.837673,2551.583471,39.396147,-8.280096,75827.575806,-0.054666,-0.073569,0.026144,-219.266063,0.000000
45.960000,72.015967,27.724408,0.094493,789.721535,677.435704,2550.558813,39.396143,-8.280098,75836.951606,-0.054102,-0.072891,0.026246,-219.269707,0.000000
46.000000,72.024078,27.724752,0.093684,789.586140,677.033619,2549.534196,39.396140,-8.280099,75846.327021,-0.053543,-0.072221,0.026345,-219.273286,0.000000
46.040000,72.032113,27.725079,0.092884,789.450658,676.631418,2548.509622,39.396136,-8.280101,75855.702050,-0.052990,-0.071556,0.026443,-219.276803,0.000000
46.080000,72.040070,27.725392,0.092092,789.315092,676.229103,2547.485089,39.396132,-8.280102,75865.076693,-0.052441,-0.070898,0.026539,-219.280259,0.000000
46.120000,72.047952,27.725689,0.091309,789.179442,675.826674,2546.460600,39.396129,-8.280104,75874.450947,-0.051899,-0.070246,0.026633,-219.283653,0.000000
46.160000,72.055760,27.725971,0.090534,789.043709,675.424133,2545.436152,39.396125,-8.280105,75883.824811,-0.051361,-0.069601,0.026725,-219.286989,0.000000
46.200000,72.063492,27.726239,0.089768,788.907894,675.021480,2544.411748,39.396122,-8.280107,75893.198283,-0.050828,-0.068961,0.026816,-219.290265,0.000000
46.240000,72.071152,27.726491,0.089010,788.771998,674.618717,2543.387387,39.396118,-8.280109,75902.571363,-0.050301,-0.068328,0.026905,-219.293484,0.000000
46.280000,72.078738,27.726729,0.088260,788.636021,674.215845,2542.363068,39.396114,-8.280110,75911.944049,-0.049778,-0.067700,0.026993,-219.296646,0.000000
46.320000,72.086253,27.726953,0.087518,788.499964,673.812865,2541.338793,39.396111,-8.280112,75921.316340,-0.049260,-0.067079,0.027079,-219.299752,0.000000
46.360000,72.093695,27.727162,0.086785,788.363829,673.409777,2540.314561,39.396107,-8.280113,75930.688235,-0.048748,-0.066463,0.027164,-219.302804,0.000000
46.400000,72.101067,27.727358,0.086059,788.227615,673.006583,2539.290373,39.396103,-8.280115,75940.059732,-0.048240,-0.065854,0.027247,-219.305801,0.000000
46.440000,72.108369,27.727539,0.085342,788.091325,672.603283,2538.266228,39.396100,-8.280116,75949.430830,-0.047737,-0.065250,0.027328,-219.308745,0.000000
46.480000,72.115602,27.727707,0.084632,787.954958,672.199879,2537.242127,39.396096,-8.280118,75958.801527,-0.047239,-0.064652,0.027408,-219.311637,0.000000
46.520000,72.122766,27.727861,0.083930,787.818515,671.796372,2536.218069,39.396093,-8.280120,75968.171824,-0.046745,-0.064059,0.027487,-219.314477,0.000000
46.560000,72.129861,27.728001,0.083236,787.681998,671.392762,2535.194056,39.396089,-8.280121,75977.541718,-0.046257,-0.063473,0.027564,-219.317267,0.000000
46.600000,72.136889,27.728129,0.082550,787.545406,670.989051,2534.170087,39.396085,-8.280123,75986.911209,-0.045773,-0.062891,0.027640,-219.320008,0.000000
46.640000,72.143850,27.728243,0.081871,787.408742,670.585239,2533.146162,39.396082,-8.280124,75996.280295,-0.045293,-0.062316,0.027714,-219.322699,0.000000
46.680000,72.150745,27.728344,0.081199,787.272005,670.181327,2532.122281,39.396078,-8.280126,76005.648975,-0.044818,-0.061746,0.027788,-219.325342,0.000000
46.720000,72.157575,27.728432,0.080535,787.135196,669.777316,2531.098445,39.396074,-8.280128,76015.017248,-0.044348,-0.061181,0.027859,-219.327938,0.000000
46.760000,72.164339,27.728507,0.079879,786.998316,669.373208,2530.074654,39.396071,-8.280129,76024.385114,-0.043882,-0.060621,0.027930,-219.330487,0.000000
46.800000,72.171039,27.728570,0.079230,786.861366,668.969002,2529.050907,39.396067,-8.280131,76033.752570,-0.043420,-0.060067,0.027999,-219.332991,0.000000
46.840000,72.177676,27.728620,0.078588,786.724347,668.564701,2528.027205,39.396064,-8.280132,76043.119617,-0.042963,-0.059519,0.028067,-219.335449,0.000000
46.880000,72.184249,27.728658,0.077953,786.587258,668.160304,2527.003547,39.396060,-8.280134,76052.486253,-0.042511,-0.058975,0.028133,-219.337864,0.000000
46.920000,72.190760,27.728684,0.077326,786.450102,667.755813,2525.979935,39.396056,-8.280136,76061.852477,-0.042062,-0.058437,0.028199,-219.340234,0.000000
46.960000,72.197209,27.728698,0.076705,786.312879,667.351228,2524.956368,39.396053,-8.280137,76071.218288,-0.041618,-0.057903,0.028263,-219.342562,0.000000
47.000000,72.203596,27.728699,0.076091,786.175589,666.946551,2523.932846,39.396049,-8.280139,76080.583685,-0.041178,-0.057375,0.028326,-219.344848,0.000000
47.040000,72.209923,27.728689,0.075485,786.038233,666.541782,2522.909370,39.396045,-8.280140,76089.948668,-0.040743,-0.056852,0.028388,-219.347092,0.000000
47.080000,72.216189,27.728668,0.074885,785.900811,666.136922,2521.885939,39.396042,-8.280142,76099.313235,-0.040311,-0.056334,0.028448,-219.349295,0.000000
47.120000,72.222396,27.728634,0.074292,785.763326,665.731972,2520.862553,39.396038,-8.280144,76108.677386,-0.039884,-0.055821,0.028508,-219.351459,0.000000
47.160000,72.228544,27.728590,0.073706,785.625776,665.326932,2519.839213,39.396034,-8.280145,76118.041119,-0.039460,-0.055312,0.028566,-219.353583,0.000000
47.200000,72.234634,27.728534,0.073127,785.488164,664.921804,2518.815919,39.396031,-8.280147,76127.404434,-0.039041,-0.054809,0.028624,-219.355668,0.000000
47.240000,72.240665,27.728466,0.072554,785.350488,664.516589,2517.792670,39.396027,-8.280148,76136.767330,-0.038626,-0.054310,0.028680,-219.357715,0.000000
47.280000,72.246639,27.728388,0.071987,785.212752,664.111286,2516.769468,39.396023,-8.280150,76146.129806,-0.038214,-0.053816,0.028735,-219.359724,0.000000
47.320000,72.252557,27.728299,0.071428,785.074954,663.705897,2515.746311,39.396020,-8.280152,76155.491861,-0.037807,-0.053327,0.028789,-219.361697,0.000000
47.360000,72.258418,27.728199,0.070874,784.937095,663.300423,2514.723201,39.396016,-8.280153,76164.853495,-0.037403,-0.052842,0.028843,-219.363633,0.000000
47.400000,72.264223,27.728088,0.070327,784.799177,662.894865,2513.700136,39.396013,-8.280155,76174.214706,-0.037003,-0.052362,0.028895,-219.365534,0.000000
47.440000,72.269973,27.727967,0.069787,784.661199,662.489222,2512.677118,39.396009,-8.280156,76183.575495,-0.036607,-0.051887,0.028946,-219.367399,0.000000
47.480000,72.275668,27.727835,0.069252,784.523163,662.083497,2511.654146,39.396005,-8.280158,76192.935860,-0.036215,-0.051416,0.028996,-219.369231,0.000000
47.520000,72.281310,27.727693,0.068724,784.385069,661.677689,2510.631221,39.396002,-8.280160,76202.295800,-0.035827,-0.050949,0.029045,-219.371028,0.000000
47.560000,72.286897,27.727540,0.068202,784.246917,661.271800,2509.608342,39.395998,-8.280161,76211.655315,-0.035442,-0.050487,0.029094,-219.372791,0.000000
47.600000,72.292431,27.727378,0.067686,784.108709,660.865830,2508.585509,39.395994,-8.280163,76221.014404,-0.035061,-0.050030,0.029141,-219.374522,0.000000
47.640000,72.297913,27.727205,0.067177,783.970445,660.459780,2507.562723,39.395991,-8.280164,76230.373067,-0.034684,-0.049576,0.029188,-219.376221,0.000000
47.680000,72.303343,27.727023,0.066673,783.832125,660.053651,2506.539984,39.395987,-8.280166,76239.731302,-0.034310,-0.049128,0.029233,-219.377888,0.000000
47.720000,72.308721,27.726831,0.066175,783.693751,659.647443,2505.517292,39.395983,-8.280168,76249.089109,-0.033940,-0.048683,0.029278,-219.379523,0.000000
47.760000,72.314048,27.726629,0.065683,783.555322,659.241157,2504.494646,39.395980,-8.280169,76258.446488,-0.033573,-0.048243,0.029322,-219.381128,0.000000
47.800000,72.319324,27.726417,0.065197,783.416839,658.834794,2503.472048,39.395976,-8.280171,76267.803437,-0.033210,-0.047806,0.029365,-219.382703,0.000000
47.840000,72.324550,27.726196,0.064716,783.278303,658.428355,2502.449496,39.395972,-8.280173,76277.159956,-0.032850,-0.047374,0.029407,-219.384248,0.000000
47.880000,72.329726,27.725965,0.064242,783.139715,658.021840,2501.426992,39.395969,-8.280174,76286.516045,-0.032494,-0.046946,0.029448,-219.385764,0.000000
47.920000,72.334853,27.725726,0.063773,783.001075,657.615249,2500.404534,39.395965,-8.280176,76295.871703,-0.032141,-0.046523,0.029489,-219.387251,0.000000
47.960000,72.339931,27.725477,0.063309,782.862383,657.208584,2499.382124,39.395961,-8.280177,76305.226929,-0.031791,-0.046103,0.029529,-219.388710,0.000000
48.000000,72.344961,27.725218,0.062852,782.723640,656.801846,2498.359761,39.395958,-8.280179,76314.581722,-0.031445,-0.045687,0.029568,-219.390142,0.000000
48.040000,72.349943,27.724951,0.062399,782.584847,656.395034,2497.337445,39.395954,-8.280181,76323.936083,-0.031102,-0.045275,0.029606,-219.391545,0.000000
48.080000,72.354878,27.724675,0.061952,782.446005,655.988150,2496.315177,39.395950,-8.280182,76333.290011,-0.030762,-0.044867,0.029643,-219.392922,0.000000
48.120000,72.359766,27.724391,0.061511,782.307113,655.581194,2495.292956,39.395947,-8.280184,76342.643504,-0.030426,-0.044463,0.029680,-219.394273,0.000000
48.160000,72.364607,27.724097,0.061075,782.168172,655.174167,2494.270783,39.395943,-8.280185,76351.996563,-0.030093,-0.044063,0.029716,-219.395598,0.000000
48.200000,72.369402,27.723795,0.060644,782.029184,654.767069,2493.248657,39.395939,-8.280187,76361.349187,-0.029763,-0.043667,0.029751,-219.396897,0.000000
48.240000,72.374152,27.723485,0.060219,781.890147,654.359902,2492.226579,39.395936,-8.280189,76370.701375,-0.029436,-0.043274,0.029786,-219.398171,0.000000
48.280000,72.378856,27.723166,0.059798,781.751064,653.952665,2491.204548,39.395932,-8.280190,76380.053127,-0.029112,-0.042885,0.029820,-219.399420,0.000000
48.320000,72.383516,27.722838,0.059383,781.611934,653.545360,2490.182565,39.395928,-8.280192,76389.404443,-0.028792,-0.042500,0.029853,-219.400645,0.000000
48.360000,72.388131,27.722503,0.058973,781.472758,653.137987,2489.160630,39.395925,-8.280194,76398.755321,-0.028474,-0.042119,0.029885,-219.401847,0.000000
48.400000,72.392703,27.722159,0.058568,781.333536,652.730546,2488.138743,39.395921,-8.280195,76408.105762,-0.028159,-0.041741,0.029917,-219.403024,0.000000
48.440000,72.397230,27.721807,0.058169,781.194269,652.323039,2487.116903,39.395917,-8.280197,76417.455765,-0.027848,-0.041366,0.029948,-219.404179,0.000000
48.480000,72.401715,27.721447,0.057774,781.054958,651.915465,2486.095112,39.395914,-8.280198,76426.805330,-0.027539,-0.040996,0.029979,-219.405311,0.000000
48.520000,72.406158,27.721079,0.057384,780.915603,651.507826,2485.073368,39.395910,-8.280200,76436.154456,-0.027234,-0.040629,0.030009,-219.406421,0.000000
48.560000,72.410557,27.720704,0.056998,780.776204,651.100122,2484.051673,39.395906,-8.280202,76445.503142,-0.026931,-0.040265,0.030038,-219.407509,0.000000
48.600000,72.414916,27.720321,0.056618,780.636762,650.692353,2483.030025,39.395903,-8.280203,76454.851389,-0.026631,-0.039905,0.030067,-219.408575,0.000000
48.640000,72.419232,27.719930,0.056243,780.497277,650.284520,2482.008426,39.395899,-8.280205,76464.199195,-0.026334,-0.039548,0.030095,-219.409620,0.000000
48.680000,72.423508,27.719531,0.055872,780.357750,649.876625,2480.986875,39.395895,-8.280207,76473.546561,-0.026040,-0.039195,0.030122,-219.410644,0.000000
48.720000,72.427743,27.719126,0.055506,780.218182,649.468666,2479.965372,39.395892,-8.280208,76482.893486,-0.025749,-0.038845,0.030149,-219.411648,0.000000
48.760000,72.431937,27.718712,0.055144,780.078572,649.060645,2478.943917,39.395888,-8.280210,76492.239969,-0.025460,-0.038498,0.030176,-219.412631,0.000000
48.800000,72.436092,27.718292,0.054787,779.938922,648.652563,2477.922510,39.395884,-8.280211,76501.586011,-0.025174,-0.038155,0.030202,-219.413595,0.000000
48.840000,72.440207,27.717864,0.054435,779.799231,648.244420,2476.901152,39.395881,-8.280213,76510.931610,-0.024891,-0.037815,0.030227,-219.414539,0.000000
48.880000,72.444283,27.717429,0.054087,779.659501,647.836216,2475.879842,39.395877,-8.280215,76520.276767,-0.024611,-0.037478,0.030252,-219.415464,0.000000
48.920000,72.448320,27.716987,0.053744,779.519731,647.427952,2474.858581,39.395873,-8.280216,76529.621481,-0.024333,-0.037144,0.030276,-219.416370,0.000000
48.960000,72.452319,27.716537,0.053405,779.379922,647.019629,2473.837368,39.395870,-8.280218,76538.965752,-0.024058,-0.036814,0.030300,-219.417258,0.000000
49.000000,72.456280,27.716081,0.053071,779.240075,646.611247,2472.816203,39.395866,-8.280220,76548.309579,-0.023786,-0.036487,0.030323,-219.418127,0.000000
49.040000,72.460203,27.715619,0.052741,779.100190,646.202806,2471.795087,39.395862,-8.280221,76557.652962,-0.023516,-0.036163,0.030345,-219.418979,0.000000
49.080000,72.464089,27.715149,0.052415,778.960267,645.794308,2470.774020,39.395859,-8.280223,76566.995902,-0.023248,-0.035842,0.030368,-219.419812,0.000000
49.120000,72.467938,27.714672,0.052093,778.820306,645.385752,2469.753001,39.395855,-8.280224,76576.338396,-0.022984,-0.035524,0.030389,-219.420629,0.000000
49.160000,72.471750,27.714189,0.051776,778.680310,644.977140,2468.732031,39.395851,-8.280226,76585.680445,-0.022722,-0.035209,0.030411,-219.421429,0.000000
49.200000,72.475526,27.713700,0.051462,778.540276,644.568471,2467.711109,39.395848,-8.280228,76595.022050,-0.022462,-0.034897,0.030431,-219.422211,0.000000
49.240000,72.479266,27.713204,0.051153,778.400207,644.159746,2466.690236,39.395844,-8.280229,76604.363209,-0.022205,-0.034588,0.030452,-219.422978,0.000000
49.280000,72.482970,27.712701,0.050848,778.260102,643.750966,2465.669412,39.395840,-8.280231,76613.703922,-0.021950,-0.034282,0.030471,-219.423728,0.000000
49.320000,72.486639,27.712192,0.050547,778.119962,643.342131,2464.648637,39.395837,-8.280233,76623.044188,-0.021698,-0.033978,0.030491,-219.424462,0.000000
49.360000,72.490274,27.711677,0.050250,777.979788,642.933242,2463.627910,39.395833,-8.280234,76632.384009,-0.021448,-0.033678,0.030510,-219.425181,0.000000
49.400000,72.493873,27.711156,0.049957,777.839579,642.524299,2462.607232,39.395829,-8.280236,76641.723383,-0.021200,-0.033381,0.030528,-219.425884,0.000000
49.440000,72.497439,27.710628,0.049668,777.699336,642.115302,2461.586603,39.395826,-8.280237,76651.062310,-0.020955,-0.033086,0.030546,-219.426573,0.000000
49.480000,72.500970,27.710094,0.049383,777.559060,641.706253,2460.566023,39.395822,-8.280239,76660.400789,-0.020712,-0.032795,0.030564,-219.427246,0.000000
49.520000,72.504468,27.709555,0.049101,777.418750,641.297151,2459.545492,39.395818,-8.280241,76669.738821,-0.020472,-0.032506,0.030581,-219.427905,0.000000
49.560000,72.507933,27.709009,0.048824,777.278408,640.887997,2458.525010,39.395815,-8.280242,76679.076406,-0.020234,-0.032220,0.030598,-219.428549,0.000000
49.600000,72.511364,27.708458,0.048550,777.138034,640.478791,2457.504577,39.395811,-8.280244,76688.413542,-0.019998,-0.031936,0.030615,-219.429179,0.000000
49.640000,72.514763,27.707900,0.048280,776.997627,640.069535,2456.484192,39.395807,-8.280246,76697.750231,-0.019764,-0.031655,0.030631,-219.429796,0.000000
49.680000,72.518130,27.707337,0.048013,776.857189,639.660228,2455.463857,39.395804,-8.280247,76707.086471,-0.019533,-0.031377,0.030647,-219.430398,0.000000
49.720000,72.521465,27.706768,0.047750,776.716719,639.250870,2454.443571,39.395800,-8.280249,76716.422262,-0.019304,-0.031102,0.030662,-219.430988,0.000000
49.760000,72.524768,27.706194,0.047491,776.576219,638.841463,2453.423334,39.395796,-8.280251,76725.757604,-0.019077,-0.030829,0.030677,-219.431564,0.000000
49.800000,72.528039,27.705614,0.047236,776.435688,638.432006,2452.403145,39.395792,-8.280252,76735.092497,-0.018852,-0.030559,0.030691,-219.432127,0.000000
49.840000,72.531279,27.705028,0.046983,776.295127,638.022501,2451.383006,39.395789,-8.280254,76744.426941,-0.018629,-0.030291,0.030706,-219.432678,0.000000
49.880000,72.534489,27.704437,0.046735,776.154536,637.612947,2450.362917,39.395785,-8.280255,76753.760935,-0.018408,-0.030026,0.030720,-219.433215,0.000000
49.920000,72.537668,27.703841,0.046490,776.013916,637.203345,2449.342876,39.395781,-8.280257,76763.094480,-0.018190,-0.029764,0.030733,-219.433741,0.000000
49.960000,72.540817,27.703239,0.046248,775.873266,636.793695,2448.322884,39.395778,-8.280259,76772.427574,-0.017974,-0.029504,0.030746,-219.434255,0.000000
50.000000,72.543935,27.702632,0.046009,775.732588,636.383999,2447.302942,39.395774,-8.280260,76781.760219,-0.017759,-0.029246,0.030759,-219.434756,0.000000
50.040000,72.547024,27.702020,0.045774,775.591882,635.974255,2446.283049,39.395770,-8.280262,76791.092413,-0.017547,-0.028991,0.030772,-219.435246,0.000000
50.080000,72.550084,27.701402,0.045542,775.451147,635.564465,2445.263205,39.395767,-8.280264,76800.424157,-0.017337,-0.028738,0.030784,-219.435724,0.000000
50.120000,72.553115,27.700780,0.045314,775.310384,635.154629,2444.243410,39.395763,-8.280265,76809.755450,-0.017129,-0.028488,0.030796,-219.436192,0.000000
50.160000,72.556116,27.700152,0.045089,775.169595,634.744747,2443.223665,39.395759,-8.280267,76819.086292,-0.016922,-0.028240,0.030807,-219.436648,0.000000
50.200000,72.559089,27.699519,0.044866,775.028778,634.334821,2442.203969,39.395756,-8.280269,76828.416683,-0.016718,-0.027995,0.030819,-219.437093,0.000000
50.240000,72.562034,27.698882,0.044648,774.887934,633.924849,2441.184322,39.395752,-8.280270,76837.746623,-0.016516,-0.027752,0.030830,-219.437527,0.000000
50.280000,72.564951,27.698239,0.044432,774.747064,633.514833,2440.164724,39.395748,-8.280272,76847.076111,-0.016315,-0.027511,0.030840,-219.437951,0.000000
50.320000,72.567840,27.697592,0.044219,774.606168,633.104773,2439.145176,39.395745,-8.280274,76856.405148,-0.016117,-0.027272,0.030851,-219.438364,0.000000
50.360000,72.570702,27.696939,0.044009,774.465246,632.694670,2438.125678,39.395741,-8.280275,76865.733734,-0.015920,-0.027036,0.030861,-219.438767,0.000000
50.400000,72.573536,27.696282,0.043802,774.324298,632.284523,2437.106228,39.395737,-8.280277,76875.061867,-0.015726,-0.026802,0.030871,-219.439160,0.000000
50.440000,72.576344,27.695621,0.043599,774.183326,631.874333,2436.086828,39.395734,-8.280278,76884.389549,-0.015533,-0.026570,0.030880,-219.439544,0.000000
50.480000,72.579124,27.694954,0.043398,774.042328,631.464101,2435.067478,39.395730,-8.280280,76893.716778,-0.015342,-0.026341,0.030890,-219.439917,0.000000
50.520000,72.581878,27.694284,0.043200,773.901306,631.053827,2434.048176,39.395726,-8.280282,76903.043556,-0.015153,-0.026114,0.030899,-219.440281,0.000000
50.560000,72.584606,27.693608,0.043005,773.760260,630.643510,2433.028925,39.395722,-8.280283,76912.369881,-0.014965,-0.025888,0.030907,-219.440636,0.000000
50.600000,72.587308,27.692928,0.042813,773.619190,630.233153,2432.009722,39.395719,-8.280285,76921.695753,-0.014780,-0.025665,0.030916,-219.440981,0.000000
50.640000,72.589985,27.692244,0.042623,773.478096,629.822754,2430.990570,39.395715,-8.280287,76931.021173,-0.014596,-0.025444,0.030924,-219.441318,0.000000
50.680000,72.592635,27.691555,0.042437,773.336979,629.412315,2429.971466,39.395711,-8.280288,76940.346140,-0.014414,-0.025226,0.030932,-219.441646,0.000000
50.720000,72.595261,27.690862,0.042253,773.195839,629.001835,2428.952412,39.395708,-8.280290,76949.670654,-0.014234,-0.025009,0.030940,-219.441964,0.000000
50.760000,72.597862,27.690165,0.042072,773.054676,628.591315,2427.933408,39.395704,-8.280292,76958.994715,-0.014055,-0.024794,0.030947,-219.442275,0.000000
50.800000,72.600438,27.689463,0.041893,772.913490,628.180756,2426.914453,39.395700,-8.280293,76968.318324,-0.013878,-0.024582,0.030955,-219.442576,0.000000
50.840000,72.602989,27.688757,0.041718,772.772282,627.770157,2425.895548,39.395697,-8.280295,76977.641479,-0.013703,-0.024371,0.030962,-219.442870,0.000000
50.880000,72.605516,27.688047,0.041544,772.631053,627.359520,2424.876692,39.395693,-8.280297,76986.964180,-0.013530,-0.024163,0.030968,-219.443155,0.000000
50.920000,72.608019,27.687333,0.041374,772.489802,626.948843,2423.857886,39.395689,-8.280298,76996.286429,-0.013358,-0.023956,0.030975,-219.443433,0.000000
50.960000,72.610498,27.686614,0.041205,772.348529,626.538128,2422.839129,39.395686,-8.280300,77005.608223,-0.013188,-0.023751,0.030981,-219.443702,0.000000
51.000000,72.612954,27.685892,0.041040,772.207235,626.127376,2421.820422,39.395682,-8.280301,77014.929565,-0.013019,-0.023549,0.030988,-219.443964,0.000000
51.040000,72.615386,27.685166,0.040877,772.065921,625.716585,2420.801765,39.395678,-8.280303,77024.250452,-0.012852,-0.023348,0.030993,-219.444218,0.000000
51.080000,72.617795,27.684435,0.040716,771.924585,625.305758,2419.783157,39.395674,-8.280305,77033.570886,-0.012687,-0.023149,0.030999,-219.444464,0.000000
51.120000,72.620181,27.683701,0.040558,771.783230,624.894893,2418.764599,39.395671,-8.280306,77042.890866,-0.012523,-0.022952,0.031005,-219.444704,0.000000
51.160000,72.622544,27.682963,0.040402,771.641854,624.483991,2417.746090,39.395667,-8.280308,77052.210392,-0.012361,-0.022757,0.031010,-219.444936,0.000000
51.200000,72.624885,27.682221,0.040248,771.500459,624.073053,2416.727631,39.395663,-8.280310,77061.529464,-0.012200,-0.022564,0.031015,-219.445161,0.000000
51.240000,72.627204,27.681476,0.040097,771.359044,623.662079,2415.709222,39.395660,-8.280311,77070.848082,-0.012041,-0.022373,0.031020,-219.445379,0.000000
51.280000,72.629501,27.680726,0.039948,771.217610,623.251069,2414.690862,39.395656,-8.280313,77080.166246,-0.011884,-0.022183,0.031025,-219.445590,0.000000
51.320000,72.631775,27.679973,0.039802,771.076157,622.840024,2413.672552,39.395652,-8.280315,77089.483956,-0.011728,-0.021996,0.031029,-219.445794,0.000000
51.360000,72.634028,27.679217,0.039657,770.934685,622.428944,2412.654291,39.395649,-8.280316,77098.801211,-0.011573,-0.021810,0.031034,-219.445992,0.000000
51.400000,72.636260,27.678456,0.039515,770.793195,622.017828,2411.636080,39.395645,-8.280318,77108.118012,-0.011420,-0.021626,0.031038,-219.446183,0.000000
51.440000,72.638470,27.677692,0.039375,770.651686,621.606678,2410.617919,39.395641,-8.280320,77117.434359,-0.011268,-0.021443,0.031042,-219.446368,0.000000
51.480000,72.640660,27.676925,0.039237,770.510160,621.195494,2409.599807,39.395637,-8.280321,77126.750251,-0.011118,-0.021263,0.031046,-219.446546,0.000000
51.520000,72.642828,27.676154,0.039101,770.368615,620.784275,2408.581745,39.395634,-8.280323,77136.065689,-0.010969,-0.021084,0.031049,-219.446718,0.000000
51.560000,72.644976,27.675379,0.038968,770.227053,620.373023,2407.563733,39.395630,-8.280325,77145.380672,-0.010822,-0.020907,0.031053,-219.446885,0.000000
51.600000,72.647103,27.674601,0.038836,770.085474,619.961738,2406.545771,39.395626,-8.280326,77154.695200,-0.010676,-0.020731,0.031056,-219.447045,0.000000
51.640000,72.649210,27.673820,0.038707,769.943878,619.550419,2405.527858,39.395623,-8.280328,77164.009274,-0.010531,-0.020557,0.031059,-219.447199,0.000000
51.680000,72.651297,27.673035,0.038579,769.802264,619.139068,2404.509995,39.395619,-8.280329,77173.322893,-0.010388,-0.020385,0.031062,-219.447348,0.000000
51.720000,72.653365,27.672248,0.038454,769.660634,618.727683,2403.492181,39.395615,-8.280331,77182.636058,-0.010247,-0.020215,0.031065,-219.447491,0.000000
51.760000,72.655412,27.671456,0.038330,769.518988,618.316267,2402.474418,39.395612,-8.280333,77191.948767,-0.010106,-0.020046,0.031068,-219.447628,0.000000
51.800000,72.657440,27.670662,0.038208,769.377326,617.904818,2401.456704,39.395608,-8.280334,77201.261022,-0.009967,-0.019879,0.031070,-219.447760,0.000000
51.840000,72.659449,27.669864,0.038088,769.235647,617.493338,2400.439039,39.395604,-8.280336,77210.572822,-0.009829,-0.019713,0.031073,-219.447887,0.000000
51.880000,72.661438,27.669063,0.037971,769.093953,617.081826,2399.421425,39.395600,-8.280338,77219.884167,-0.009693,-0.019549,0.031075,-219.448008,0.000000
51.920000,72.663409,27.668259,0.037854,768.952244,616.670282,2398.403860,39.395597,-8.280339,77229.195057,-0.009558,-0.019386,0.031077,-219.448124,0.000000
51.960000,72.665361,27.667452,0.037740,768.810519,616.258708,2397.386345,39.395593,-8.280341,77238.505492,-0.009424,-0.019225,0.031079,-219.448235,0.000000
52.000000,72.667294,27.666642,0.037628,768.668779,615.847103,2396.368879,39.395589,-8.280343,77247.815472,-0.009291,-0.019066,0.031081,-219.448341,0.000000
52.040000,72.669209,27.665829,0.037517,768.527024,615.435468,2395.351464,39.395586,-8.280344,77257.124995,-0.009160,-0.018908,0.031082,-219.448442,0.000000
52.080000,72.671106,27.665012,0.037408,768.385254,615.023802,2394.334098,39.395582,-8.280346,77266.434066,-0.009030,-0.018752,0.031084,-219.448538,0.000000
52.120000,72.672984,27.664193,0.037301,768.243470,614.612106,2393.316781,39.395578,-8.280348,77275.742681,-0.008901,-0.018597,0.031085,-219.448629,0.000000
52.160000,72.674845,27.663371,0.037196,768.101672,614.200380,2392.299515,39.395575,-8.280349,77285.050841,-0.008774,-0.018443,0.031087,-219.448716,0.000000
52.200000,72.676688,27.662546,0.037092,767.959860,613.788625,2391.282298,39.395571,-8.280351,77294.358545,-0.008647,-0.018291,0.031088,-219.448798,0.000000
52.240000,72.678514,27.661718,0.036990,767.818034,613.376841,2390.265131,39.395567,-8.280353,77303.665795,-0.008522,-0.018141,0.031089,-219.448875,0.000000
52.280000,72.680322,27.660887,0.036889,767.676194,612.965028,2389.248014,39.395563,-8.280354,77312.972589,-0.008398,-0.017992,0.031090,-219.448948,0.000000
52.320000,72.682113,27.660053,0.036790,767.534341,612.553186,2388.230946,39.395560,-8.280356,77322.278928,-0.008276,-0.017844,0.031090,-219.449017,0.000000
52.360000,72.683886,27.659217,0.036693,767.392475,612.141315,2387.213929,39.395556,-8.280358,77331.584812,-0.008154,-0.017698,0.031091,-219.449082,0.000000
52.400000,72.685643,27.658378,0.036597,767.250595,611.729416,2386.196961,39.395552,-8.280359,77340.890241,-0.008034,-0.017553,0.031092,-219.449142,0.000000
52.440000,72.687383,27.657536,0.036503,767.108703,611.317489,2385.180042,39.395549,-8.280361,77350.195210,-0.007915,-0.017409,0.031092,-219.449198,0.000000
52.480000,72.689107,27.656691,0.036410,766.966798,610.905534,2384.163174,39.395545,-8.280362,77359.499733,-0.007796,-0.017267,0.031092,-219.449250,0.000000
52.520000,72.690814,27.655844,0.036319,766.824881,610.493551,2383.146355,39.395541,-8.280364,77368.803796,-0.007679,-0.017127,0.031092,-219.449298,0.000000
52.560000,72.692505,27.654994,0.036229,766.682951,610.081541,2382.129586,39.395537,-8.280366,77378.107404,-0.007564,-0.016987,0.031093,-219.449342,0.000000
52.600000,72.694180,27.654142,0.036140,766.541009,609.669504,2381.112867,39.395534,-8.280367,77387.410557,-0.007449,-0.016849,0.031092,-219.449382,0.000000
52.640000,72.695839,27.653287,0.036053,766.399055,609.257440,2380.096197,39.395530,-8.280369,77396.713255,-0.007335,-0.016712,0.031092,-219.449419,0.000000
52.680000,72.697482,27.652429,0.035968,766.257090,608.845349,2379.079577,39.395526,-8.280371,77406.015497,-0.007223,-0.016577,0.031092,-219.449451,0.000000
52.720000,72.699109,27.651569,0.035884,766.115113,608.433232,2378.063007,39.395523,-8.280372,77415.317284,-0.007111,-0.016443,0.031092,-219.449480,0.000000
52.760000,72.700721,27.650706,0.035801,765.973124,608.021088,2377.046487,39.395519,-8.280374,77424.618616,-0.007001,-0.016310,0.031091,-219.449506,0.000000
52.800000,72.702318,27.649841,0.035719,765.831125,607.608918,2376.030016,39.395515,-8.280376,77433.919493,-0.006891,-0.016178,0.031091,-219.449528,0.000000
52.840000,72.703899,27.648973,0.035639,765.689114,607.196723,2375.013596,39.395512,-8.280377,77443.219915,-0.006783,-0.016048,0.031090,-219.449546,0.000000
52.880000,72.705466,27.648103,0.035560,765.547093,606.784501,2373.997225,39.395508,-8.280379,77452.519881,-0.006676,-0.015919,0.031089,-219.449561,0.000000
52.920000,72.707017,27.647231,0.035483,765.405061,606.372255,2372.980903,39.395504,-8.280381,77461.819393,-0.006570,-0.015791,0.031089,-219.449573,0.000000
52.960000,72.708554,27.646356,0.035406,765.263018,605.959982,2371.964632,39.395500,-8.280382,77471.118449,-0.006464,-0.015664,0.031088,-219.449581,0.000000
53.000000,72.710076,27.645479,0.035331,765.120965,605.547685,2370.948410,39.395497,-8.280384,77480.417050,-0.006360,-0.015539,0.031087,-219.449586,0.000000
53.040000,72.711583,27.644600,0.035257,764.978902,605.135363,2369.932238,39.395493,-8.280386,77489.715195,-0.006257,-0.015415,0.031086,-219.449588,0.000000
53.080000,72.713076,27.643718,0.035185,764.836828,604.723017,2368.916115,39.395489,-8.280387,77499.012887,-0.006155,-0.015292,0.031084,-219.449587,0.000000
53.120000,72.714555,27.642834,0.035113,764.694745,604.310645,2367.900043,39.395486,-8.280389,77508.310123,-0.006054,-0.015170,0.031083,-219.449583,0.000000
53.160000,72.716020,27.641948,0.035043,764.552653,603.898250,2366.884020,39.395482,-8.280391,77517.606903,-0.005953,-0.015049,0.031082,-219.449576,0.000000
53.200000,72.717471,27.641059,0.034973,764.410550,603.485831,2365.868047,39.395478,-8.280392,77526.903229,-0.005854,-0.014930,0.031080,-219.449565,0.000000
53.240000,72.718908,27.640169,0.034905,764.268439,603.073387,2364.852123,39.395474,-8.280394,77536.199099,-0.005756,-0.014811,0.031079,-219.449552,0.000000
53.280000,72.720331,27.639276,0.034838,764.126318,602.660920,2363.836249,39.395471,-8.280396,77545.494515,-0.005658,-0.014694,0.031077,-219.449536,0.000000
53.320000,72.721741,27.638381,0.034773,763.984188,602.248430,2362.820425,39.395467,-8.280397,77554.789476,-0.005562,-0.014578,0.031075,-219.449517,0.000000
53.360000,72.723138,27.637484,0.034708,763.842049,601.835916,2361.804651,39.395463,-8.280399,77564.083981,-0.005466,-0.014463,0.031074,-219.449496,0.000000
53.400000,72.724521,27.636585,0.034644,763.699902,601.423379,2360.788927,39.395460,-8.280401,77573.378032,-0.005372,-0.014349,0.031072,-219.449471,0.000000
53.440000,72.725891,27.635684,0.034581,763.557746,601.010819,2359.773252,39.395456,-8.280402,77582.671626,-0.005278,-0.014236,0.031070,-219.449444,0.000000
53.480000,72.727248,27.634781,0.034519,763.415581,600.598236,2358.757627,39.395452,-8.280404,77591.964769,-0.005185,-0.014124,0.031068,-219.449415,0.000000
53.520000,72.728591,27.633875,0.034459,763.273408,600.185630,2357.742051,39.395448,-8.280405,77601.257455,-0.005093,-0.014013,0.031066,-219.449383,0.000000
53.560000,72.729923,27.632968,0.034399,763.131227,599.773003,2356.726526,39.395445,-8.280407,77610.549687,-0.005002,-0.013904,0.031064,-219.449348,0.000000
53.600000,72.731241,27.632059,0.034340,762.989038,599.360353,2355.711050,39.395441,-8.280409,77619.841463,-0.004912,-0.013795,0.031062,-219.449311,0.000000
53.640000,72.732547,27.631148,0.034282,762.846841,598.947680,2354.695623,39.395437,-8.280410,77629.132785,-0.004822,-0.013687,0.031059,-219.449271,0.000000
53.680000,72.733840,27.630235,0.034226,762.704637,598.534986,2353.680247,39.395434,-8.280412,77638.423652,-0.004734,-0.013581,0.031057,-219.449229,0.000000
53.720000,72.735122,27.629320,0.034170,762.562424,598.122271,2352.664920,39.395430,-8.280414,77647.714064,-0.004646,-0.013475,0.031055,-219.449185,0.000000
53.760000,72.736390,27.628403,0.034115,762.420205,597.709533,2351.649642,39.395426,-8.280415,77657.004022,-0.004560,-0.013371,0.031052,-219.449138,0.000000
53.800000,72.737647,27.627484,0.034061,762.277978,597.296775,2350.634415,39.395422,-8.280417,77666.293525,-0.004474,-0.013267,0.031050,-219.449089,0.000000
53.840000,72.738892,27.626563,0.034007,762.135744,596.883995,2349.619237,39.395419,-8.280419,77675.582574,-0.004388,-0.013165,0.031047,-219.449038,0.000000
53.880000,72.740125,27.625641,0.033955,761.993503,596.471194,2348.604109,39.395415,-8.280420,77684.871168,-0.004304,-0.013063,0.031045,-219.448985,0.000000
53.920000,72.741347,27.624717,0.033903,761.851255,596.058372,2347.589030,39.395411,-8.280422,77694.159307,-0.004221,-0.012963,0.031042,-219.448929,0.000000
53.960000,72.742556,27.623791,0.033853,761.709000,595.645529,2346.574001,39.395408,-8.280424,77703.446992,-0.004138,-0.012863,0.031039,-219.448872,0.000000
54.000000,72.743754,27.622863,0.033803,761.566739,595.232666,2345.559022,39.395404,-8.280425,77712.734223,-0.004056,-0.012764,0.031036,-219.448812,0.000000
54.040000,72.744941,27.621933,0.033754,761.424471,594.819782,2344.544093,39.395400,-8.280427,77722.020997,-0.003975,-0.012667,0.031033,-219.448750,0.000000
54.080000,72.746116,27.621002,0.033705,761.282197,594.406878,2343.529213,39.395396,-8.280429,77731.307321,-0.003895,-0.012570,0.031030,-219.448686,0.000000
54.120000,72.747281,27.620069,0.033658,761.139916,593.993954,2342.514383,39.395393,-8.280430,77740.593189,-0.003815,-0.012474,0.031027,-219.448621,0.000000
54.160000,72.748434,27.619134,0.033611,760.997630,593.581010,2341.499602,39.395389,-8.280432,77749.878602,-0.003736,-0.012379,0.031024,-219.448553,0.000000
54.200000,72.749576,27.618198,0.033565,760.855337,593.168047,2340.484871,39.395385,-8.280434,77759.163561,-0.003658,-0.012285,0.031021,-219.448484,0.000000
54.240000,72.750707,27.617260,0.033520,760.713039,592.755063,2339.470190,39.395382,-8.280435,77768.448067,-0.003581,-0.012192,0.031018,-219.448412,0.000000
54.280000,72.751827,27.616320,0.033475,760.570735,592.342060,2338.455558,39.395378,-8.280437,77777.732117,-0.003504,-0.012099,0.031015,-219.448339,0.000000
54.320000,72.752937,27.615379,0.033432,760.428425,591.929038,2337.440976,39.395374,-8.280439,77787.015714,-0.003428,-0.012008,0.031012,-219.448264,0.000000
54.360000,72.754036,27.614436,0.033389,760.286110,591.515996,2336.426444,39.395370,-8.280440,77796.298857,-0.003353,-0.011918,0.031008,-219.448187,0.000000
54.400000,72.755125,27.613492,0.033346,760.143789,591.102936,2335.411961,39.395367,-8.280442,77805.581546,-0.003279,-0.011828,0.031005,-219.448108,0.000000
54.440000,72.756204,27.612546,0.033305,760.001463,590.689856,2334.397527,39.395363,-8.280444,77814.863777,-0.003205,-0.011739,0.031002,-219.448028,0.000000
54.480000,72.757272,27.611598,0.033263,759.859132,590.276758,2333.383144,39.395359,-8.280445,77824.145562,-0.003132,-0.011651,0.030998,-219.447946,0.000000
54.520000,72.758329,27.610649,0.033223,759.716797,589.863641,2332.368810,39.395356,-8.280447,77833.426889,-0.003060,-0.011564,0.030995,-219.447863,0.000000
54.560000,72.759377,27.609698,0.033183,759.574456,589.450506,2331.354525,39.395352,-8.280449,77842.707763,-0.002988,-0.011478,0.030991,-219.447777,0.000000
54.600000,72.760415,27.608746,0.033144,759.432110,589.037352,2330.340291,39.395348,-8.280450,77851.988182,-0.002918,-0.011392,0.030988,-219.447691,0.000000
54.640000,72.761443,27.607793,0.033106,759.289760,588.624180,2329.326105,39.395344,-8.280452,77861.268148,-0.002847,-0.011308,0.030984,-219.447602,0.000000
54.680000,72.762461,27.606838,0.033068,759.147405,588.210990,2328.311970,39.395341,-8.280454,77870.547661,-0.002778,-0.011224,0.030981,-219.447512,0.000000
54.720000,72.763470,27.605881,0.033031,759.005046,587.797781,2327.297883,39.395337,-8.280455,77879.826720,-0.002709,-0.011141,0.030977,-219.447421,0.000000
54.760000,72.764469,27.604924,0.032994,758.862682,587.384556,2326.283847,39.395333,-8.280457,77889.105325,-0.002641,-0.011059,0.030973,-219.447328,0.000000
54.800000,72.765458,27.603964,0.032958,758.720314,586.971312,2325.269860,39.395330,-8.280458,77898.383477,-0.002573,-0.010977,0.030969,-219.447234,0.000000
54.840000,72.766438,27.603004,0.032922,758.577942,586.558051,2324.255922,39.395326,-8.280460,77907.661175,-0.002506,-0.010896,0.030966,-219.447138,0.000000
54.880000,72.767408,27.602042,0.032887,758.435566,586.144772,2323.242034,39.395322,-8.280462,77916.938421,-0.002440,-0.010817,0.030962,-219.447041,0.000000
54.920000,72.768370,27.601078,0.032853,758.293186,585.731476,2322.228196,39.395318,-8.280463,77926.215212,-0.002374,-0.010737,0.030958,-219.446943,0.000000
54.960000,72.769322,27.600113,0.032819,758.150803,585.318163,2321.214407,39.395315,-8.280465,77935.491551,-0.002309,-0.010659,0.030954,-219.446843,0.000000
55.000000,72.770265,27.599147,0.032786,758.008415,584.904833,2320.200668,39.395311,-8.280467,77944.767437,-0.002245,-0.010581,0.030950,-219.446742,0.000000
55.040000,72.771199,27.598180,0.032753,757.866024,584.491486,2319.186978,39.395307,-8.280468,77954.042871,-0.002181,-0.010505,0.030946,-219.446639,0.000000
55.080000,72.772124,27.597211,0.032721,757.723630,584.078122,2318.173338,39.395304,-8.280470,77963.317848,-0.002118,-0.010428,0.030942,-219.446536,0.000000
55.120000,72.773041,27.596241,0.032689,757.581232,583.664742,2317.159747,39.395300,-8.280472,77972.592375,-0.002056,-0.010353,0.030938,-219.446431,0.000000
55.160000,72.773948,27.595270,0.032658,757.438831,583.251344,2316.146206,39.395296,-8.280473,77981.866448,-0.001994,-0.010278,0.030934,-219.446324,0.000000
55.200000,72.774847,27.594298,0.032627,757.296427,582.837931,2315.132714,39.395292,-8.280475,77991.140068,-0.001932,-0.010204,0.030930,-219.446217,0.000000
55.240000,72.775738,27.593324,0.032596,757.154019,582.424501,2314.119272,39.395289,-8.280477,78000.413236,-0.001872,-0.010131,0.030925,-219.446108,0.000000
55.280000,72.776620,27.592349,0.032566,757.011609,582.011055,2313.105879,39.395285,-8.280478,78009.685951,-0.001811,-0.010058,0.030921,-219.445999,0.000000
55.320000,72.777493,27.591373,0.032537,756.869195,581.597593,2312.092536,39.395281,-8.280480,78018.958213,-0.001752,-0.009987,0.030917,-219.445888,0.000000
55.360000,72.778358,27.590395,0.032508,756.726779,581.184114,2311.079242,39.395278,-8.280482,78028.230023,-0.001693,-0.009915,0.030913,-219.445776,0.000000
55.400000,72.779215,27.589417,0.032480,756.584361,580.770620,2310.065997,39.395274,-8.280483,78037.501380,-0.001634,-0.009845,0.030908,-219.445663,0.000000
55.440000,72.780064,27.588437,0.032452,756.441939,580.357111,2309.052802,39.395270,-8.280485,78046.772283,-0.001576,-0.009775,0.030904,-219.445548,0.000000
55.480000,72.780905,27.587456,0.032424,756.299515,579.943585,2308.039657,39.395266,-8.280487,78056.042736,-0.001519,-0.009706,0.030900,-219.445433,0.000000
55.520000,72.781737,27.586474,0.032397,756.157089,579.530044,2307.026561,39.395263,-8.280488,78065.312736,-0.001462,-0.009637,0.030895,-219.445317,0.000000
55.560000,72.782562,27.585491,0.032370,756.014660,579.116488,2306.013514,39.395259,-8.280490,78074.582283,-0.001406,-0.009569,0.030891,-219.445200,0.000000
55.600000,72.783379,27.584507,0.032343,755.872229,578.702916,2305.000517,39.395255,-8.280492,78083.851378,-0.001350,-0.009502,0.030887,-219.445081,0.000000
55.640000,72.784188,27.583522,0.032317,755.729796,578.289329,2303.987569,39.395252,-8.280493,78093.120021,-0.001295,-0.009436,0.030882,-219.444962,0.000000
55.680000,72.784989,27.582535,0.032292,755.587361,577.875727,2302.974671,39.395248,-8.280495,78102.388212,-0.001241,-0.009370,0.030878,-219.444842,0.000000
55.720000,72.785783,27.581548,0.032267,755.444924,577.462110,2301.961822,39.395244,-8.280497,78111.655951,-0.001187,-0.009304,0.030873,-219.444720,0.000000
55.760000,72.786569,27.580559,0.032242,755.302484,577.048478,2300.949022,39.395240,-8.280498,78120.923238,-0.001133,-0.009240,0.030869,-219.444598,0.000000
55.800000,72.787348,27.579569,0.032217,755.160044,576.634832,2299.936272,39.395237,-8.280500,78130.190072,-0.001080,-0.009175,0.030864,-219.444475,0.000000
55.840000,72.788119,27.578579,0.032193,755.017601,576.221170,2298.923571,39.395233,-8.280502,78139.456455,-0.001027,-0.009112,0.030859,-219.444351,0.000000
55.880000,72.788883,27.577587,0.032169,754.875157,575.807494,2297.910920,39.395229,-8.280503,78148.722387,-0.000975,-0.009049,0.030855,-219.444226,0.000000
55.920000,72.789640,27.576594,0.032146,754.732711,575.393804,2296.898318,39.395225,-8.280505,78157.987866,-0.000924,-0.008987,0.030850,-219.444101,0.000000
55.960000,72.790389,27.575601,0.032123,754.590263,574.980099,2295.885765,39.395222,-8.280507,78167.252894,-0.000873,-0.008925,0.030846,-219.443974,0.000000
56.000000,72.791132,27.574606,0.032100,754.447815,574.566380,2294.873262,39.395218,-8.280508,78176.517470,-0.000822,-0.008864,0.030841,-219.443847,0.000000
56.040000,72.791867,27.573610,0.032078,754.305365,574.152647,2293.860808,39.395214,-8.280510,78185.781597,-0.000772,-0.008804,0.030836,-219.443718,0.000000
56.080000,72.792595,27.572614,0.032056,754.162913,573.738899,2292.848403,39.395211,-8.280512,78195.045268,-0.000722,-0.008744,0.030831,-219.443589,0.000000
56.120000,72.793316,27.571616,0.032034,754.020461,573.325138,2291.836048,39.395207,-8.280513,78204.308490,-0.000673,-0.008684,0.030827,-219.443460,0.000000
56.160000,72.794031,27.570618,0.032012,753.878008,572.911363,2290.823742,39.395203,-8.280515,78213.571260,-0.000625,-0.008626,0.030822,-219.443329,0.000000
56.200000,72.794738,27.569618,0.031991,753.735553,572.497574,2289.811485,39.395199,-8.280517,78222.833580,-0.000576,-0.008567,0.030817,-219.443198,0.000000
56.240000,72.795439,27.568618,0.031970,753.593098,572.083771,2288.799278,39.395196,-8.280518,78232.095448,-0.000529,-0.008510,0.030812,-219.443066,0.000000
56.280000,72.796133,27.567617,0.031950,753.450641,571.669955,2287.787120,39.395192,-8.280520,78241.356865,-0.000481,-0.008453,0.030808,-219.442933,0.000000
56.320000,72.796821,27.566614,0.031929,753.308184,571.256125,2286.775011,39.395188,-8.280521,78250.617831,-0.000435,-0.008396,0.030803,-219.442799,0.000000
56.360000,72.797502,27.565611,0.031909,753.165727,570.842282,2285.762951,39.395185,-8.280523,78259.878346,-0.000388,-0.008340,0.030798,-219.442665,0.000000
56.400000,72.798176,27.564608,0.031890,753.023268,570.428425,2284.750941,39.395181,-8.280525,78269.138410,-0.000342,-0.008285,0.030793,-219.442530,0.000000
56.440000,72.798844,27.563603,0.031870,752.880809,570.014555,2283.738980,39.395177,-8.280526,78278.398023,-0.000297,-0.008230,0.030788,-219.442394,0.000000
56.480000,72.799506,27.562597,0.031851,752.738350,569.600672,2282.727068,39.395173,-8.280528,78287.657186,-0.000252,-0.008175,0.030783,-219.442258,0.000000
56.520000,72.800161,27.561591,0.031832,752.595890,569.186776,2281.715206,39.395170,-8.280530,78296.915898,-0.000207,-0.008121,0.030778,-219.442121,0.000000
56.560000,72.800810,27.560583,0.031814,752.453430,568.772867,2280.703393,39.395166,-8.280531,78306.174159,-0.000163,-0.008068,0.030773,-219.441984,0.000000
56.600000,72.801453,27.559575,0.031795,752.310970,568.358945,2279.691629,39.395162,-8.280533,78315.431970,-0.000119,-0.008015,0.030768,-219.441846,0.000000
56.640000,72.802090,27.558566,0.031777,752.168509,567.945010,2278.679914,39.395158,-8.280535,78324.689330,-0.000076,-0.007963,0.030763,-219.441707,0.000000
56.680000,72.802721,27.557557,0.031759,752.026049,567.531062,2277.668248,39.395155,-8.280536,78333.946240,-0.000033,-0.007911,0.030758,-219.441567,0.000000
56.720000,72.803345,27.556546,0.031742,751.883588,567.117102,2276.656632,39.395151,-8.280538,78343.202700,0.000009,-0.007859,0.030753,-219.441427,0.000000
56.760000,72.803964,27.555535,0.031724,751.741127,566.703129,2275.645065,39.395147,-8.280540,78352.458709,0.000052,-0.007809,0.030748,-219.441287,0.000000
56.800000,72.804577,27.554523,0.031707,751.598666,566.289144,2274.633547,39.395144,-8.280541,78361.714269,0.000093,-0.007758,0.030743,-219.441146,0.000000
56.840000,72.805184,27.553510,0.031690,751.456206,565.875146,2273.622078,39.395140,-8.280543,78370.969378,0.000135,-0.007708,0.030738,-219.441004,0.000000
56.880000,72.805785,27.552496,0.031673,751.313746,565.461136,2272.610659,39.395136,-8.280545,78380.224037,0.000175,-0.007659,0.030733,-219.440862,0.000000
56.920000,72.806381,27.551482,0.031657,751.171286,565.047114,2271.599288,39.395132,-8.280546,78389.478246,0.000216,-0.007610,0.030728,-219.440719,0.000000
56.960000,72.806970,27.550467,0.031641,751.028826,564.633079,2270.587967,39.395129,-8.280548,78398.732005,0.000256,-0.007561,0.030723,-219.440576,0.000000
57.000000,72.807555,27.549451,0.031625,750.886367,564.219032,2269.576695,39.395125,-8.280550,78407.985315,0.000296,-0.007513,0.030718,-219.440432,0.000000
57.040000,72.808133,27.548434,0.031609,750.743908,563.804974,2268.565472,39.395121,-8.280551,78417.238175,0.000335,-0.007466,0.030713,-219.440287,0.000000
57.080000,72.808706,27.547417,0.031593,750.601450,563.390903,2267.554299,39.395118,-8.280553,78426.490585,0.000374,-0.007418,0.030707,-219.440143,0.000000
57.120000,72.809274,27.546399,0.031578,750.458992,562.976821,2266.543174,39.395114,-8.280555,78435.742546,0.000413,-0.007372,0.030702,-219.439997,0.000000
57.160000,72.809836,27.545381,0.031562,750.316535,562.562726,2265.532098,39.395110,-8.280556,78444.994057,0.000451,-0.007326,0.030697,-219.439851,0.000000
57.200000,72.810393,27.544361,0.031547,750.174079,562.148621,2264.521072,39.395106,-8.280558,78454.245118,0.000489,-0.007280,0.030692,-219.439705,0.000000
57.240000,72.810944,27.543342,0.031532,750.031623,561.734503,2263.510095,39.395103,-8.280560,78463.495731,0.000526,-0.007234,0.030687,-219.439559,0.000000
57.280000,72.811491,27.542321,0.031518,749.889169,561.320374,2262.499167,39.395099,-8.280561,78472.745894,0.000563,-0.007189,0.030681,-219.439411,0.000000
57.320000,72.812032,27.541300,0.031503,749.746715,560.906233,2261.488288,39.395095,-8.280563,78481.995608,0.000600,-0.007145,0.030676,-219.439264,0.000000
57.360000,72.812568,27.540278,0.031489,749.604262,560.492081,2260.477458,39.395091,-8.280565,78491.244873,0.000636,-0.007101,0.030671,-219.439116,0.000000
57.400000,72.813099,27.539255,0.031474,749.461811,560.077917,2259.466677,39.395088,-8.280566,78500.493688,0.000672,-0.007057,0.030666,-219.438967,0.000000
57.440000,72.813624,27.538232,0.031460,749.319360,559.663743,2258.455945,39.395084,-8.280568,78509.742062,0.000708,-0.007014,0.030660,-219.438818,0.000000
57.480000,72.814145,27.537208,0.031447,749.176910,559.249557,2257.445262,39.395080,-8.280570,78518.989973,0.000744,-0.006971,0.030655,-219.438669,0.000000
57.520000,72.814661,27.536184,0.031433,749.034462,558.835359,2256.434628,39.395077,-8.280571,78528.237442,0.000779,-0.006929,0.030650,-219.438519,0.000000
57.560000,72.815172,27.535159,0.031419,748.892015,558.421151,2255.424043,39.395073,-8.280573,78537.484463,0.000813,-0.006887,0.030645,-219.438369,0.000000
57.600000,72.815678,27.534133,0.031406,748.749569,558.006932,2254.413508,39.395069,-8.280575,78546.731035,0.000848,-0.006845,0.030639,-219.438219,0.000000
57.640000,72.816179,27.533107,0.031393,748.607125,557.592702,2253.403021,39.395065,-8.280576,78555.977158,0.000882,-0.006804,0.030634,-219.438068,0.000000
57.680000,72.816675,27.532080,0.031380,748.464682,557.178461,2252.392583,39.395062,-8.280578,78565.222833,0.000915,-0.006763,0.030629,-219.437917,0.000000
57.720000,72.817167,27.531053,0.031367,748.322240,556.764209,2251.382195,39.395058,-8.280580,78574.468059,0.000949,-0.006723,0.030623,-219.437765,0.000000
57.760000,72.817654,27.530025,0.031354,748.179800,556.349946,2250.371855,39.395054,-8.280581,78583.712837,0.000982,-0.006683,0.030618,-219.437613,0.000000
57.800000,72.818136,27.528997,0.031342,748.037362,555.935673,2249.361564,39.395050,-8.280583,78592.957167,0.001014,-0.006643,0.030613,-219.437461,0.000000
57.840000,72.818614,27.527968,0.031329,747.894925,555.521389,2248.351323,39.395047,-8.280585,78602.201048,0.001047,-0.006604,0.030607,-219.437308,0.000000
57.880000,72.819087,27.526938,0.031317,747.752490,555.107094,2247.341130,39.395043,-8.280586,78611.444482,0.001079,-0.006565,0.030602,-219.437155,0.000000
57.920000,72.819555,27.525908,0.031305,747.610056,554.692789,2246.330986,39.395039,-8.280588,78620.687467,0.001111,-0.006526,0.030597,-219.437002,0.000000
57.960000,72.820019,27.524878,0.031292,747.467624,554.278474,2245.320892,39.395036,-8.280589,78629.930005,0.001142,-0.006488,0.030591,-219.436849,0.000000
58.000000,72.820479,27.523847,0.031281,747.325195,553.864148,2244.310846,39.395032,-8.280591,78639.172094,0.001173,-0.006450,0.030586,-219.436695,0.000000
58.040000,72.820934,27.522815,0.031269,747.182767,553.449811,2243.300849,39.395028,-8.280593,78648.413736,0.001204,-0.006413,0.030580,-219.436540,0.000000
58.080000,72.821385,27.521783,0.031257,747.040341,553.035465,2242.290901,39.395024,-8.280594,78657.654930,0.001235,-0.006376,0.030575,-219.436386,0.000000
58.120000,72.821832,27.520750,0.031245,746.897917,552.621108,2241.281002,39.395021,-8.280596,78666.895677,0.001265,-0.006339,0.030570,-219.436231,0.000000
58.160000,72.822275,27.519717,0.031234,746.755494,552.206741,2240.271152,39.395017,-8.280598,78676.135976,0.001295,-0.006303,0.030564,-219.436076,0.000000
58.200000,72.822713,27.518684,0.031223,746.613074,551.792365,2239.261350,39.395013,-8.280599,78685.375827,0.001325,-0.006267,0.030559,-219.435921,0.000000
58.240000,72.823147,27.517649,0.031212,746.470657,551.377978,2238.251598,39.395009,-8.280601,78694.615232,0.001354,-0.006231,0.030553,-219.435765,0.000000
58.280000,72.823577,27.516615,0.031200,746.328241,550.963581,2237.241895,39.395006,-8.280603,78703.854188,0.001383,-0.006196,0.030548,-219.435609,0.000000
58.320000,72.824002,27.515580,0.031189,746.185827,550.549174,2236.232240,39.395002,-8.280604,78713.092698,0.001412,-0.006161,0.030542,-219.435453,0.000000
58.360000,72.824424,27.514545,0.031179,746.043416,550.134757,2235.222634,39.394998,-8.280606,78722.330760,0.001441,-0.006126,0.030537,-219.435297,0.000000
58.400000,72.824842,27.513509,0.031168,745.901007,549.720331,2234.213077,39.394995,-8.280608,78731.568376,0.001469,-0.006091,0.030531,-219.435140,0.000000
58.440000,72.825256,27.512472,0.031157,745.758601,549.305895,2233.203569,39.394991,-8.280609,78740.805544,0.001497,-0.006057,0.030526,-219.434983,0.000000
58.480000,72.825665,27.511436,0.031147,745.616197,548.891449,2232.194110,39.394987,-8.280611,78750.042266,0.001525,-0.006024,0.030520,-219.434826,0.000000
58.520000,72.826071,27.510398,0.031136,745.473795,548.476993,2231.184700,39.394983,-8.280613,78759.278540,0.001552,-0.005990,0.030515,-219.434668,0.000000
58.560000,72.826473,27.509361,0.031126,745.331396,548.062528,2230.175338,39.394980,-8.280614,78768.514368,0.001580,-0.005957,0.030509,-219.434511,0.000000
58.600000,72.826871,27.508323,0.031116,745.188999,547.648053,2229.166026,39.394976,-8.280616,78777.749749,0.001607,-0.005925,0.030504,-219.434353,0.000000
58.640000,72.827266,27.507284,0.031105,745.046605,547.233569,2228.156762,39.394972,-8.280618,78786.984684,0.001633,-0.005892,0.030498,-219.434195,0.000000
58.680000,72.827656,27.506245,0.031095,744.904213,546.819076,2227.147547,39.394968,-8.280619,78796.219172,0.001660,-0.005860,0.030493,-219.434036,0.000000
58.720000,72.828043,27.505206,0.031085,744.761824,546.404573,2226.138380,39.394965,-8.280621,78805.453214,0.001686,-0.005828,0.030487,-219.433878,0.000000
58.760000,72.828426,27.504166,0.031075,744.619438,545.990060,2225.129263,39.394961,-8.280623,78814.686809,0.001712,-0.005797,0.030482,-219.433719,0.000000
58.800000,72.828806,27.503126,0.031066,744.477055,545.575539,2224.120194,39.394957,-8.280624,78823.919958,0.001738,-0.005766,0.030476,-219.433560,0.000000
58.840000,72.829182,27.502086,0.031056,744.334674,545.161008,2223.111174,39.394954,-8.280626,78833.152661,0.001763,-0.005735,0.030471,-219.433401,0.000000
58.880000,72.829554,27.501045,0.031046,744.192296,544.746468,2222.102203,39.394950,-8.280628,78842.384918,0.001788,-0.005704,0.030465,-219.433242,0.000000
58.920000,72.829923,27.500004,0.031037,744.049921,544.331919,2221.093280,39.394946,-8.280629,78851.616729,0.001813,-0.005674,0.030460,-219.433082,0.000000
58.960000,72.830288,27.498962,0.031027,743.907549,543.917361,2220.084407,39.394942,-8.280631,78860.848094,0.001838,-0.005644,0.030454,-219.432923,0.000000
59.000000,72.830650,27.497921,0.031018,743.765180,543.502794,2219.075582,39.394939,-8.280633,78870.079013,0.001862,-0.005614,0.030449,-219.432763,0.000000
59.040000,72.831008,27.496878,0.031009,743.622814,543.088218,2218.066805,39.394935,-8.280634,78879.309487,0.001887,-0.005584,0.030443,-219.432603,0.000000
59.080000,72.831363,27.495836,0.030999,743.480451,542.673633,2217.058078,39.394931,-8.280636,78888.539514,0.001911,-0.005555,0.030438,-219.432442,0.000000
59.120000,72.831714,27.494793,0.030990,743.338091,542.259039,2216.049399,39.394927,-8.280638,78897.769096,0.001934,-0.005526,0.030432,-219.432282,0.000000
59.160000,72.832062,27.493750,0.030981,743.195734,541.844436,2215.040768,39.394924,-8.280639,78906.998232,0.001958,-0.005498,0.030426,-219.432121,0.000000
59.200000,72.832407,27.492706,0.030972,743.053380,541.429824,2214.032187,39.394920,-8.280641,78916.226923,0.001981,-0.005469,0.030421,-219.431961,0.000000
59.240000,72.832749,27.491662,0.030963,742.911029,541.015204,2213.023654,39.394916,-8.280643,78925.455169,0.002004,-0.005441,0.030415,-219.431800,0.000000
59.280000,72.833087,27.490618,0.030954,742.768682,540.600575,2212.015170,39.394913,-8.280644,78934.682969,0.002027,-0.005413,0.030410,-219.431639,0.000000
59.320000,72.833422,27.489573,0.030946,742.626338,540.185937,2211.006734,39.394909,-8.280646,78943.910324,0.002050,-0.005386,0.030404,-219.431478,0.000000
59.360000,72.833754,27.488528,0.030937,742.483997,539.771291,2209.998347,39.394905,-8.280648,78953.137234,0.002072,-0.005359,0.030399,-219.431316,0.000000
59.400000,72.834083,27.487483,0.030928,742.341659,539.356636,2208.990009,39.394901,-8.280649,78962.363699,0.002094,-0.005332,0.030393,-219.431155,0.000000
59.440000,72.834408,27.486438,0.030920,742.199325,538.941972,2207.981720,39.394898,-8.280651,78971.589719,0.002116,-0.005305,0.030387,-219.430993,0.000000
59.480000,72.834730,27.485392,0.030911,742.056994,538.527300,2206.973479,39.394894,-8.280652,78980.815294,0.002138,-0.005278,0.030382,-219.430831,0.000000
59.520000,72.835050,27.484346,0.030902,741.914666,538.112620,2205.965286,39.394890,-8.280654,78990.040424,0.002160,-0.005252,0.030376,-219.430670,0.000000
59.560000,72.835366,27.483300,0.030894,741.772342,537.697931,2204.957142,39.394886,-8.280656,78999.265109,0.002181,-0.005226,0.030371,-219.430508,0.000000
59.600000,72.835679,27.482253,0.030886,741.630022,537.283234,2203.949047,39.394883,-8.280657,79008.489350,0.002202,-0.005200,0.030365,-219.430345,0.000000
59.640000,72.835990,27.481206,0.030877,741.487705,536.868528,2202.941001,39.394879,-8.280659,79017.713147,0.002223,-0.005175,0.030359,-219.430183,0.000000
59.680000,72.836297,27.480159,0.030869,741.345391,536.453815,2201.933003,39.394875,-8.280661,79026.936499,0.002244,-0.005149,0.030354,-219.430021,0.000000
59.720000,72.836601,27.479112,0.030861,741.203082,536.039093,2200.925053,39.394871,-8.280662,79036.159406,0.002264,-0.005124,0.030348,-219.429858,0.000000
59.760000,72.836903,27.478064,0.030853,741.060775,535.624362,2199.917152,39.394868,-8.280664,79045.381869,0.002285,-0.005100,0.030343,-219.429696,0.000000
59.800000,72.837201,27.477016,0.030845,740.918473,535.209624,2198.909300,39.394864,-8.280666,79054.603888,0.002305,-0.005075,0.030337,-219.429533,0.000000
59.840000,72.837497,27.475968,0.030837,740.776174,534.794878,2197.901496,39.394860,-8.280667,79063.825463,0.002325,-0.005051,0.030331,-219.429370,0.000000
59.880000,72.837790,27.474919,0.030829,740.633879,534.380123,2196.893741,39.394857,-8.280669,79073.046594,0.002345,-0.005027,0.030326,-219.429207,0.000000
59.920000,72.838080,27.473871,0.030821,740.491587,533.965361,2195.886034,39.394853,-8.280671,79082.267281,0.002364,-0.005003,0.030320,-219.429044,0.000000
59.960000,72.838368,27.472822,0.030813,740.349300,533.550590,2194.878376,39.394849,-8.280672,79091.487524,0.002384,-0.004979,0.030314,-219.428881,0.000000
60.000000,72.838652,27.471773,0.030805,740.207016,533.135811,2193.870766,39.394845,-8.280674,79100.707323,0.002403,-0.004956,0.030309,-219.428718,0.000000
60.040000,72.838934,27.470723,0.030797,740.064736,532.721025,2192.863205,39.394842,-8.280676,79109.926678,0.002422,-0.004933,0.030303,-219.428554,0.000000
60.080000,72.839213,27.469674,0.030790,739.922460,532.306230,2191.855692,39.394838,-8.280677,79119.145590,0.002441,-0.004910,0.030298,-219.428391,0.000000
60.120000,72.839490,27.468624,0.030782,739.780188,531.891428,2190.848227,39.394834,-8.280679,79128.364058,0.002459,-0.004887,0.030292,-219.428228,0.000000
60.160000,72.839764,27.467574,0.030774,739.637919,531.476618,2189.840812,39.394830,-8.280681,79137.582083,0.002478,-0.004864,0.030286,-219.428064,0.000000
60.200000,72.840035,27.466524,0.030767,739.495655,531.061800,2188.833444,39.394827,-8.280682,79146.799664,0.002496,-0.004842,0.030281,-219.427900,0.000000
60.240000,72.840304,27.465473,0.030759,739.353395,530.646975,2187.826125,39.394823,-8.280684,79156.016802,0.002514,-0.004820,0.030275,-219.427737,0.000000
60.280000,72.840570,27.464422,0.030752,739.211138,530.232141,2186.818855,39.394819,-8.280686,79165.233496,0.002532,-0.004798,0.030269,-219.427573,0.000000
60.320000,72.840834,27.463372,0.030744,739.068886,529.817300,2185.811633,39.394816,-8.280687,79174.449748,0.002550,-0.004776,0.030264,-219.427409,0.000000
60.360000,72.841095,27.462321,0.030737,738.926638,529.402452,2184.804459,39.394812,-8.280689,79183.665557,0.002567,-0.004755,0.030258,-219.427245,0.000000
60.400000,72.841353,27.461269,0.030729,738.784394,528.987596,2183.797334,39.394808,-8.280691,79192.880922,0.002585,-0.004734,0.030252,-219.427081,0.000000
60.440000,72.841609,27.460218,0.030722,738.642154,528.572732,2182.790257,39.394804,-8.280692,79202.095845,0.002602,-0.004712,0.030247,-219.426917,0.000000
60.480000,72.841863,27.459166,0.030715,738.499918,528.157860,2181.783229,39.394801,-8.280694,79211.310324,0.002619,-0.004692,0.030241,-219.426752,0.000000
60.520000,72.842114,27.458114,0.030708,738.357687,527.742981,2180.776249,39.394797,-8.280696,79220.524361,0.002636,-0.004671,0.030235,-219.426588,0.000000
60.560000,72.842363,27.457062,0.030700,738.215459,527.328095,2179.769317,39.394793,-8.280697,79229.737956,0.002653,-0.004650,0.030230,-219.426424,0.000000
60.600000,72.842610,27.456010,0.030693,738.073236,526.913201,2178.762434,39.394789,-8.280699,79238.951108,0.002669,-0.004630,0.030224,-219.426259,0.000000
60.640000,72.842854,27.454958,0.030686,737.931017,526.498300,2177.755599,39.394786,-8.280701,79248.163817,0.002686,-0.004610,0.030219,-219.426095,0.000000
60.680000,72.843096,27.453906,0.030679,737.788803,526.083392,2176.748812,39.394782,-8.280702,79257.376084,0.002702,-0.004590,0.030213,-219.425930,0.000000
60.720000,72.843335,27.452853,0.030672,737.646593,525.668476,2175.742074,39.394778,-8.280704,79266.587908,0.002718,-0.004570,0.030207,-219.425766,0.000000
60.760000,72.843572,27.451800,0.030665,737.504387,525.253553,2174.735384,39.394774,-8.280706,79275.799291,0.002734,-0.004551,0.030202,-219.425601,0.000000
60.800000,72.843807,27.450747,0.030658,737.362185,524.838622,2173.728742,39.394771,-8.280707,79285.010231,0.002750,-0.004532,0.030196,-219.425437,0.000000
60.840000,72.844040,27.449694,0.030651,737.219988,524.423684,2172.722149,39.394767,-8.280709,79294.220729,0.002766,-0.004512,0.030190,-219.425272,0.000000
60.880000,72.844270,27.448641,0.030644,737.077796,524.008739,2171.715604,39.394763,-8.280710,79303.430785,0.002781,-0.004494,0.030185,-219.425107,0.000000
60.920000,72.844499,27.447587,0.030637,736.935607,523.593787,2170.709107,39.394760,-8.280712,79312.640399,0.002796,-0.004475,0.030179,-219.424942,0.000000
60.960000,72.844725,27.446534,0.030630,736.793424,523.178828,2169.702659,39.394756,-8.280714,79321.849572,0.002812,-0.004456,0.030173,-219.424777,0.000000
61.000000,72.844949,27.445480,0.030623,736.651245,522.763861,2168.696259,39.394752,-8.280715,79331.058302,0.002827,-0.004438,0.030168,-219.424613,0.000000
61.040000,72.845170,27.444426,0.030616,736.509070,522.348888,2167.689907,39.394748,-8.280717,79340.266591,0.002841,-0.004419,0.030162,-219.424448,0.000000
61.080000,72.845390,27.443372,0.030609,736.366900,521.933907,2166.683603,39.394745,-8.280719,79349.474439,0.002856,-0.004401,0.030156,-219.424283,0.000000
61.120000,72.845608,27.442318,0.030603,736.224734,521.518920,2165.677348,39.394741,-8.280720,79358.681845,0.002871,-0.004383,0.030151,-219.424118,0.000000
61.160000,72.845823,27.441264,0.030596,736.082573,521.103925,2164.671141,39.394737,-8.280722,79367.888809,0.002885,-0.004366,0.030145,-219.423953,0.000000
61.200000,72.846037,27.440210,0.030589,735.940417,520.688923,2163.664982,39.394733,-8.280724,79377.095332,0.002900,-0.004348,0.030139,-219.423787,0.000000
61.240000,72.846248,27.439156,0.030582,735.798265,520.273915,2162.658871,39.394730,-8.280725,79386.301414,0.002914,-0.004331,0.030134,-219.423622,0.000000
61.280000,72.846457,27.438101,0.030576,735.656118,519.858899,2161.652809,39.394726,-8.280727,79395.507055,0.002928,-0.004313,0.030128,-219.423457,0.000000
61.320000,72.846665,27.437046,0.030569,735.513975,519.443877,2160.646795,39.394722,-8.280729,79404.712255,0.002942,-0.004296,0.030122,-219.423292,0.000000
61.360000,72.846870,27.435992,0.030562,735.371838,519.028847,2159.640829,39.394718,-8.280730,79413.917013,0.002955,-0.004280,0.030117,-219.423127,0.000000
61.400000,72.847074,27.434937,0.030556,735.229705,518.613811,2158.634911,39.394715,-8.280732,79423.121331,0.002969,-0.004263,0.030111,-219.422962,0.000000
61.440000,72.847275,27.433882,0.030549,735.087577,518.198768,2157.629041,39.394711,-8.280734,79432.325208,0.002983,-0.004246,0.030105,-219.422796,0.000000
61.480000,72.847475,27.432827,0.030543,734.945453,517.783718,2156.623220,39.394707,-8.280735,79441.528644,0.002996,-0.004230,0.030100,-219.422631,0.000000
61.520000,72.847672,27.431772,0.030536,734.803335,517.368662,2155.617446,39.394704,-8.280737,79450.731640,0.003009,-0.004213,0.030094,-219.422466,0.000000
61.560000,72.847868,27.430716,0.030530,734.661221,516.953599,2154.611721,39.394700,-8.280739,79459.934195,0.003022,-0.004197,0.030088,-219.422300,0.000000
61.600000,72.848062,27.429661,0.030523,734.519112,516.538529,2153.606044,39.394696,-8.280740,79469.136309,0.003035,-0.004181,0.030083,-219.422135,0.000000
61.640000,72.848254,27.428606,0.030517,734.377008,516.123452,2152.600415,39.394692,-8.280742,79478.337983,0.003048,-0.004166,0.030077,-219.421970,0.000000
61.680000,72.848444,27.427550,0.030510,734.234908,515.708369,2151.594834,39.394689,-8.280744,79487.539217,0.003061,-0.004150,0.030071,-219.421804,0.000000
61.720000,72.848633,27.426495,0.030504,734.092814,515.293279,2150.589302,39.394685,-8.280745,79496.740010,0.003074,-0.004134,0.030066,-219.421639,0.000000
61.760000,72.848819,27.425439,0.030497,733.950724,514.878182,2149.583817,39.394681,-8.280747,79505.940363,0.003086,-0.004119,0.030060,-219.421473,0.000000
61.800000,72.849004,27.424383,0.030491,733.808640,514.463079,2148.578381,39.394677,-8.280749,79515.140277,0.003098,-0.004104,0.030054,-219.421308,0.000000
61.840000,72.849187,27.423327,0.030485,733.666560,514.047969,2147.572992,39.394674,-8.280750,79524.339750,0.003111,-0.004089,0.030049,-219.421142,0.000000
61.880000,72.849368,27.422272,0.030478,733.524486,513.632853,2146.567652,39.394670,-8.280752,79533.538783,0.003123,-0.004074,0.030043,-219.420977,0.000000
61.920000,72.849548,27.421216,0.030472,733.382416,513.217730,2145.562360,39.394666,-8.280753,79542.737376,0.003135,-0.004059,0.030037,-219.420812,0.000000
61.960000,72.849726,27.420160,0.030466,733.240352,512.802601,2144.557116,39.394662,-8.280755,79551.935530,0.003147,-0.004044,0.030032,-219.420646,0.000000
62.000000,72.849902,27.419104,0.030459,733.098292,512.387465,2143.551919,39.394659,-8.280757,79561.133244,0.003158,-0.004030,0.030026,-219.420481,0.000000
62.040000,72.850076,27.418047,0.030453,732.956238,511.972322,2142.546771,39.394655,-8.280758,79570.330518,0.003170,-0.004015,0.030020,-219.420315,0.000000
62.080000,72.850249,27.416991,0.030447,732.814188,511.557174,2141.541671,39.394651,-8.280760,79579.527353,0.003182,-0.004001,0.030015,-219.420150,0.000000
62.120000,72.850420,27.415935,0.030441,732.672144,511.142019,2140.536619,39.394648,-8.280762,79588.723749,0.003193,-0.003987,0.030009,-219.419984,0.000000
62.160000,72.850590,27.414879,0.030434,732.530105,510.726857,2139.531615,39.394644,-8.280763,79597.919705,0.003204,-0.003973,0.030003,-219.419819,0.000000
62.200000,72.850758,27.413822,0.030428,732.388071,510.311689,2138.526659,39.394640,-8.280765,79607.115222,0.003216,-0.003959,0.029998,-219.419653,0.000000
62.240000,72.850924,27.412766,0.030422,732.246042,509.896515,2137.521751,39.394636,-8.280767,79616.310300,0.003227,-0.003946,0.029992,-219.419487,0.000000
62.280000,72.851089,27.411710,0.030416,732.104018,509.481335,2136.516891,39.394633,-8.280768,79625.504938,0.003238,-0.003932,0.029986,-219.419322,0.000000
62.320000,72.851252,27.410653,0.030410,731.961999,509.066148,2135.512079,39.394629,-8.280770,79634.699138,0.003249,-0.003919,0.029981,-219.419156,0.000000
62.360000,72.851414,27.409597,0.030403,731.819986,508.650955,2134.507315,39.394625,-8.280772,79643.892898,0.003259,-0.003905,0.029975,-219.418991,0.000000
62.400000,72.851574,27.408540,0.030397,731.677978,508.235756,2133.502599,39.394621,-8.280773,79653.086220,0.003270,-0.003892,0.029969,-219.418825,0.000000
62.440000,72.851732,27.407484,0.030391,731.535975,507.820550,2132.497931,39.394618,-8.280775,79662.279103,0.003281,-0.003879,0.029964,-219.418660,0.000000
62.480000,72.851889,27.406427,0.030385,731.393977,507.405339,2131.493310,39.394614,-8.280777,79671.471548,0.003291,-0.003866,0.029958,-219.418494,0.000000
62.520000,72.852045,27.405370,0.030379,731.251985,506.990121,2130.488738,39.394610,-8.280778,79680.663554,0.003301,-0.003853,0.029952,-219.418329,0.000000
62.560000,72.852199,27.404314,0.030373,731.109998,506.574897,2129.484214,39.394606,-8.280780,79689.855121,0.003312,-0.003841,0.029947,-219.418163,0.000000
62.600000,72.852351,27.403257,0.030367,730.968016,506.159667,2128.479737,39.394603,-8.280782,79699.046250,0.003322,-0.003828,0.029941,-219.417998,0.000000
62.640000,72.852502,27.402200,0.030361,730.826039,505.744430,2127.475309,39.394599,-8.280783,79708.236940,0.003332,-0.003816,0.029935,-219.417832,0.000000
62.680000,72.852652,27.401144,0.030355,730.684068,505.329188,2126.470928,39.394595,-8.280785,79717.427193,0.003342,-0.003803,0.029930,-219.417667,0.000000
62.720000,72.852800,27.400087,0.030349,730.542102,504.913939,2125.466595,39.394592,-8.280787,79726.617007,0.003352,-0.003791,0.029924,-219.417501,0.000000
62.760000,72.852947,27.399030,0.030343,730.400142,504.498685,2124.462310,39.394588,-8.280788,79735.806383,0.003362,-0.003779,0.029918,-219.417336,0.000000
62.800000,72.853092,27.397974,0.030337,730.258187,504.083424,2123.458073,39.394584,-8.280790,79744.995321,0.003371,-0.003767,0.029913,-219.417170,0.000000
62.840000,72.853236,27.396917,0.030331,730.116237,503.668157,2122.453884,39.394580,-8.280792,79754.183821,0.003381,-0.003755,0.029907,-219.417005,0.000000
62.880000,72.853379,27.395860,0.030325,729.974293,503.252885,2121.449743,39.394577,-8.280793,79763.371883,0.003390,-0.003743,0.029901,-219.416840,0.000000
62.920000,72.853520,27.394803,0.030319,729.832354,502.837606,2120.445649,39.394573,-8.280795,79772.559508,0.003400,-0.003732,0.029896,-219.416674,0.000000
62.960000,72.853660,27.393746,0.030313,729.690420,502.422322,2119.441604,39.394569,-8.280796,79781.746694,0.003409,-0.003720,0.029890,-219.416509,0.000000
63.000000,72.853798,27.392690,0.030307,729.548492,502.007031,2118.437606,39.394565,-8.280798,79790.933444,0.003418,-0.003709,0.029884,-219.416343,0.000000
63.040000,72.853936,27.391633,0.030301,729.406570,501.591734,2117.433656,39.394562,-8.280800,79800.119755,0.003427,-0.003697,0.029879,-219.416178,0.000000
63.080000,72.854072,27.390576,0.030295,729.264653,501.176432,2116.429754,39.394558,-8.280801,79809.305630,0.003436,-0.003686,0.029873,-219.416013,0.000000
63.120000,72.854206,27.389519,0.030289,729.122741,500.761124,2115.425899,39.394554,-8.280803,79818.491067,0.003445,-0.003675,0.029867,-219.415847,0.000000
63.160000,72.854340,27.388463,0.030283,728.980835,500.345810,2114.422093,39.394550,-8.280805,79827.676066,0.003454,-0.003664,0.029862,-219.415682,0.000000
63.200000,72.854472,27.387406,0.030277,728.838935,499.930489,2113.418334,39.394547,-8.280806,79836.860629,0.003463,-0.003653,0.029856,-219.415517,0.000000
63.240000,72.854602,27.386349,0.030272,728.697040,499.515164,2112.414623,39.394543,-8.280808,79846.044754,0.003472,-0.003642,0.029850,-219.415351,0.000000
63.280000,72.854732,27.385292,0.030266,728.555150,499.099832,2111.410959,39.394539,-8.280810,79855.228442,0.003480,-0.003632,0.029845,-219.415186,0.000000
63.320000,72.854860,27.384236,0.030260,728.413267,498.684494,2110.407344,39.394535,-8.280811,79864.411694,0.003489,-0.003621,0.029839,-219.415021,0.000000
63.360000,72.854987,27.383179,0.030254,728.271388,498.269151,2109.403776,39.394532,-8.280813,79873.594508,0.003497,-0.003610,0.029833,-219.414855,0.000000
63.400000,72.855113,27.382122,0.030248,728.129516,497.853802,2108.400256,39.394528,-8.280815,79882.776886,0.003506,-0.003600,0.029828,-219.414690,0.000000
63.440000,72.855238,27.381066,0.030242,727.987649,497.438447,2107.396784,39.394524,-8.280816,79891.958827,0.003514,-0.003590,0.029822,-219.414525,0.000000
63.480000,72.855361,27.380009,0.030236,727.845787,497.023086,2106.393359,39.394521,-8.280818,79901.140332,0.003522,-0.003580,0.029817,-219.414360,0.000000
63.520000,72.855484,27.378952,0.030231,727.703931,496.607720,2105.389982,39.394517,-8.280820,79910.321400,0.003530,-0.003569,0.029811,-219.414195,0.000000
63.560000,72.855605,27.377896,0.030225,727.562081,496.192348,2104.386653,39.394513,-8.280821,79919.502031,0.003538,-0.003559,0.029805,-219.414029,0.000000
63.600000,72.855725,27.376839,0.030219,727.420237,495.776970,2103.383371,39.394509,-8.280823,79928.682226,0.003546,-0.003550,0.029800,-219.413864,0.000000
63.640000,72.855844,27.375783,0.030213,727.278398,495.361587,2102.380137,39.394506,-8.280825,79937.861985,0.003554,-0.003540,0.029794,-219.413699,0.000000
63.680000,72.855961,27.374726,0.030207,727.136565,494.946198,2101.376951,39.394502,-8.280826,79947.041308,0.003562,-0.003530,0.029788,-219.413534,0.000000
63.720000,72.856078,27.373670,0.030202,726.994737,494.530803,2100.373813,39.394498,-8.280828,79956.220194,0.003569,-0.003520,0.029783,-219.413369,0.000000
63.760000,72.856193,27.372613,0.030196,726.852916,494.115403,2099.370722,39.394494,-8.280830,79965.398645,0.003577,-0.003511,0.029777,-219.413204,0.000000
63.800000,72.856308,27.371557,0.030190,726.711100,493.699997,2098.367679,39.394491,-8.280831,79974.576660,0.003585,-0.003501,0.029771,-219.413039,0.000000
63.840000,72.856421,27.370500,0.030184,726.569289,493.284585,2097.364683,39.394487,-8.280833,79983.754238,0.003592,-0.003492,0.029766,-219.412874,0.000000
63.880000,72.856533,27.369444,0.030179,726.427485,492.869168,2096.361735,39.394483,-8.280834,79992.931326,0.003599,-0.003483,0.029760,-219.412709,0.000000
63.920000,72.855660,27.368388,0.030187,726.285686,492.453745,2095.358835,39.394479,-8.280836,80002.284493,0.003514,-0.003532,0.029773,-219.413214,0.000000
63.960000,72.851517,27.367334,0.030246,726.143893,492.038317,2094.355982,39.394476,-8.280838,80012.227938,0.003122,-0.003775,0.029847,-219.415926,0.000000
64.000000,72.847413,27.366283,0.030311,726.002105,491.622882,2093.353177,39.394472,-8.280839,80022.171038,0.002734,-0.004016,0.029919,-219.418585,0.000000
64.040000,72.843348,27.365235,0.030381,725.860321,491.207441,2092.350420,39.394468,-8.280841,80032.113663,0.002349,-0.004255,0.029989,-219.421191,0.000000
64.080000,72.839322,27.364190,0.030456,725.718541,490.791994,2091.347711,39.394464,-8.280843,80042.055814,0.001968,-0.004491,0.030059,-219.423744,0.000000
64.120000,72.835334,27.363148,0.030536,725.576764,490.376539,2090.345050,39.394461,-8.280844,80051.997487,0.001591,-0.004725,0.030126,-219.426246,0.000000
64.160000,72.831385,27.362109,0.030621,725.434990,489.961076,2089.342437,39.394457,-8.280846,80061.938682,0.001217,-0.004957,0.030193,-219.428698,0.000000
64.200000,72.827473,27.361073,0.030711,725.293217,489.545606,2088.339872,39.394453,-8.280848,80071.879399,0.000847,-0.005187,0.030258,-219.431099,0.000000
64.240000,72.823599,27.360040,0.030805,725.151446,489.130127,2087.337356,39.394450,-8.280849,80081.819635,0.000481,-0.005414,0.030321,-219.433453,0.000000
64.280000,72.819762,27.359011,0.030903,725.009676,488.714640,2086.334889,39.394446,-8.280851,80091.759390,0.000118,-0.005639,0.030384,-219.435758,0.000000
64.320000,72.815961,27.357984,0.031005,724.867906,488.299143,2085.332470,39.394442,-8.280853,80101.698663,-0.000242,-0.005862,0.030445,-219.438017,0.000000
64.360000,72.812197,27.356960,0.031111,724.726135,487.883638,2084.330099,39.394438,-8.280854,80111.637454,-0.000598,-0.006083,0.030505,-219.440229,0.000000
64.400000,72.808469,27.355940,0.031220,724.584364,487.468122,2083.327778,39.394435,-8.280856,80121.575760,-0.000950,-0.006302,0.030563,-219.442396,0.000000
64.440000,72.804777,27.354922,0.031333,724.442591,487.052597,2082.325505,39.394431,-8.280858,80131.513582,-0.001299,-0.006518,0.030620,-219.444519,0.000000
64.480000,72.801120,27.353907,0.031450,724.300816,486.637061,2081.323282,39.394427,-8.280859,80141.450917,-0.001645,-0.006733,0.030676,-219.446599,0.000000
64.520000,72.797498,27.352896,0.031569,724.159038,486.221514,2080.321107,39.394423,-8.280861,80151.387766,-0.001988,-0.006945,0.030731,-219.448636,0.000000
64.560000,72.793910,27.351887,0.031691,724.017258,485.805956,2079.318982,39.394420,-8.280863,80161.324128,-0.002327,-0.007156,0.030785,-219.450630,0.000000
64.600000,72.790357,27.350881,0.031816,723.875473,485.390387,2078.316906,39.394416,-8.280864,80171.260001,-0.002663,-0.007364,0.030838,-219.452584,0.000000
64.640000,72.786838,27.349879,0.031944,723.733684,484.974806,2077.314879,39.394412,-8.280866,80181.195385,-0.002995,-0.007570,0.030889,-219.454497,0.000000
64.680000,72.783353,27.348879,0.032074,723.591891,484.559212,2076.312902,39.394408,-8.280867,80191.130279,-0.003325,-0.007775,0.030939,-219.456371,0.000000
64.720000,72.779901,27.347883,0.032207,723.450092,484.143607,2075.310974,39.394405,-8.280869,80201.064682,-0.003651,-0.007977,0.030989,-219.458206,0.000000
64.760000,72.776482,27.346889,0.032341,723.308287,483.727988,2074.309096,39.394401,-8.280871,80210.998593,-0.003974,-0.008178,0.031037,-219.460002,0.000000
64.800000,72.773096,27.345898,0.032478,723.166476,483.312357,2073.307268,39.394397,-8.280872,80220.932012,-0.004295,-0.008376,0.031084,-219.461761,0.000000
64.840000,72.769742,27.344911,0.032617,723.024658,482.896712,2072.305489,39.394393,-8.280874,80230.864938,-0.004611,-0.008573,0.031130,-219.463483,0.000000
64.880000,72.766420,27.343926,0.032757,722.882832,482.481053,2071.303760,39.394390,-8.280876,80240.797370,-0.004925,-0.008767,0.031176,-219.465169,0.000000
64.920000,72.763130,27.342944,0.032900,722.740999,482.065381,2070.302081,39.394386,-8.280877,80250.729308,-0.005236,-0.008960,0.031220,-219.466820,0.000000
64.960000,72.759872,27.341965,0.033043,722.599157,481.649694,2069.300451,39.394382,-8.280879,80260.660750,-0.005544,-0.009151,0.031263,-219.468435,0.000000
65.000000,72.756645,27.340989,0.033189,722.457307,481.233992,2068.298872,39.394379,-8.280881,80270.591696,-0.005849,-0.009340,0.031305,-219.470017,0.000000
65.040000,72.753448,27.340016,0.033335,722.315447,480.818275,2067.297343,39.394375,-8.280882,80280.522145,-0.006151,-0.009528,0.031347,-219.471565,0.000000
65.080000,72.750283,27.339046,0.033483,722.173577,480.402544,2066.295864,39.394371,-8.280884,80290.452098,-0.006450,-0.009713,0.031387,-219.473080,0.000000
65.120000,72.747147,27.338079,0.033632,722.031697,479.986796,2065.294436,39.394367,-8.280886,80300.381552,-0.006746,-0.009897,0.031427,-219.474562,0.000000
65.160000,72.744042,27.337115,0.033782,721.889806,479.571033,2064.293057,39.394364,-8.280887,80310.310508,-0.007040,-0.010079,0.031465,-219.476013,0.000000
65.200000,72.740966,27.336154,0.033933,721.747904,479.155254,2063.291729,39.394360,-8.280889,80320.238964,-0.007330,-0.010259,0.031503,-219.477433,0.000000
65.240000,72.737920,27.335195,0.034084,721.605991,478.739458,2062.290452,39.394356,-8.280891,80330.166921,-0.007618,-0.010437,0.031540,-219.478823,0.000000
65.280000,72.734902,27.334240,0.034237,721.464065,478.323646,2061.289224,39.394352,-8.280892,80340.094378,-0.007903,-0.010614,0.031576,-219.480182,0.000000
65.320000,72.731914,27.333287,0.034390,721.322126,477.907816,2060.288048,39.394349,-8.280894,80350.021333,-0.008185,-0.010789,0.031612,-219.481512,0.000000
65.360000,72.728955,27.332337,0.034544,721.180174,477.491970,2059.286922,39.394345,-8.280896,80359.947787,-0.008464,-0.010962,0.031646,-219.482813,0.000000
65.400000,72.726023,27.331391,0.034698,721.038209,477.076105,2058.285846,39.394341,-8.280897,80369.873739,-0.008741,-0.011134,0.031680,-219.484085,0.000000
65.440000,72.723120,27.330446,0.034853,720.896230,476.660223,2057.284821,39.394337,-8.280899,80379.799188,-0.009015,-0.011304,0.031713,-219.485330,0.000000
65.480000,72.720245,27.329505,0.035009,720.754236,476.244323,2056.283847,39.394334,-8.280901,80389.724135,-0.009286,-0.011472,0.031745,-219.486547,0.000000
65.520000,72.717397,27.328567,0.035164,720.612227,475.828405,2055.282924,39.394330,-8.280902,80399.648577,-0.009555,-0.011639,0.031777,-219.487738,0.000000
65.560000,72.714576,27.327631,0.035320,720.470204,475.412468,2054.282052,39.394326,-8.280904,80409.572516,-0.009821,-0.011804,0.031807,-219.488902,0.000000
65.600000,72.711783,27.326698,0.035476,720.328164,474.996512,2053.281230,39.394322,-8.280905,80419.495950,-0.010085,-0.011967,0.031838,-219.490041,0.000000
65.640000,72.709016,27.325768,0.035632,720.186108,474.580537,2052.280460,39.394319,-8.280907,80429.418878,-0.010346,-0.012129,0.031867,-219.491154,0.000000
65.680000,72.706275,27.324841,0.035788,720.044036,474.164542,2051.279740,39.394315,-8.280909,80439.341302,-0.010605,-0.012289,0.031896,-219.492242,0.000000
65.720000,72.703561,27.323917,0.035945,719.901947,473.748528,2050.279072,39.394311,-8.280910,80449.263219,-0.010861,-0.012448,0.031923,-219.493306,0.000000
65.760000,72.700873,27.322995,0.036101,719.759840,473.332494,2049.278454,39.394307,-8.280912,80459.184630,-0.011114,-0.012605,0.031951,-219.494345,0.000000
65.800000,72.698211,27.322076,0.036257,719.617716,472.916439,2048.277888,39.394304,-8.280914,80469.105534,-0.011365,-0.012761,0.031977,-219.495361,0.000000
65.840000,72.695574,27.321160,0.036413,719.475573,472.500365,2047.277373,39.394300,-8.280915,80479.025930,-0.011614,-0.012915,0.032004,-219.496355,0.000000
65.880000,72.692962,27.320246,0.036569,719.333412,472.084269,2046.276909,39.394296,-8.280917,80488.945819,-0.011860,-0.013068,0.032029,-219.497325,0.000000
65.920000,72.690376,27.319336,0.036725,719.191232,471.668153,2045.276496,39.394292,-8.280919,80498.865200,-0.012104,-0.013219,0.032054,-219.498273,0.000000
65.960000,72.687814,27.318427,0.036880,719.049033,471.252016,2044.276135,39.394289,-8.280920,80508.784072,-0.012346,-0.013369,0.032078,-219.499200,0.000000
66.000000,72.685276,27.317522,0.037035,718.906813,470.835857,2043.275824,39.394285,-8.280922,80518.702436,-0.012585,-0.013517,0.032101,-219.500105,0.000000
66.040000,72.682763,27.316619,0.037190,718.764574,470.419677,2042.275566,39.394281,-8.280924,80528.620290,-0.012822,-0.013664,0.032124,-219.500989,0.000000
66.080000,72.680274,27.315719,0.037344,718.622314,470.003474,2041.275358,39.394277,-8.280925,80538.537634,-0.013057,-0.013809,0.032147,-219.501852,0.000000
66.120000,72.677809,27.314822,0.037498,718.480033,469.587250,2040.275202,39.394274,-8.280927,80548.454469,-0.013289,-0.013953,0.032169,-219.502695,0.000000
66.160000,72.675368,27.313927,0.037652,718.337731,469.171003,2039.275098,39.394270,-8.280929,80558.370793,-0.013519,-0.014096,0.032190,-219.503518,0.000000
66.200000,72.672950,27.313035,0.037805,718.195408,468.754734,2038.275045,39.394266,-8.280930,80568.286606,-0.013747,-0.014237,0.032211,-219.504322,0.000000
66.240000,72.670555,27.312146,0.037958,718.053062,468.338442,2037.275044,39.394263,-8.280932,80578.201909,-0.013973,-0.014377,0.032231,-219.505106,0.000000
66.280000,72.668183,27.311259,0.038110,717.910694,467.922127,2036.275094,39.394259,-8.280934,80588.116700,-0.014196,-0.014516,0.032251,-219.505872,0.000000
66.320000,72.665833,27.310375,0.038261,717.768303,467.505789,2035.275196,39.394255,-8.280935,80598.030979,-0.014417,-0.014653,0.032270,-219.506619,0.000000
66.360000,72.663507,27.309493,0.038412,717.625890,467.089427,2034.275349,39.394251,-8.280937,80607.944747,-0.014637,-0.014789,0.032289,-219.507348,0.000000
66.400000,72.661202,27.308614,0.038563,717.483452,466.673041,2033.275554,39.394248,-8.280939,80617.858002,-0.014854,-0.014923,0.032307,-219.508060,0.000000
66.440000,72.658920,27.307738,0.038713,717.340991,466.256632,2032.275811,39.394244,-8.280940,80627.770745,-0.015069,-0.015056,0.032325,-219.508754,0.000000
66.480000,72.656659,27.306864,0.038862,717.198506,465.840199,2031.276119,39.394240,-8.280942,80637.682975,-0.015282,-0.015188,0.032342,-219.509431,0.000000
66.520000,72.654420,27.305993,0.039010,717.055997,465.423741,2030.276479,39.394236,-8.280944,80647.594691,-0.015492,-0.015319,0.032359,-219.510091,0.000000
66.560000,72.652203,27.305124,0.039158,716.913462,465.007259,2029.276891,39.394233,-8.280945,80657.505895,-0.015701,-0.015448,0.032375,-219.510734,0.000000
66.600000,72.650007,27.304257,0.039305,716.770903,464.590752,2028.277355,39.394229,-8.280947,80667.416585,-0.015908,-0.015576,0.032391,-219.511362,0.000000
66.640000,72.647832,27.303394,0.039451,716.628318,464.174220,2027.277871,39.394225,-8.280949,80677.326761,-0.016113,-0.015703,0.032407,-219.511973,0.000000
66.680000,72.645677,27.302532,0.039597,716.485707,463.757663,2026.278438,39.394221,-8.280950,80687.236423,-0.016315,-0.015829,0.032422,-219.512569,0.000000
66.720000,72.643544,27.301674,0.039742,716.343071,463.341081,2025.279058,39.394218,-8.280952,80697.145570,-0.016516,-0.015953,0.032437,-219.513150,0.000000
66.760000,72.641431,27.300817,0.039886,716.200407,462.924473,2024.279729,39.394214,-8.280954,80707.054203,-0.016715,-0.016076,0.032451,-219.513716,0.000000
66.800000,72.639338,27.299963,0.040029,716.057717,462.507840,2023.280452,39.394210,-8.280955,80716.962321,-0.016912,-0.016198,0.032465,-219.514267,0.000000
66.840000,72.637265,27.299112,0.040172,715.915000,462.091181,2022.281227,39.394206,-8.280957,80726.869924,-0.017107,-0.016319,0.032478,-219.514803,0.000000
66.880000,72.635212,27.298263,0.040314,715.772256,461.674495,2021.282054,39.394203,-8.280959,80736.777012,-0.017300,-0.016439,0.032491,-219.515326,0.000000
66.920000,72.633178,27.297416,0.040455,715.629484,461.257783,2020.282933,39.394199,-8.280960,80746.683584,-0.017491,-0.016557,0.032504,-219.515834,0.000000
66.960000,72.631165,27.296572,0.040595,715.486684,460.841045,2019.283864,39.394195,-8.280962,80756.589641,-0.017681,-0.016675,0.032516,-219.516329,0.000000
67.000000,72.629170,27.295730,0.040734,715.343856,460.424280,2018.284847,39.394191,-8.280964,80766.495182,-0.017868,-0.016791,0.032528,-219.516810,0.000000
67.040000,72.627195,27.294891,0.040873,715.200999,460.007488,2017.285883,39.394188,-8.280965,80776.400207,-0.018054,-0.016906,0.032539,-219.517279,0.000000
67.080000,72.625238,27.294054,0.041010,715.058113,459.590669,2016.286970,39.394184,-8.280967,80786.304715,-0.018238,-0.017020,0.032551,-219.517734,0.000000
67.120000,72.623300,27.293219,0.041147,714.915198,459.173823,2015.288109,39.394180,-8.280969,80796.208707,-0.018420,-0.017133,0.032562,-219.518177,0.000000
67.160000,72.621381,27.292387,0.041283,714.772253,458.756950,2014.289300,39.394176,-8.280970,80806.112183,-0.018600,-0.017245,0.032572,-219.518607,0.000000
67.200000,72.619481,27.291557,0.041418,714.629279,458.340048,2013.290544,39.394173,-8.280972,80816.015142,-0.018779,-0.017355,0.032582,-219.519025,0.000000
67.240000,72.617598,27.290729,0.041552,714.486275,457.923119,2012.291840,39.394169,-8.280974,80825.917584,-0.018956,-0.017465,0.032592,-219.519432,0.000000
67.280000,72.615734,27.289904,0.041686,714.343240,457.506163,2011.293187,39.394165,-8.280975,80835.819509,-0.019131,-0.017573,0.032602,-219.519826,0.000000
67.320000,72.613887,27.289081,0.041818,714.200175,457.089178,2010.294587,39.394161,-8.280977,80845.720917,-0.019305,-0.017681,0.032611,-219.520209,0.000000
67.360000,72.612058,27.288260,0.041949,714.057079,456.672164,2009.296039,39.394158,-8.280978,80855.621807,-0.019476,-0.017787,0.032620,-219.520581,0.000000
67.400000,72.610247,27.287441,0.042080,713.913952,456.255123,2008.297544,39.394154,-8.280980,80865.522180,-0.019647,-0.017893,0.032628,-219.520941,0.000000
67.440000,72.608453,27.286625,0.042210,713.770793,455.838052,2007.299100,39.394150,-8.280982,80875.422035,-0.019815,-0.017997,0.032636,-219.521291,0.000000
67.480000,72.606676,27.285811,0.042339,713.627603,455.420953,2006.300709,39.394146,-8.280984,80885.321373,-0.019982,-0.018100,0.032644,-219.521630,0.000000
67.520000,72.604916,27.285000,0.042466,713.484380,455.003825,2005.302370,39.394143,-8.280985,80895.220192,-0.020147,-0.018203,0.032652,-219.521959,0.000000
67.560000,72.603173,27.284190,0.042593,713.341126,454.586668,2004.304083,39.394139,-8.280987,80905.118494,-0.020311,-0.018304,0.032660,-219.522277,0.000000
67.600000,72.601447,27.283383,0.042720,713.197838,454.169481,2003.305849,39.394135,-8.280989,80915.016278,-0.020473,-0.018404,0.032667,-219.522585,0.000000
67.640000,72.599738,27.282578,0.042845,713.054519,453.752265,2002.307666,39.394131,-8.280990,80924.913543,-0.020633,-0.018504,0.032674,-219.522884,0.000000
67.680000,72.598044,27.281775,0.042969,712.911166,453.335020,2001.309536,39.394128,-8.280992,80934.810290,-0.020792,-0.018602,0.032680,-219.523172,0.000000
67.720000,72.596367,27.280974,0.043092,712.767780,452.917744,2000.311459,39.394124,-8.280994,80944.706518,-0.020949,-0.018699,0.032686,-219.523451,0.000000
67.760000,72.594707,27.280175,0.043215,712.624360,452.500439,1999.313433,39.394120,-8.280995,80954.602228,-0.021105,-0.018796,0.032692,-219.523721,0.000000
67.800000,72.593062,27.279379,0.043336,712.480907,452.083104,1998.315460,39.394116,-8.280997,80964.497419,-0.021260,-0.018891,0.032698,-219.523982,0.000000
67.840000,72.591432,27.278585,0.043457,712.337419,451.665738,1997.317539,39.394113,-8.280999,80974.392092,-0.021412,-0.018986,0.032704,-219.524233,0.000000
67.880000,72.589819,27.277792,0.043577,712.193897,451.248342,1996.319671,39.394109,-8.281000,80984.286245,-0.021564,-0.019080,0.032709,-219.524476,0.000000
67.920000,72.588221,27.277002,0.043695,712.050341,450.830916,1995.321855,39.394105,-8.281002,80994.179880,-0.021714,-0.019172,0.032714,-219.524710,0.000000
67.960000,72.586638,27.276214,0.043813,711.906750,450.413459,1994.324091,39.394101,-8.281004,81004.072996,-0.021862,-0.019264,0.032719,-219.524936,0.000000
68.000000,72.585071,27.275429,0.043930,711.763124,449.995971,1993.326380,39.394098,-8.281005,81013.965593,-0.022009,-0.019355,0.032724,-219.525153,0.000000
68.040000,72.583518,27.274645,0.044046,711.619463,449.578452,1992.328720,39.394094,-8.281007,81023.857670,-0.022154,-0.019445,0.032728,-219.525362,0.000000
68.080000,72.581981,27.273863,0.044161,711.475767,449.160902,1991.331114,39.394090,-8.281009,81033.749229,-0.022298,-0.019535,0.032732,-219.525563,0.000000
68.120000,72.580458,27.273084,0.044276,711.332034,448.743321,1990.333559,39.394086,-8.281010,81043.640268,-0.022441,-0.019623,0.032736,-219.525757,0.000000
68.160000,72.578949,27.272306,0.044389,711.188266,448.325708,1989.336057,39.394083,-8.281012,81053.530787,-0.022582,-0.019710,0.032740,-219.525942,0.000000
68.200000,72.577456,27.271530,0.044501,711.044462,447.908064,1988.338608,39.394079,-8.281014,81063.420788,-0.022722,-0.019797,0.032744,-219.526120,0.000000
68.240000,72.575976,27.270757,0.044613,710.900621,447.490388,1987.341211,39.394075,-8.281015,81073.310269,-0.022861,-0.019883,0.032747,-219.526291,0.000000
68.280000,72.574511,27.269985,0.044723,710.756744,447.072680,1986.343866,39.394071,-8.281017,81083.199230,-0.022998,-0.019968,0.032750,-219.526454,0.000000
68.320000,72.573060,27.269216,0.044833,710.612830,446.654941,1985.346574,39.394067,-8.281019,81093.087672,-0.023134,-0.020052,0.032753,-219.526610,0.000000
68.360000,72.571623,27.268448,0.044942,710.468879,446.237169,1984.349334,39.394064,-8.281020,81102.975594,-0.023269,-0.020135,0.032756,-219.526759,0.000000
68.400000,72.570199,27.267683,0.045050,710.324891,445.819365,1983.352146,39.394060,-8.281022,81112.862996,-0.023402,-0.020217,0.032758,-219.526901,0.000000
68.440000,72.568790,27.266919,0.045157,710.180865,445.401529,1982.355011,39.394056,-8.281024,81122.749879,-0.023534,-0.020299,0.032761,-219.527037,0.000000
68.480000,72.567393,27.266158,0.045263,710.036802,444.983660,1981.357928,39.394052,-8.281025,81132.636242,-0.023664,-0.020380,0.032763,-219.527166,0.000000
68.520000,72.566010,27.265398,0.045368,709.892700,444.565758,1980.360898,39.394049,-8.281027,81142.522086,-0.023794,-0.020460,0.032765,-219.527288,0.000000
68.560000,72.564641,27.264640,0.045473,709.748561,444.147824,1979.363920,39.394045,-8.281029,81152.407409,-0.023922,-0.020539,0.032767,-219.527404,0.000000
68.600000,72.563285,27.263884,0.045576,709.604383,443.729857,1978.366994,39.394041,-8.281030,81162.292213,-0.024049,-0.020618,0.032768,-219.527514,0.000000
68.640000,72.561941,27.263130,0.045679,709.460167,443.311857,1977.370121,39.394037,-8.281032,81172.176497,-0.024174,-0.020695,0.032770,-219.527617,0.000000
68.680000,72.560611,27.262378,0.045781,709.315913,442.893824,1976.373301,39.394034,-8.281034,81182.060261,-0.024299,-0.020772,0.032771,-219.527715,0.000000
68.720000,72.559293,27.261628,0.045882,709.171619,442.475758,1975.376533,39.394030,-8.281035,81191.943505,-0.024422,-0.020849,0.032773,-219.527806,0.000000
68.760000,72.557988,27.260880,0.045982,709.027286,442.057658,1974.379817,39.394026,-8.281037,81201.826229,-0.024544,-0.020924,0.032774,-219.527892,0.000000
68.800000,72.556695,27.260133,0.046081,708.882914,441.639525,1973.383153,39.394022,-8.281039,81211.708433,-0.024665,-0.020999,0.032774,-219.527972,0.000000
68.840000,72.555415,27.259389,0.046179,708.738503,441.221358,1972.386543,39.394019,-8.281040,81221.590117,-0.024784,-0.021073,0.032775,-219.528047,0.000000
68.880000,72.554148,27.258646,0.046277,708.594052,440.803158,1971.389984,39.394015,-8.281042,81231.471282,-0.024903,-0.021146,0.032776,-219.528116,0.000000
68.920000,72.552892,27.257905,0.046374,708.449561,440.384924,1970.393478,39.394011,-8.281044,81241.351926,-0.025020,-0.021219,0.032776,-219.528180,0.000000
68.960000,72.551648,27.257166,0.046469,708.305030,439.966655,1969.397025,39.394007,-8.281045,81251.232050,-0.025136,-0.021290,0.032776,-219.528238,0.000000
69.000000,72.550417,27.256429,0.046564,708.160459,439.548353,1968.400624,39.394004,-8.281047,81261.111655,-0.025251,-0.021362,0.032776,-219.528292,0.000000
69.040000,72.549197,27.255693,0.046658,708.015847,439.130017,1967.404275,39.394000,-8.281049,81270.990739,-0.025365,-0.021432,0.032776,-219.528340,0.000000
69.080000,72.547989,27.254960,0.046752,707.871195,438.711646,1966.407979,39.393996,-8.281051,81280.869304,-0.025478,-0.021502,0.032776,-219.528383,0.000000
69.120000,72.546792,27.254228,0.046844,707.726502,438.293241,1965.411735,39.393992,-8.281052,81290.747348,-0.025590,-0.021571,0.032776,-219.528422,0.000000
69.160000,72.545607,27.253498,0.046936,707.581768,437.874801,1964.415544,39.393988,-8.281054,81300.624872,-0.025700,-0.021639,0.032776,-219.528456,0.000000
69.200000,72.544434,27.252769,0.047027,707.436993,437.456327,1963.419405,39.393985,-8.281056,81310.501877,-0.025810,-0.021707,0.032775,-219.528485,0.000000
69.240000,72.543272,27.252043,0.047117,707.292177,437.037817,1962.423318,39.393981,-8.281057,81320.378362,-0.025918,-0.021774,0.032774,-219.528509,0.000000
69.280000,72.542120,27.251318,0.047206,707.147319,436.619274,1961.427284,39.393977,-8.281059,81330.254326,-0.026025,-0.021840,0.032774,-219.528529,0.000000
69.320000,72.540980,27.250595,0.047295,707.002420,436.200695,1960.431303,39.393973,-8.281061,81340.129771,-0.026132,-0.021906,0.032773,-219.528545,0.000000
69.360000,72.539851,27.249873,0.047382,706.857479,435.782081,1959.435374,39.393970,-8.281062,81350.004696,-0.026237,-0.021971,0.032772,-219.528556,0.000000
69.400000,72.538733,27.249153,0.047469,706.712496,435.363432,1958.439497,39.393966,-8.281064,81359.879100,-0.026341,-0.022036,0.032770,-219.528563,0.000000
69.440000,72.537625,27.248435,0.047555,706.567470,434.944748,1957.443673,39.393962,-8.281066,81369.752985,-0.026445,-0.022099,0.032769,-219.528566,0.000000
69.480000,72.536529,27.247719,0.047641,706.422403,434.526028,1956.447901,39.393958,-8.281067,81379.626350,-0.026547,-0.022163,0.032768,-219.528564,0.000000
69.520000,72.535442,27.247004,0.047725,706.277293,434.107273,1955.452181,39.393955,-8.281069,81389.499196,-0.026648,-0.022225,0.032766,-219.528559,0.000000
69.560000,72.534366,27.246291,0.047809,706.132140,433.688482,1954.456514,39.393951,-8.281071,81399.371521,-0.026748,-0.022287,0.032765,-219.528550,0.000000
69.600000,72.533301,27.245580,0.047892,705.986944,433.269656,1953.460900,39.393947,-8.281072,81409.243327,-0.026847,-0.022348,0.032763,-219.528537,0.000000
69.640000,72.532246,27.244870,0.047974,705.841706,432.850794,1952.465338,39.393943,-8.281074,81419.114613,-0.026946,-0.022409,0.032761,-219.528520,0.000000
69.680000,72.531200,27.244162,0.048056,705.696424,432.431896,1951.469828,39.393940,-8.281076,81428.985379,-0.027043,-0.022469,0.032759,-219.528499,0.000000
69.720000,72.530165,27.243456,0.048137,705.551099,432.012962,1950.474371,39.393936,-8.281078,81438.855625,-0.027139,-0.022529,0.032757,-219.528475,0.000000
69.760000,72.529140,27.242751,0.048217,705.405731,431.593992,1949.478966,39.393932,-8.281079,81448.725352,-0.027235,-0.022588,0.032755,-219.528447,0.000000
69.800000,72.528125,27.242048,0.048296,705.260319,431.174986,1948.483613,39.393928,-8.281081,81458.594559,-0.027329,-0.022646,0.032753,-219.528416,0.000000
69.840000,72.527119,27.241346,0.048374,705.114864,430.755943,1947.488313,39.393924,-8.281083,81468.463246,-0.027423,-0.022704,0.032751,-219.528381,0.000000
69.880000,72.526124,27.240646,0.048452,704.969364,430.336865,1946.493065,39.393921,-8.281084,81478.331414,-0.027515,-0.022761,0.032748,-219.528343,0.000000
69.920000,72.525137,27.239947,0.048529,704.823821,429.917750,1945.497870,39.393917,-8.281086,81488.199063,-0.027607,-0.022818,0.032746,-219.528302,0.000000
69.960000,72.524161,27.239250,0.048606,704.678233,429.498598,1944.502727,39.393913,-8.281088,81498.066192,-0.027698,-0.022874,0.032743,-219.528257,0.000000
70.000000,72.523193,27.238555,0.048681,704.532601,429.079410,1943.507637,39.393909,-8.281089,81507.932801,-0.027788,-0.022929,0.032741,-219.528210,0.000000
70.040000,72.522235,27.237861,0.048756,704.386924,428.660185,1942.512599,39.393906,-8.281091,81517.798891,-0.027877,-0.022984,0.032738,-219.528159,0.000000
70.080000,72.521286,27.237169,0.048831,704.241203,428.240923,1941.517613,39.393902,-8.281093,81527.664462,-0.027965,-0.023039,0.032735,-219.528105,0.000000
70.120000,72.520347,27.236478,0.048904,704.095438,427.821625,1940.522680,39.393898,-8.281094,81537.529513,-0.028052,-0.023093,0.032732,-219.528048,0.000000
70.160000,72.519416,27.235789,0.048977,703.949627,427.402290,1939.527799,39.393894,-8.281096,81547.394045,-0.028139,-0.023146,0.032729,-219.527988,0.000000
70.200000,72.518494,27.235101,0.049049,703.803771,426.982917,1938.532970,39.393891,-8.281098,81557.258058,-0.028224,-0.023199,0.032726,-219.527926,0.000000
70.240000,72.517581,27.234415,0.049121,703.657870,426.563507,1937.538194,39.393887,-8.281100,81567.121551,-0.028309,-0.023251,0.032723,-219.527860,0.000000
70.280000,72.516677,27.233730,0.049191,703.511924,426.144061,1936.543470,39.393883,-8.281101,81576.984526,-0.028393,-0.023303,0.032720,-219.527792,0.000000
70.320000,72.515782,27.233047,0.049262,703.365933,425.724577,1935.548798,39.393879,-8.281103,81586.846981,-0.028476,-0.023355,0.032717,-219.527721,0.000000
70.360000,72.514895,27.232365,0.049331,703.219895,425.305055,1934.554179,39.393875,-8.281105,81596.708918,-0.028558,-0.023405,0.032713,-219.527648,0.000000
70.400000,72.514017,27.231685,0.049400,703.073813,424.885496,1933.559612,39.393872,-8.281106,81606.570335,-0.028640,-0.023456,0.032710,-219.527571,0.000000
70.440000,72.513147,27.231006,0.049468,702.927684,424.465900,1932.565098,39.393868,-8.281108,81616.431234,-0.028720,-0.023505,0.032706,-219.527493,0.000000
70.480000,72.512286,27.230329,0.049535,702.781509,424.046266,1931.570635,39.393864,-8.281110,81626.291613,-0.028800,-0.023555,0.032703,-219.527412,0.000000
70.520000,72.511433,27.229653,0.049602,702.635289,423.626594,1930.576226,39.393860,-8.281111,81636.151474,-0.028879,-0.023604,0.032699,-219.527328,0.000000
70.560000,72.510588,27.228978,0.049668,702.489022,423.206885,1929.581868,39.393857,-8.281113,81646.010816,-0.028958,-0.023652,0.032695,-219.527242,0.000000
70.600000,72.509751,27.228305,0.049734,702.342709,422.787137,1928.587563,39.393853,-8.281115,81655.869639,-0.029035,-0.023700,0.032692,-219.527153,0.000000
70.640000,72.508922,27.227634,0.049799,702.196349,422.367352,1927.593310,39.393849,-8.281117,81665.727944,-0.029112,-0.023747,0.032688,-219.527063,0.000000
70.680000,72.508102,27.226963,0.049863,702.049943,421.947529,1926.599109,39.393845,-8.281118,81675.585730,-0.029188,-0.023794,0.032684,-219.526970,0.000000
70.720000,72.507289,27.226295,0.049927,701.903490,421.527667,1925.604961,39.393841,-8.281120,81685.442998,-0.029263,-0.023840,0.032680,-219.526875,0.000000
70.760000,72.506484,27.225627,0.049990,701.756990,421.107768,1924.610865,39.393838,-8.281122,81695.299747,-0.029338,-0.023886,0.032676,-219.526777,0.000000
70.800000,72.505687,27.224961,0.050052,701.610443,420.687830,1923.616821,39.393834,-8.281123,81705.155978,-0.029412,-0.023932,0.032672,-219.526678,0.000000
70.840000,72.504897,27.224296,0.050114,701.463849,420.267854,1922.622830,39.393830,-8.281125,81715.011690,-0.029485,-0.023977,0.032668,-219.526576,0.000000
70.880000,72.504115,27.223633,0.050175,701.317208,419.847840,1921.628890,39.393826,-8.281127,81724.866884,-0.029557,-0.024022,0.032664,-219.526472,0.000000
70.920000,72.503341,27.222971,0.050236,701.170520,419.427787,1920.635003,39.393823,-8.281129,81734.721560,-0.029629,-0.024066,0.032660,-219.526367,0.000000
70.960000,72.502574,27.222310,0.050296,701.023784,419.007696,1919.641169,39.393819,-8.281130,81744.575718,-0.029699,-0.024110,0.032655,-219.526259,0.000000
71.000000,72.501814,27.221651,0.050355,700.877001,418.587566,1918.647386,39.393815,-8.281132,81754.429358,-0.029770,-0.024153,0.032651,-219.526150,0.000000
71.040000,72.501062,27.220993,0.050414,700.730170,418.167398,1917.653656,39.393811,-8.281134,81764.282480,-0.029839,-0.024196,0.032647,-219.526038,0.000000
71.080000,72.500317,27.220337,0.050473,700.583292,417.747190,1916.659978,39.393807,-8.281135,81774.135084,-0.029908,-0.024238,0.032642,-219.525925,0.000000
71.120000,72.499579,27.219681,0.050530,700.436365,417.326944,1915.666352,39.393804,-8.281137,81783.987170,-0.029976,-0.024280,0.032638,-219.525810,0.000000
71.160000,72.498849,27.219027,0.050587,700.289391,416.906660,1914.672779,39.393800,-8.281139,81793.838738,-0.030044,-0.024322,0.032633,-219.525693,0.000000
71.200000,72.498125,27.218375,0.050644,700.142369,416.486336,1913.679257,39.393796,-8.281141,81803.689789,-0.030110,-0.024363,0.032629,-219.525575,0.000000
71.240000,72.497408,27.217723,0.050700,699.995298,416.065973,1912.685788,39.393792,-8.281142,81813.540322,-0.030177,-0.024404,0.032624,-219.525454,0.000000
71.280000,72.496699,27.217073,0.050755,699.848179,415.645571,1911.692371,39.393789,-8.281144,81823.390337,-0.030242,-0.024444,0.032619,-219.525333,0.000000
71.320000,72.495996,27.216424,0.050810,699.701012,415.225130,1910.699007,39.393785,-8.281146,81833.239835,-0.030307,-0.024484,0.032615,-219.525209,0.000000
71.360000,72.495300,27.215777,0.050865,699.553796,414.804650,1909.705694,39.393781,-8.281147,81843.088815,-0.030371,-0.024524,0.032610,-219.525084,0.000000
71.400000,72.494610,27.215130,0.050918,699.406532,414.384131,1908.712434,39.393777,-8.281149,81852.937279,-0.030435,-0.024563,0.032605,-219.524957,0.000000
71.440000,72.493927,27.214485,0.050972,699.259219,413.963572,1907.719225,39.393773,-8.281151,81862.785224,-0.030498,-0.024602,0.032600,-219.524829,0.000000
71.480000,72.493251,27.213841,0.051024,699.111857,413.542974,1906.726069,39.393770,-8.281153,81872.632653,-0.030560,-0.024640,0.032595,-219.524699,0.000000
71.520000,72.492581,27.213199,0.051077,698.964446,413.122337,1905.732966,39.393766,-8.281154,81882.479565,-0.030622,-0.024678,0.032590,-219.524568,0.000000
71.560000,72.491918,27.212558,0.051128,698.816986,412.701660,1904.739914,39.393762,-8.281156,81892.325959,-0.030683,-0.024716,0.032585,-219.524435,0.000000
71.600000,72.491261,27.211917,0.051179,698.669477,412.280944,1903.746914,39.393758,-8.281158,81902.171837,-0.030743,-0.024753,0.032580,-219.524301,0.000000
71.640000,72.490611,27.211279,0.051230,698.521919,411.860188,1902.753967,39.393754,-8.281159,81912.017198,-0.030803,-0.024790,0.032575,-219.524166,0.000000
71.680000,72.489967,27.210641,0.051280,698.374312,411.439392,1901.761071,39.393751,-8.281161,81921.862042,-0.030862,-0.024826,0.032570,-219.524029,0.000000
71.720000,72.489329,27.210005,0.051330,698.226655,411.018557,1900.768228,39.393747,-8.281163,81931.706369,-0.030921,-0.024862,0.032565,-219.523890,0.000000
71.760000,72.488697,27.209369,0.051379,698.078949,410.597682,1899.775437,39.393743,-8.281165,81941.550179,-0.030979,-0.024898,0.032560,-219.523751,0.000000
71.800000,72.488071,27.208735,0.051427,697.931193,410.176766,1898.782698,39.393739,-8.281166,81951.393474,-0.031037,-0.024934,0.032555,-219.523610,0.000000
71.840000,72.487452,27.208102,0.051475,697.783388,409.755812,1897.790011,39.393736,-8.281168,81961.236251,-0.031093,-0.024969,0.032550,-219.523468,0.000000
71.880000,72.486838,27.207471,0.051523,697.635533,409.334817,1896.797376,39.393732,-8.281170,81971.078512,-0.031150,-0.025003,0.032544,-219.523325,0.000000
71.920000,72.486230,27.206840,0.051570,697.487628,408.913782,1895.804793,39.393728,-8.281171,81980.920257,-0.031206,-0.025038,0.032539,-219.523181,0.000000
71.960000,72.485628,27.206211,0.051617,697.339673,408.492707,1894.812262,39.393724,-8.281173,81990.761486,-0.031261,-0.025072,0.032534,-219.523035,0.000000
72.000000,72.485032,27.205583,0.051663,697.191668,408.071592,1893.819784,39.393720,-8.281175,82000.602199,-0.031316,-0.025106,0.032528,-219.522888,0.000000
72.040000,72.484442,27.204956,0.051709,697.043613,407.650437,1892.827357,39.393717,-8.281177,82010.442395,-0.031370,-0.025139,0.032523,-219.522740,0.000000
72.080000,72.483857,27.204330,0.051754,696.895508,407.229241,1891.834983,39.393713,-8.281178,82020.282076,-0.031424,-0.025172,0.032518,-219.522591,0.000000
72.120000,72.483278,27.203705,0.051799,696.747352,406.808005,1890.842660,39.393709,-8.281180,82030.121240,-0.031477,-0.025205,0.032512,-219.522441,0.000000
72.160000,72.482705,27.203081,0.051843,696.599146,406.386729,1889.850389,39.393705,-8.281182,82039.959889,-0.031529,-0.025237,0.032507,-219.522290,0.000000
72.200000,72.482137,27.202459,0.051887,696.450890,405.965413,1888.858171,39.393701,-8.281183,82049.798023,-0.031581,-0.025269,0.032501,-219.522138,0.000000
72.240000,72.481575,27.201837,0.051930,696.302583,405.544056,1887.866004,39.393698,-8.281185,82059.635640,-0.031633,-0.025301,0.032496,-219.521985,0.000000
72.280000,72.481018,27.201217,0.051973,696.154226,405.122659,1886.873890,39.393694,-8.281187,82069.472742,-0.031684,-0.025332,0.032490,-219.521831,0.000000
72.320000,72.480466,27.200598,0.052015,696.005818,404.701221,1885.881827,39.393690,-8.281189,82079.309329,-0.031734,-0.025363,0.032485,-219.521675,0.000000
72.360000,72.479920,27.199980,0.052057,695.857359,404.279743,1884.889817,39.393686,-8.281190,82089.145400,-0.031784,-0.025394,0.032479,-219.521519,0.000000
72.400000,72.479379,27.199363,0.052099,695.708849,403.858223,1883.897858,39.393683,-8.281192,82098.980956,-0.031834,-0.025424,0.032473,-219.521362,0.000000
72.440000,72.478843,27.198747,0.052140,695.560288,403.436664,1882.905951,39.393679,-8.281194,82108.815997,-0.031883,-0.025454,0.032468,-219.521204,0.000000
72.480000,72.478313,27.198132,0.052181,695.411677,403.015063,1881.914097,39.393675,-8.281196,82118.650523,-0.031931,-0.025484,0.032462,-219.521046,0.000000
72.520000,72.477788,27.197519,0.052221,695.263014,402.593422,1880.922294,39.393671,-8.281197,82128.484533,-0.031979,-0.025514,0.032457,-219.520886,0.000000
72.560000,72.477267,27.196906,0.052261,695.114300,402.171740,1879.930543,39.393667,-8.281199,82138.318029,-0.032027,-0.025543,0.032451,-219.520725,0.000000
72.600000,72.476752,27.196295,0.052301,694.965535,401.750017,1878.938844,39.393664,-8.281201,82148.151010,-0.032074,-0.025572,0.032445,-219.520564,0.000000
72.640000,72.476242,27.195684,0.052340,694.816718,401.328253,1877.947197,39.393660,-8.281203,82157.983477,-0.032121,-0.025601,0.032439,-219.520402,0.000000
72.680000,72.475736,27.195075,0.052378,694.667850,400.906448,1876.955602,39.393656,-8.281204,82167.815428,-0.032167,-0.025629,0.032434,-219.520239,0.000000
72.720000,72.475236,27.194466,0.052416,694.518931,400.484602,1875.964059,39.393652,-8.281206,82177.646865,-0.032212,-0.025657,0.032428,-219.520075,0.000000
72.760000,72.474740,27.193859,0.052454,694.369960,400.062716,1874.972567,39.393648,-8.281208,82187.477788,-0.032258,-0.025685,0.032422,-219.519911,0.000000
72.800000,72.474249,27.193253,0.052492,694.220937,399.640788,1873.981128,39.393645,-8.281209,82197.308196,-0.032302,-0.025712,0.032416,-219.519745,0.000000
72.840000,72.473763,27.192647,0.052529,694.071863,399.218818,1872.989740,39.393641,-8.281211,82207.138091,-0.032347,-0.025740,0.032410,-219.519579,0.000000
72.880000,72.473282,27.192043,0.052565,693.922737,398.796808,1871.998404,39.393637,-8.281213,82216.967470,-0.032390,-0.025766,0.032404,-219.519413,0.000000
72.920000,72.472805,27.191440,0.052601,693.773559,398.374757,1871.007121,39.393633,-8.281215,82226.796336,-0.032434,-0.025793,0.032398,-219.519245,0.000000
72.960000,72.472333,27.190838,0.052637,693.624329,397.952664,1870.015889,39.393629,-8.281216,82236.624688,-0.032477,-0.025820,0.032393,-219.519077,0.000000
73.000000,72.471866,27.190236,0.052673,693.475048,397.530530,1869.024708,39.393626,-8.281218,82246.452526,-0.032519,-0.025846,0.032387,-219.518908,0.000000
73.040000,72.471403,27.189636,0.052708,693.325714,397.108354,1868.033580,39.393622,-8.281220,82256.279850,-0.032562,-0.025872,0.032381,-219.518739,0.000000
73.080000,72.470944,27.189037,0.052742,693.176328,396.686137,1867.042503,39.393618,-8.281222,82266.106661,-0.032603,-0.025897,0.032375,-219.518569,0.000000
73.120000,72.470490,27.188439,0.052777,693.026890,396.263879,1866.051478,39.393614,-8.281223,82275.932957,-0.032645,-0.025922,0.032369,-219.518398,0.000000
73.160000,72.470040,27.187841,0.052811,692.877400,395.841579,1865.060505,39.393610,-8.281225,82285.758741,-0.032685,-0.025948,0.032363,-219.518227,0.000000
73.200000,72.469595,27.187245,0.052844,692.727858,395.419238,1864.069584,39.393607,-8.281227,82295.584011,-0.032726,-0.025972,0.032357,-219.518055,0.000000
73.240000,72.469154,27.186650,0.052877,692.578263,394.996855,1863.078715,39.393603,-8.281229,82305.408767,-0.032766,-0.025997,0.032351,-219.517882,0.000000
73.280000,72.468717,27.186055,0.052910,692.428615,394.574431,1862.087897,39.393599,-8.281230,82315.233011,-0.032806,-0.026021,0.032345,-219.517709,0.000000
73.320000,72.468285,27.185462,0.052943,692.278916,394.151965,1861.097131,39.393595,-8.281232,82325.056741,-0.032845,-0.026045,0.032339,-219.517536,0.000000
73.360000,72.467856,27.184870,0.052975,692.129163,393.729457,1860.106417,39.393591,-8.281234,82334.879958,-0.032884,-0.026069,0.032333,-219.517361,0.000000
73.400000,72.467432,27.184278,0.053007,691.979358,393.306908,1859.115754,39.393588,-8.281236,82344.702662,-0.032922,-0.026093,0.032326,-219.517187,0.000000
73.440000,72.467012,27.183688,0.053038,691.829501,392.884316,1858.125144,39.393584,-8.281237,82354.524854,-0.032960,-0.026116,0.032320,-219.517012,0.000000
73.480000,72.466596,27.183098,0.053069,691.679590,392.461683,1857.134585,39.393580,-8.281239,82364.346532,-0.032998,-0.026139,0.032314,-219.516836,0.000000
73.520000,72.466184,27.182510,0.053100,691.529627,392.039009,1856.144077,39.393576,-8.281241,82374.167698,-0.033035,-0.026162,0.032308,-219.516660,0.000000
73.560000,72.465776,27.181922,0.053130,691.379611,391.616292,1855.153622,39.393572,-8.281243,82383.988352,-0.033072,-0.026185,0.032302,-219.516483,0.000000
73.600000,72.465372,27.181335,0.053160,691.229542,391.193533,1854.163218,39.393569,-8.281244,82393.808493,-0.033109,-0.026207,0.032296,-219.516306,0.000000
73.640000,72.464972,27.180749,0.053190,691.079421,390.770733,1853.172865,39.393565,-8.281246,82403.628121,-0.033145,-0.026229,0.032290,-219.516128,0.000000
73.680000,72.464576,27.180164,0.053219,690.929246,390.347890,1852.182565,39.393561,-8.281248,82413.447238,-0.033181,-0.026251,0.032284,-219.515950,0.000000
73.720000,72.464184,27.179580,0.053248,690.779018,389.925006,1851.192316,39.393557,-8.281250,82423.265842,-0.033216,-0.026273,0.032277,-219.515771,0.000000
73.760000,72.463795,27.178997,0.053277,690.628736,389.502079,1850.202119,39.393553,-8.281251,82433.083934,-0.033251,-0.026294,0.032271,-219.515592,0.000000
73.800000,72.463410,27.178415,0.053306,690.478402,389.079111,1849.211973,39.393550,-8.281253,82442.901514,-0.033286,-0.026316,0.032265,-219.515413,0.000000
73.840000,72.463029,27.177834,0.053334,690.328014,388.656100,1848.221879,39.393546,-8.281255,82452.718583,-0.033320,-0.026337,0.032259,-219.515233,0.000000
73.880000,72.462652,27.177254,0.053362,690.177574,388.233047,1847.231836,39.393542,-8.281257,82462.535139,-0.033354,-0.026358,0.032252,-219.515053,0.000000
73.920000,72.462278,27.176674,0.053389,690.027079,387.809952,1846.241845,39.393538,-8.281258,82472.351184,-0.033388,-0.026378,0.032246,-219.514872,0.000000
73.960000,72.461908,27.176096,0.053416,689.876532,387.386815,1845.251906,39.393534,-8.281260,82482.166718,-0.033421,-0.026399,0.032240,-219.514691,0.000000
74.000000,72.461542,27.175518,0.053443,689.725930,386.963636,1844.262019,39.393531,-8.281262,82491.981740,-0.033454,-0.026419,0.032234,-219.514510,0.000000
74.040000,72.461179,27.174941,0.053470,689.575276,386.540414,1843.272182,39.393527,-8.281264,82501.796250,-0.033487,-0.026439,0.032227,-219.514328,0.000000
74.080000,72.460819,27.174365,0.053496,689.424567,386.117150,1842.282398,39.393523,-8.281265,82511.610249,-0.033519,-0.026459,0.032221,-219.514146,0.000000
74.120000,72.460464,27.173790,0.053522,689.273805,385.693844,1841.292665,39.393519,-8.281267,82521.423737,-0.033551,-0.026478,0.032215,-219.513964,0.000000
74.160000,72.460111,27.173216,0.053547,689.122990,385.270495,1840.302983,39.393515,-8.281269,82531.236714,-0.033583,-0.026498,0.032209,-219.513781,0.000000
74.200000,72.459762,27.172642,0.053573,688.972120,384.847104,1839.313354,39.393512,-8.281271,82541.049180,-0.033614,-0.026517,0.032202,-219.513598,0.000000
74.240000,72.459417,27.172070,0.053598,688.821197,384.423671,1838.323775,39.393508,-8.281272,82550.861135,-0.033645,-0.026536,0.032196,-219.513414,0.000000
74.280000,72.459074,27.171498,0.053623,688.670220,384.000195,1837.334248,39.393504,-8.281274,82560.672580,-0.033676,-0.026554,0.032190,-219.513230,0.000000
74.320000,72.458735,27.170928,0.053647,688.519189,383.576676,1836.344773,39.393500,-8.281276,82570.483513,-0.033707,-0.026573,0.032183,-219.513046,0.000000
74.360000,72.458400,27.170358,0.053671,688.368105,383.153115,1835.355349,39.393496,-8.281278,82580.293937,-0.033737,-0.026591,0.032177,-219.512862,0.000000
74.400000,72.458067,27.169788,0.053695,688.216966,382.729512,1834.365977,39.393492,-8.281279,82590.103849,-0.033766,-0.026610,0.032171,-219.512677,0.000000
74.440000,72.457738,27.169220,0.053719,688.065773,382.305865,1833.376656,39.393489,-8.281281,82599.913251,-0.033796,-0.026628,0.032164,-219.512492,0.000000
74.480000,72.457412,27.168653,0.053742,687.914526,381.882177,1832.387386,39.393485,-8.281283,82609.722144,-0.033825,-0.026645,0.032158,-219.512307,0.000000
74.520000,72.457090,27.168086,0.053766,687.763225,381.458445,1831.398168,39.393481,-8.281285,82619.530525,-0.033854,-0.026663,0.032152,-219.512122,0.000000
74.560000,72.456770,27.167520,0.053788,687.611870,381.034671,1830.409002,39.393477,-8.281286,82629.338397,-0.033883,-0.026681,0.032145,-219.511936,0.000000
74.600000,72.456454,27.166955,0.053811,687.460461,380.610855,1829.419887,39.393473,-8.281288,82639.145759,-0.033911,-0.026698,0.032139,-219.511750,0.000000
74.640000,72.456140,27.166391,0.053833,687.308997,380.186995,1828.430823,39.393470,-8.281290,82648.952611,-0.033939,-0.026715,0.032132,-219.511564,0.000000
74.680000,72.455830,27.165828,0.053855,687.157479,379.763093,1827.441811,39.393466,-8.281292,82658.758953,-0.033966,-0.026732,0.032126,-219.511377,0.000000
74.720000,72.455522,27.165265,0.053877,687.005907,379.339148,1826.452850,39.393462,-8.281293,82668.564786,-0.033994,-0.026749,0.032120,-219.511191,0.000000
74.760000,72.455218,27.164704,0.053899,686.854280,378.915161,1825.463940,39.393458,-8.281295,82678.370108,-0.034021,-0.026765,0.032113,-219.511004,0.000000
74.800000,72.454917,27.164143,0.053920,686.702599,378.491130,1824.475082,39.393454,-8.281297,82688.174922,-0.034048,-0.026781,0.032107,-219.510817,0.000000
74.840000,72.454618,27.163583,0.053941,686.550864,378.067057,1823.486275,39.393451,-8.281299,82697.979226,-0.034074,-0.026798,0.032101,-219.510629,0.000000
74.880000,72.454323,27.163023,0.053962,686.399074,377.642940,1822.497520,39.393447,-8.281301,82707.783021,-0.034101,-0.026814,0.032094,-219.510442,0.000000
74.920000,72.454030,27.162465,0.053982,686.247229,377.218781,1821.508816,39.393443,-8.281302,82717.586307,-0.034127,-0.026830,0.032088,-219.510254,0.000000
74.960000,72.453740,27.161907,0.054003,686.095330,376.794579,1820.520163,39.393439,-8.281304,82727.389083,-0.034153,-0.026845,0.032081,-219.510066,0.000000
75.000000,72.453453,27.161350,0.054023,685.943376,376.370334,1819.531562,39.393435,-8.281306,82737.191351,-0.034178,-0.026861,0.032075,-219.509878,0.000000
75.040000,72.453169,27.160794,0.054042,685.791367,375.946046,1818.543012,39.393431,-8.281308,82746.993110,-0.034203,-0.026876,0.032068,-219.509689,0.000000
75.080000,72.452888,27.160238,0.054062,685.639304,375.521715,1817.554513,39.393428,-8.281309,82756.794360,-0.034228,-0.026891,0.032062,-219.509501,0.000000
75.120000,72.452609,27.159684,0.054081,685.487186,375.097341,1816.566066,39.393424,-8.281311,82766.595101,-0.034253,-0.026906,0.032056,-219.509312,0.000000
75.160000,72.452333,27.159130,0.054100,685.335013,374.672924,1815.577670,39.393420,-8.281313,82776.395334,-0.034277,-0.026921,0.032049,-219.509123,0.000000
75.200000,72.452060,27.158577,0.054119,685.182786,374.248464,1814.589325,39.393416,-8.281315,82786.195059,-0.034302,-0.026936,0.032043,-219.508934,0.000000
75.240000,72.451789,27.158024,0.054138,685.030503,373.823960,1813.601031,39.393412,-8.281316,82795.994275,-0.034326,-0.026951,0.032036,-219.508745,0.000000
75.280000,72.451521,27.157473,0.054156,684.878165,373.399414,1812.612789,39.393409,-8.281318,82805.792983,-0.034349,-0.026965,0.032030,-219.508555,0.000000
75.320000,72.451256,27.156922,0.054174,684.725773,372.974824,1811.624598,39.393405,-8.281320,82815.591183,-0.034373,-0.026979,0.032023,-219.508366,0.000000
75.360000,72.450993,27.156372,0.054192,684.573326,372.550192,1810.636458,39.393401,-8.281322,82825.388874,-0.034396,-0.026993,0.032017,-219.508176,0.000000
75.400000,72.450733,27.155822,0.054210,684.420823,372.125516,1809.648369,39.393397,-8.281324,82835.186058,-0.034419,-0.027007,0.032010,-219.507986,0.000000
75.440000,72.450475,27.155274,0.054228,684.268265,371.700797,1808.660332,39.393393,-8.281325,82844.982734,-0.034442,-0.027021,0.032004,-219.507796,0.000000
75.480000,72.450220,27.154726,0.054245,684.115653,371.276034,1807.672346,39.393389,-8.281327,82854.778903,-0.034464,-0.027035,0.031997,-219.507606,0.000000
75.520000,72.449968,27.154179,0.054262,683.962985,370.851229,1806.684411,39.393386,-8.281329,82864.574563,-0.034486,-0.027048,0.031991,-219.507416,0.000000
75.560000,72.449718,27.153632,0.054279,683.810262,370.426380,1805.696527,39.393382,-8.281331,82874.369716,-0.034508,-0.027062,0.031984,-219.507226,0.000000
75.600000,72.449470,27.153087,0.054295,683.657484,370.001488,1804.708694,39.393378,-8.281332,82884.164362,-0.034530,-0.027075,0.031978,-219.507035,0.000000
75.640000,72.449225,27.152542,0.054312,683.504650,369.576552,1803.720913,39.393374,-8.281334,82893.958500,-0.034552,-0.027088,0.031971,-219.506845,0.000000
75.680000,72.448982,27.151997,0.054328,683.351762,369.151573,1802.733182,39.393370,-8.281336,82903.752132,-0.034573,-0.027101,0.031965,-219.506654,0.000000
75.720000,72.448741,27.151454,0.054344,683.198818,368.726551,1801.745503,39.393367,-8.281338,82913.545256,-0.034594,-0.027114,0.031958,-219.506463,0.000000
75.760000,72.448503,27.150911,0.054360,683.045818,368.301486,1800.757875,39.393363,-8.281340,82923.337873,-0.034615,-0.027127,0.031952,-219.506272,0.000000
75.800000,72.448267,27.150369,0.054375,682.892763,367.876377,1799.770298,39.393359,-8.281341,82933.129983,-0.034636,-0.027139,0.031945,-219.506081,0.000000
75.840000,72.448034,27.149828,0.054391,682.739653,367.451224,1798.782772,39.393355,-8.281343,82942.921586,-0.034656,-0.027152,0.031939,-219.505890,0.000000
75.880000,72.447802,27.149287,0.054406,682.586487,367.026028,1797.795298,39.393351,-8.281345,82952.712683,-0.034677,-0.027164,0.031932,-219.505699,0.000000
75.920000,72.447574,27.148747,0.054421,682.433266,366.600789,1796.807874,39.393347,-8.281347,82962.503273,-0.034697,-0.027176,0.031926,-219.505508,0.000000
75.960000,72.447347,27.148208,0.054436,682.279990,366.175506,1795.820502,39.393344,-8.281348,82972.293357,-0.034716,-0.027188,0.031919,-219.505316,0.000000
76.000000,72.447122,27.147669,0.054451,682.126657,365.750180,1794.833180,39.393340,-8.281350,82982.082934,-0.034736,-0.027200,0.031913,-219.505125,0.000000
76.040000,72.446900,27.147131,0.054465,681.973270,365.324810,1793.845910,39.393336,-8.281352,82991.872005,-0.034755,-0.027212,0.031906,-219.504933,0.000000
76.080000,72.446680,27.146594,0.054479,681.819826,364.899397,1792.858690,39.393332,-8.281354,83001.660570,-0.034775,-0.027223,0.031900,-219.504742,0.000000
76.120000,72.446462,27.146058,0.054493,681.666327,364.473940,1791.871522,39.393328,-8.281356,83011.448628,-0.034794,-0.027235,0.031893,-219.504550,0.000000
76.160000,72.446246,27.145522,0.054507,681.512773,364.048439,1790.884405,39.393324,-8.281357,83021.236181,-0.034812,-0.027246,0.031887,-219.504358,0.000000
76.200000,72.446032,27.144987,0.054521,681.359162,363.622895,1789.897338,39.393321,-8.281359,83031.023228,-0.034831,-0.027257,0.031880,-219.504166,0.000000
76.240000,72.445821,27.144452,0.054534,681.205496,363.197308,1788.910323,39.393317,-8.281361,83040.809769,-0.034849,-0.027269,0.031874,-219.503975,0.000000
76.280000,72.445611,27.143919,0.054548,681.051774,362.771676,1787.923359,39.393313,-8.281363,83050.595804,-0.034868,-0.027280,0.031867,-219.503783,0.000000
76.320000,72.445404,27.143386,0.054561,680.897996,362.346001,1786.936446,39.393309,-8.281365,83060.381334,-0.034886,-0.027290,0.031861,-219.503591,0.000000
76.360000,72.445198,27.142853,0.054574,680.744163,361.920283,1785.949583,39.393305,-8.281366,83070.166359,-0.034903,-0.027301,0.031854,-219.503399,0.000000
76.400000,72.444995,27.142322,0.054587,680.590274,361.494520,1784.962772,39.393301,-8.281368,83079.950878,-0.034921,-0.027312,0.031848,-219.503206,0.000000
76.440000,72.444794,27.141790,0.054599,680.436328,361.068714,1783.976012,39.393298,-8.281370,83089.734891,-0.034938,-0.027322,0.031841,-219.503014,0.000000
76.480000,72.444594,27.141260,0.054612,680.282327,360.642865,1782.989302,39.393294,-8.281372,83099.518400,-0.034956,-0.027333,0.031835,-219.502822,0.000000
76.520000,72.444397,27.140730,0.054624,680.128270,360.216971,1782.002644,39.393290,-8.281374,83109.301404,-0.034973,-0.027343,0.031828,-219.502630,0.000000
76.560000,72.444201,27.140201,0.054636,679.974157,359.791034,1781.016036,39.393286,-8.281375,83119.083902,-0.034990,-0.027353,0.031822,-219.502437,0.000000
76.600000,72.444007,27.139673,0.054648,679.819988,359.365053,1780.029479,39.393282,-8.281377,83128.865896,-0.035006,-0.027363,0.031815,-219.502245,0.000000
76.640000,72.443816,27.139145,0.054660,679.665763,358.939028,1779.042974,39.393278,-8.281379,83138.647385,-0.035023,-0.027373,0.031809,-219.502053,0.000000
76.680000,72.443626,27.138618,0.054671,679.511482,358.512960,1778.056519,39.393275,-8.281381,83148.428370,-0.035039,-0.027383,0.031802,-219.501860,0.000000
76.720000,72.443438,27.138092,0.054683,679.357145,358.086847,1777.070115,39.393271,-8.281383,83158.208850,-0.035055,-0.027393,0.031796,-219.501668,0.000000
76.760000,72.443252,27.137566,0.054694,679.202752,357.660691,1776.083762,39.393267,-8.281384,83167.988825,-0.035071,-0.027403,0.031789,-219.501475,0.000000
76.800000,72.443067,27.137041,0.054705,679.048303,357.234491,1775.097460,39.393263,-8.281386,83177.768296,-0.035087,-0.027412,0.031783,-219.501283,0.000000
76.840000,72.442885,27.136516,0.054716,678.893797,356.808247,1774.111208,39.393259,-8.281388,83187.547263,-0.035103,-0.027421,0.031776,-219.501090,0.000000
76.880000,72.442704,27.135992,0.054727,678.739236,356.381959,1773.125008,39.393255,-8.281390,83197.325726,-0.035118,-0.027431,0.031770,-219.500898,0.000000
76.920000,72.442525,27.135469,0.054738,678.584618,355.955628,1772.138858,39.393252,-8.281391,83207.103685,-0.035134,-0.027440,0.031763,-219.500705,0.000000
76.960000,72.442348,27.134946,0.054748,678.429944,355.529252,1771.152759,39.393248,-8.281393,83216.881140,-0.035149,-0.027449,0.031757,-219.500513,0.000000
77.000000,72.442173,27.134424,0.054759,678.275214,355.102833,1770.166711,39.393244,-8.281395,83226.658091,-0.035164,-0.027458,0.031750,-219.500320,0.000000
77.040000,72.441999,27.133903,0.054769,678.120427,354.676369,1769.180714,39.393240,-8.281397,83236.434539,-0.035179,-0.027467,0.031744,-219.500128,0.000000
77.080000,72.441827,27.133382,0.054779,677.965584,354.249862,1768.194767,39.393236,-8.281399,83246.210483,-0.035193,-0.027476,0.031737,-219.499935,0.000000
77.120000,72.441657,27.132862,0.054789,677.810685,353.823311,1767.208872,39.393232,-8.281401,83255.985923,-0.035208,-0.027485,0.031731,-219.499742,0.000000
77.160000,72.441489,27.132343,0.054799,677.655730,353.396715,1766.223027,39.393229,-8.281402,83265.760860,-0.035222,-0.027493,0.031724,-219.499550,0.000000
77.200000,72.441322,27.131824,0.054808,677.500718,352.970076,1765.237232,39.393225,-8.281404,83275.535294,-0.035236,-0.027502,0.031717,-219.499357,0.000000
77.240000,72.441156,27.131306,0.054818,677.345650,352.543393,1764.251489,39.393221,-8.281406,83285.309224,-0.035250,-0.027510,0.031711,-219.499164,0.000000
77.280000,72.440993,27.130788,0.054827,677.190525,352.116665,1763.265796,39.393217,-8.281408,83295.082652,-0.035264,-0.027518,0.031704,-219.498972,0.000000
77.320000,72.440831,27.130271,0.054836,677.035344,351.689894,1762.280154,39.393213,-8.281410,83304.855576,-0.035278,-0.027527,0.031698,-219.498779,0.000000
77.360000,72.440670,27.129755,0.054845,676.880107,351.263079,1761.294563,39.393209,-8.281411,83314.627998,-0.035292,-0.027535,0.031691,-219.498586,0.000000
77.400000,72.440512,27.129239,0.054854,676.724813,350.836219,1760.309023,39.393206,-8.281413,83324.399917,-0.035305,-0.027543,0.031685,-219.498394,0.000000
77.440000,72.440354,27.128724,0.054863,676.569463,350.409316,1759.323533,39.393202,-8.281415,83334.171333,-0.035318,-0.027551,0.031678,-219.498201,0.000000
77.480000,72.440199,27.128209,0.054872,676.414056,349.982368,1758.338094,39.393198,-8.281417,83343.942246,-0.035331,-0.027559,0.031672,-219.498008,0.000000
77.520000,72.440044,27.127695,0.054880,676.258592,349.555377,1757.352705,39.393194,-8.281419,83353.712658,-0.035344,-0.027566,0.031665,-219.497816,0.000000
77.560000,72.439892,27.127182,0.054888,676.103072,349.128341,1756.367367,39.393190,-8.281420,83363.482566,-0.035357,-0.027574,0.031659,-219.497623,0.000000
77.600000,72.439741,27.126669,0.054897,675.947496,348.701261,1755.382080,39.393186,-8.281422,83373.251973,-0.035370,-0.027582,0.031652,-219.497430,0.000000
77.640000,72.439591,27.126157,0.054905,675.791863,348.274137,1754.396844,39.393183,-8.281424,83383.020877,-0.035382,-0.027589,0.031646,-219.497238,0.000000
77.680000,72.439443,27.125645,0.054913,675.636173,347.846969,1753.411658,39.393179,-8.281426,83392.789280,-0.035395,-0.027597,0.031639,-219.497045,0.000000
77.720000,72.439296,27.125134,0.054921,675.480426,347.419756,1752.426522,39.393175,-8.281428,83402.557180,-0.035407,-0.027604,0.031633,-219.496852,0.000000
77.760000,72.439151,27.124624,0.054928,675.324623,346.992500,1751.441438,39.393171,-8.281429,83412.324579,-0.035419,-0.027611,0.031626,-219.496660,0.000000
77.800000,72.439007,27.124114,0.054936,675.168764,346.565199,1750.456404,39.393167,-8.281431,83422.091476,-0.035431,-0.027618,0.031620,-219.496467,0.000000
77.840000,72.438865,27.123605,0.054943,675.012847,346.137854,1749.471420,39.393163,-8.281433,83431.857871,-0.035443,-0.027625,0.031613,-219.496275,0.000000
77.880000,72.438724,27.123096,0.054951,674.856874,345.710465,1748.486487,39.393159,-8.281435,83441.623764,-0.035455,-0.027632,0.031607,-219.496082,0.000000
77.920000,72.438584,27.122588,0.054958,674.700844,345.283032,1747.501605,39.393156,-8.281437,83451.389157,-0.035467,-0.027639,0.031600,-219.495890,0.000000
77.960000,72.438446,27.122080,0.054965,674.544758,344.855554,1746.516773,39.393152,-8.281439,83461.154048,-0.035478,-0.027646,0.031594,-219.495697,0.000000
78.000000,72.438310,27.121574,0.054972,674.388614,344.428033,1745.531992,39.393148,-8.281440,83470.918437,-0.035489,-0.027653,0.031587,-219.495505,0.000000
78.040000,72.438174,27.121067,0.054979,674.232414,344.000467,1744.547261,39.393144,-8.281442,83480.682326,-0.035501,-0.027660,0.031581,-219.495312,0.000000
78.080000,72.438040,27.120561,0.054986,674.076157,343.572856,1743.562581,39.393140,-8.281444,83490.445714,-0.035512,-0.027666,0.031574,-219.495120,0.000000
78.120000,72.437907,27.120056,0.054992,673.919844,343.145202,1742.577952,39.393136,-8.281446,83500.208600,-0.035523,-0.027673,0.031568,-219.494927,0.000000
78.160000,72.437776,27.119552,0.054999,673.763473,342.717503,1741.593373,39.393133,-8.281448,83509.970986,-0.035534,-0.027679,0.031561,-219.494735,0.000000
78.200000,72.437646,27.119048,0.055005,673.607046,342.289760,1740.608844,39.393129,-8.281449,83519.732871,-0.035544,-0.027686,0.031555,-219.494543,0.000000
78.240000,72.437517,27.118544,0.055012,673.450561,341.861973,1739.624366,39.393125,-8.281451,83529.494256,-0.035555,-0.027692,0.031548,-219.494350,0.000000
78.280000,72.437389,27.118041,0.055018,673.294020,341.434141,1738.639938,39.393121,-8.281453,83539.255140,-0.035565,-0.027698,0.031542,-219.494158,0.000000
78.320000,72.437263,27.117539,0.055024,673.137422,341.006265,1737.655561,39.393117,-8.281455,83549.015524,-0.035576,-0.027704,0.031535,-219.493966,0.000000
78.360000,72.437138,27.117037,0.055030,672.980767,340.578345,1736.671234,39.393113,-8.281457,83558.775407,-0.035586,-0.027710,0.031529,-219.493774,0.000000
78.400000,72.437014,27.116536,0.055036,672.824055,340.150380,1735.686958,39.393109,-8.281459,83568.534790,-0.035596,-0.027716,0.031522,-219.493581,0.000000
78.440000,72.436892,27.116035,0.055042,672.667286,339.722371,1734.702732,39.393106,-8.281460,83578.293674,-0.035606,-0.027722,0.031516,-219.493389,0.000000
78.480000,72.436770,27.115535,0.055047,672.510460,339.294318,1733.718557,39.393102,-8.281462,83588.052057,-0.035616,-0.027728,0.031509,-219.493197,0.000000
78.520000,72.436650,27.115035,0.055053,672.353577,338.866220,1732.734432,39.393098,-8.281464,83597.809940,-0.035626,-0.027734,0.031503,-219.493005,0.000000
78.560000,72.436531,27.114536,0.055058,672.196638,338.438078,1731.750357,39.393094,-8.281466,83607.567324,-0.035636,-0.027740,0.031496,-219.492813,0.000000
78.600000,72.436414,27.114038,0.055063,672.039641,338.009891,1730.766333,39.393090,-8.281468,83617.324207,-0.035645,-0.027745,0.031490,-219.492621,0.000000
78.640000,72.436297,27.113540,0.055069,671.882587,337.581661,1729.782359,39.393086,-8.281470,83627.080592,-0.035655,-0.027751,0.031483,-219.492429,0.000000
78.680000,72.436182,27.113043,0.055074,671.725476,337.153385,1728.798436,39.393083,-8.281471,83636.836476,-0.035664,-0.027756,0.031477,-219.492237,0.000000
78.720000,72.436068,27.112546,0.055079,671.568308,336.725066,1727.814563,39.393079,-8.281473,83646.591862,-0.035673,-0.027762,0.031470,-219.492045,0.000000
78.760000,72.435955,27.112049,0.055084,671.411083,336.296702,1726.830740,39.393075,-8.281475,83656.346748,-0.035682,-0.027767,0.031464,-219.491853,0.000000
78.800000,72.435843,27.111554,0.055089,671.253800,335.868293,1725.846967,39.393071,-8.281477,83666.101135,-0.035691,-0.027772,0.031457,-219.491661,0.000000
78.840000,72.435732,27.111059,0.055093,671.096461,335.439840,1724.863245,39.393067,-8.281479,83675.855023,-0.035700,-0.027778,0.031451,-219.491469,0.000000
78.880000,72.435622,27.110564,0.055098,670.939065,335.011343,1723.879574,39.393063,-8.281481,83685.608412,-0.035709,-0.027783,0.031445,-219.491278,0.000000
78.920000,72.435513,27.110070,0.055102,670.781611,334.582801,1722.895952,39.393059,-8.281482,83695.361302,-0.035718,-0.027788,0.031438,-219.491086,0.000000
78.960000,72.435406,27.109576,0.055107,670.624100,334.154214,1721.912381,39.393056,-8.281484,83705.113694,-0.035726,-0.027793,0.031432,-219.490894,0.000000
79.000000,72.435300,27.109083,0.055111,670.466533,333.725584,1720.928860,39.393052,-8.281486,83714.865586,-0.035735,-0.027798,0.031425,-219.490703,0.000000
79.040000,72.435194,27.108591,0.055116,670.308908,333.296908,1719.945390,39.393048,-8.281488,83724.616981,-0.035743,-0.027803,0.031419,-219.490511,0.000000
79.080000,72.435090,27.108099,0.055120,670.151225,332.868189,1718.961970,39.393044,-8.281490,83734.367876,-0.035752,-0.027808,0.031412,-219.490320,0.000000
79.120000,72.434987,27.107607,0.055124,669.993486,332.439424,1717.978600,39.393040,-8.281492,83744.118274,-0.035760,-0.027813,0.031406,-219.490128,0.000000
79.160000,72.434884,27.107116,0.055128,669.835689,332.010616,1716.995280,39.393036,-8.281493,83753.868173,-0.035768,-0.027817,0.031399,-219.489937,0.000000
79.200000,72.434783,27.106626,0.055132,669.677835,331.581762,1716.012010,39.393032,-8.281495,83763.617574,-0.035776,-0.027822,0.031393,-219.489745,0.000000
79.240000,72.434683,27.106136,0.055135,669.519924,331.152865,1715.028791,39.393029,-8.281497,83773.366477,-0.035784,-0.027827,0.031386,-219.489554,0.000000
79.280000,72.434584,27.105647,0.055139,669.361956,330.723922,1714.045622,39.393025,-8.281499,83783.114882,-0.035792,-0.027831,0.031380,-219.489363,0.000000
79.320000,72.434486,27.105158,0.055143,669.203930,330.294936,1713.062503,39.393021,-8.281501,83792.862789,-0.035799,-0.027836,0.031374,-219.489171,0.000000
79.360000,72.434388,27.104669,0.055146,669.045847,329.865904,1712.079434,39.393017,-8.281503,83802.610199,-0.035807,-0.027840,0.031367,-219.488980,0.000000
79.400000,72.434292,27.104182,0.055150,668.887707,329.436828,1711.096416,39.393013,-8.281504,83812.357111,-0.035815,-0.027845,0.031361,-219.488789,0.000000
79.440000,72.434197,27.103694,0.055153,668.729510,329.007708,1710.113447,39.393009,-8.281506,83822.103525,-0.035822,-0.027849,0.031354,-219.488598,0.000000
79.480000,72.434103,27.103208,0.055156,668.571255,328.578543,1709.130529,39.393005,-8.281508,83831.849442,-0.035829,-0.027853,0.031348,-219.488407,0.000000
79.520000,72.434009,27.102721,0.055160,668.412943,328.149333,1708.147661,39.393002,-8.281510,83841.594862,-0.035837,-0.027857,0.031341,-219.488216,0.000000
79.560000,72.433917,27.102236,0.055163,668.254573,327.720079,1707.164844,39.392998,-8.281512,83851.339784,-0.035844,-0.027862,0.031335,-219.488025,0.000000
79.600000,72.433825,27.101750,0.055166,668.096146,327.290780,1706.182076,39.392994,-8.281514,83861.084210,-0.035851,-0.027866,0.031328,-219.487834,0.000000
79.640000,72.433735,27.101266,0.055169,667.937662,326.861437,1705.199358,39.392990,-8.281515,83870.828138,-0.035858,-0.027870,0.031322,-219.487643,0.000000
79.680000,72.433645,27.100781,0.055172,667.779120,326.432049,1704.216691,39.392986,-8.281517,83880.571570,-0.035865,-0.027874,0.031316,-219.487452,0.000000
79.720000,72.433557,27.100298,0.055174,667.620521,326.002617,1703.234073,39.392982,-8.281519,83890.314504,-0.035872,-0.027878,0.031309,-219.487262,0.000000
79.760000,72.433469,27.099814,0.055177,667.461865,325.573140,1702.251506,39.392978,-8.281521,83900.056942,-0.035878,-0.027882,0.031303,-219.487071,0.000000
79.800000,72.433382,27.099332,0.055180,667.303151,325.143618,1701.268989,39.392974,-8.281523,83909.798884,-0.035885,-0.027886,0.031296,-219.486880,0.000000
79.840000,72.433296,27.098850,0.055182,667.144380,324.714052,1700.286522,39.392971,-8.281525,83919.540328,-0.035892,-0.027889,0.031290,-219.486690,0.000000
79.880000,72.433211,27.098368,0.055185,666.985552,324.284441,1699.304105,39.392967,-8.281527,83929.281277,-0.035898,-0.027893,0.031283,-219.486499,0.000000
79.920000,72.433126,27.097887,0.055187,666.826665,323.854785,1698.321738,39.392963,-8.281528,83939.021729,-0.035905,-0.027897,0.031277,-219.486309,0.000000
79.960000,72.433043,27.097406,0.055190,666.667722,323.425085,1697.339421,39.392959,-8.281530,83948.761685,-0.035911,-0.027900,0.031271,-219.486118,0.000000
80.000000,72.432960,27.096926,0.055192,666.508721,322.995340,1696.357154,39.392955,-8.281532,83958.501145,-0.035917,-0.027904,0.031264,-219.485928,0.000000
80.040000,72.432878,27.096446,0.055194,666.349663,322.565550,1695.374937,39.392951,-8.281534,83968.240109,-0.035924,-0.027908,0.031258,-219.485738,0.000000
80.080000,72.432797,27.095967,0.055196,666.190547,322.135716,1694.392770,39.392947,-8.281536,83977.978577,-0.035930,-0.027911,0.031251,-219.485547,0.000000
80.120000,72.432717,27.095488,0.055198,666.031373,321.705837,1693.410653,39.392944,-8.281538,83987.716549,-0.035936,-0.027915,0.031245,-219.485357,0.000000
80.160000,72.432638,27.095010,0.055200,665.872142,321.275914,1692.428586,39.392940,-8.281539,83997.454025,-0.035942,-0.027918,0.031239,-219.485167,0.000000
80.200000,72.432560,27.094532,0.055202,665.712854,320.845946,1691.446570,39.392936,-8.281541,84007.191006,-0.035948,-0.027921,0.031232,-219.484977,0.000000
80.240000,72.432482,27.094055,0.055204,665.553508,320.415933,1690.464603,39.392932,-8.281543,84016.927492,-0.035953,-0.027925,0.031226,-219.484787,0.000000
80.280000,72.432405,27.093578,0.055206,665.394105,319.985875,1689.482686,39.392928,-8.281545,84026.663482,-0.035959,-0.027928,0.031219,-219.484597,0.000000
80.320000,72.432329,27.093102,0.055207,665.234644,319.555773,1688.500819,39.392924,-8.281547,84036.398977,-0.035965,-0.027931,0.031213,-219.484407,0.000000
80.360000,72.432253,27.092626,0.055209,665.075125,319.125626,1687.519001,39.392920,-8.281549,84046.133976,-0.035970,-0.027934,0.031207,-219.484217,0.000000
80.400000,72.432179,27.092151,0.055211,664.915549,318.695435,1686.537234,39.392916,-8.281551,84055.868481,-0.035976,-0.027938,0.031200,-219.484028,0.000000
80.440000,72.432105,27.091676,0.055212,664.755916,318.265199,1685.555517,39.392913,-8.281552,84065.602490,-0.035981,-0.027941,0.031194,-219.483838,0.000000
80.480000,72.432032,27.091202,0.055214,664.596224,317.834918,1684.573850,39.392909,-8.281554,84075.336005,-0.035987,-0.027944,0.031187,-219.483648,0.000000
80.520000,72.431960,27.090728,0.055215,664.436476,317.404592,1683.592232,39.392905,-8.281556,84085.069025,-0.035992,-0.027947,0.031181,-219.483459,0.000000
80.560000,72.431888,27.090255,0.055216,664.276669,316.974221,1682.610665,39.392901,-8.281558,84094.801550,-0.035997,-0.027950,0.031175,-219.483269,0.000000
80.600000,72.431817,27.089782,0.055218,664.116805,316.543806,1681.629147,39.392897,-8.281560,84104.533581,-0.036002,-0.027953,0.031168,-219.483080,0.000000
80.640000,72.431747,27.089310,0.055219,663.956884,316.113347,1680.647679,39.392893,-8.281562,84114.265117,-0.036008,-0.027955,0.031162,-219.482890,0.000000
80.680000,72.431678,27.088838,0.055220,663.796905,315.682842,1679.666261,39.392889,-8.281564,84123.996159,-0.036013,-0.027958,0.031155,-219.482701,0.000000
80.720000,72.431609,27.088366,0.055221,663.636868,315.252293,1678.684893,39.392886,-8.281566,84133.726707,-0.036018,-0.027961,0.031149,-219.482511,0.000000
80.760000,72.431541,27.087895,0.055222,663.476773,314.821699,1677.703575,39.392882,-8.281567,84143.456760,-0.036022,-0.027964,0.031143,-219.482322,0.000000
80.800000,72.431474,27.087425,0.055223,663.316621,314.391060,1676.722307,39.392878,-8.281569,84153.186319,-0.036027,-0.027967,0.031136,-219.482133,0.000000
80.840000,72.431407,27.086955,0.055224,663.156412,313.960376,1675.741088,39.392874,-8.281571,84162.915385,-0.036032,-0.027969,0.031130,-219.481944,0.000000
80.880000,72.431341,27.086485,0.055225,662.996144,313.529648,1674.759919,39.392870,-8.281573,84172.643956,-0.036037,-0.027972,0.031124,-219.481755,0.000000
80.920000,72.431276,27.086016,0.055225,662.835819,313.098875,1673.778800,39.392866,-8.281575,84182.372034,-0.036041,-0.027974,0.031117,-219.481566,0.000000
80.960000,72.431212,27.085548,0.055226,662.675437,312.668057,1672.797731,39.392862,-8.281577,84192.099618,-0.036046,-0.027977,0.031111,-219.481377,0.000000
81.000000,72.431148,27.085080,0.055227,662.514996,312.237195,1671.816712,39.392858,-8.281579,84201.826709,-0.036050,-0.027980,0.031104,-219.481188,0.000000
81.040000,72.431084,27.084612,0.055227,662.354498,311.806287,1670.835742,39.392855,-8.281580,84211.553306,-0.036055,-0.027982,0.031098,-219.480999,0.000000
81.080000,72.431022,27.084145,0.055228,662.193943,311.375335,1669.854822,39.392851,-8.281582,84221.279410,-0.036059,-0.027984,0.031092,-219.480811,0.000000
81.120000,72.430960,27.083678,0.055228,662.033329,310.944338,1668.873952,39.392847,-8.281584,84231.005020,-0.036064,-0.027987,0.031085,-219.480622,0.000000
81.160000,72.430899,27.083212,0.055229,661.872658,310.513297,1667.893132,39.392843,-8.281586,84240.730138,-0.036068,-0.027989,0.031079,-219.480433,0.000000
81.200000,72.430838,27.082746,0.055229,661.711929,310.082210,1666.912361,39.392839,-8.281588,84250.454762,-0.036072,-0.027992,0.031073,-219.480245,0.000000
81.240000,72.430778,27.082281,0.055229,661.551143,309.651079,1665.931640,39.392835,-8.281590,84260.178893,-0.036076,-0.027994,0.031066,-219.480056,0.000000
81.280000,72.430719,27.081816,0.055230,661.390298,309.219903,1664.950969,39.392831,-8.281592,84269.902532,-0.036080,-0.027996,0.031060,-219.479868,0.000000
81.320000,72.430660,27.081352,0.055230,661.229396,308.788682,1663.970347,39.392827,-8.281594,84279.625677,-0.036084,-0.027998,0.031054,-219.479679,0.000000
81.360000,72.430602,27.080888,0.055230,661.068437,308.357417,1662.989775,39.392823,-8.281595,84289.348331,-0.036088,-0.028000,0.031047,-219.479491,0.000000
81.400000,72.430544,27.080424,0.055230,660.907419,307.926106,1662.009253,39.392820,-8.281597,84299.070491,-0.036092,-0.028003,0.031041,-219.479303,0.000000
81.440000,72.430487,27.079961,0.055230,660.746344,307.494751,1661.028781,39.392816,-8.281599,84308.792159,-0.036096,-0.028005,0.031035,-219.479115,0.000000
81.480000,72.430431,27.079499,0.055230,660.585211,307.063351,1660.048358,39.392812,-8.281601,84318.513335,-0.036100,-0.028007,0.031028,-219.478927,0.000000
81.520000,72.430375,27.079037,0.055230,660.424020,306.631906,1659.067984,39.392808,-8.281603,84328.234018,-0.036104,-0.028009,0.031022,-219.478739,0.000000
81.560000,72.430320,27.078575,0.055230,660.262772,306.200416,1658.087661,39.392804,-8.281605,84337.954210,-0.036108,-0.028011,0.031016,-219.478551,0.000000
81.600000,72.430265,27.078114,0.055230,660.101466,305.768882,1657.107387,39.392800,-8.281607,84347.673909,-0.036111,-0.028013,0.031009,-219.478363,0.000000
81.640000,72.430211,27.077653,0.055230,659.940102,305.337303,1656.127163,39.392796,-8.281609,84357.393117,-0.036115,-0.028015,0.031003,-219.478175,0.000000
81.680000,72.430157,27.077193,0.055229,659.778680,304.905679,1655.146988,39.392792,-8.281610,84367.111832,-0.036118,-0.028017,0.030997,-219.477987,0.000000
81.720000,72.430104,27.076733,0.055229,659.617200,304.474010,1654.166863,39.392789,-8.281612,84376.830056,-0.036122,-0.028019,0.030990,-219.477799,0.000000
81.760000,72.430052,27.076274,0.055229,659.455663,304.042296,1653.186787,39.392785,-8.281614,84386.547788,-0.036125,-0.028020,0.030984,-219.477612,0.000000
81.800000,72.430000,27.075815,0.055228,659.294068,303.610537,1652.206761,39.392781,-8.281616,84396.265028,-0.036129,-0.028022,0.030978,-219.477424,0.000000
81.840000,72.429949,27.075356,0.055228,659.132415,303.178734,1651.226785,39.392777,-8.281618,84405.981778,-0.036132,-0.028024,0.030971,-219.477237,0.000000
81.880000,72.429898,27.074898,0.055227,658.970704,302.746886,1650.246858,39.392773,-8.281620,84415.698035,-0.036135,-0.028026,0.030965,-219.477049,0.000000
81.920000,72.429848,27.074441,0.055227,658.808935,302.314992,1649.266980,39.392769,-8.281622,84425.413802,-0.036139,-0.028028,0.030959,-219.476862,0.000000
81.960000,72.429798,27.073983,0.055226,658.647109,301.883055,1648.287153,39.392765,-8.281624,84435.129077,-0.036142,-0.028029,0.030953,-219.476674,0.000000
82.000000,72.429749,27.073527,0.055226,658.485224,301.451072,1647.307374,39.392761,-8.281626,84444.843862,-0.036145,-0.028031,0.030946,-219.476487,0.000000
82.040000,72.429700,27.073071,0.055225,658.323282,301.019044,1646.327646,39.392757,-8.281627,84454.558155,-0.036148,-0.028033,0.030940,-219.476300,0.000000
82.080000,72.429652,27.072615,0.055224,658.161282,300.586972,1645.347966,39.392754,-8.281629,84464.271958,-0.036151,-0.028034,0.030934,-219.476113,0.000000
82.120000,72.429605,27.072159,0.055223,657.999224,300.154854,1644.368336,39.392750,-8.281631,84473.985269,-0.036154,-0.028036,0.030927,-219.475926,0.000000
82.160000,72.429557,27.071705,0.055223,657.837109,299.722692,1643.388756,39.392746,-8.281633,84483.698091,-0.036157,-0.028037,0.030921,-219.475739,0.000000
82.200000,72.429511,27.071250,0.055222,657.674935,299.290485,1642.409225,39.392742,-8.281635,84493.410421,-0.036160,-0.028039,0.030915,-219.475552,0.000000
82.240000,72.429465,27.070796,0.055221,657.512704,298.858233,1641.429744,39.392738,-8.281637,84503.122261,-0.036163,-0.028040,0.030908,-219.475365,0.000000
82.280000,72.429419,27.070343,0.055220,657.350415,298.425936,1640.450312,39.392734,-8.281639,84512.833611,-0.036166,-0.028042,0.030902,-219.475178,0.000000
82.320000,72.429374,27.069889,0.055219,657.188068,297.993595,1639.470930,39.392730,-8.281641,84522.544471,-0.036168,-0.028043,0.030896,-219.474991,0.000000
82.360000,72.429329,27.069437,0.055218,657.025663,297.561208,1638.491597,39.392726,-8.281642,84532.254840,-0.036171,-0.028045,0.030890,-219.474805,0.000000
82.400000,72.429285,27.068984,0.055217,656.863200,297.128777,1637.512313,39.392722,-8.281644,84541.964720,-0.036174,-0.028046,0.030883,-219.474618,0.000000
82.440000,72.429241,27.068533,0.055216,656.700679,296.696300,1636.533079,39.392719,-8.281646,84551.674109,-0.036176,-0.028047,0.030877,-219.474432,0.000000
82.480000,72.429198,27.068081,0.055215,656.538101,296.263779,1635.553894,39.392715,-8.281648,84561.383009,-0.036179,-0.028049,0.030871,-219.474245,0.000000
82.520000,72.429155,27.067630,0.055213,656.375464,295.831213,1634.574759,39.392711,-8.281650,84571.091419,-0.036182,-0.028050,0.030864,-219.474059,0.000000
82.560000,72.429113,27.067180,0.055212,656.212770,295.398602,1633.595673,39.392707,-8.281652,84580.799339,-0.036184,-0.028051,0.030858,-219.473872,0.000000
82.600000,72.429071,27.066730,0.055211,656.050017,294.965946,1632.616636,39.392703,-8.281654,84590.506769,-0.036187,-0.028052,0.030852,-219.473686,0.000000
82.640000,72.429029,27.066280,0.055210,655.887207,294.533246,1631.637649,39.392699,-8.281656,84600.213711,-0.036189,-0.028054,0.030846,-219.473500,0.000000
82.680000,72.428988,27.065831,0.055208,655.724339,294.100500,1630.658711,39.392695,-8.281658,84609.920162,-0.036191,-0.028055,0.030839,-219.473314,0.000000
82.720000,72.428948,27.065382,0.055207,655.561413,293.667710,1629.679822,39.392691,-8.281660,84619.626125,-0.036194,-0.028056,0.030833,-219.473127,0.000000
82.760000,72.428907,27.064934,0.055206,655.398429,293.234874,1628.700983,39.392687,-8.281661,84629.331599,-0.036196,-0.028057,0.030827,-219.472941,0.000000
82.800000,72.428868,27.064486,0.055204,655.235388,292.801994,1627.722193,39.392684,-8.281663,84639.036583,-0.036198,-0.028058,0.030821,-219.472755,0.000000
82.840000,72.428828,27.064038,0.055203,655.072288,292.369069,1626.743453,39.392680,-8.281665,84648.741078,-0.036201,-0.028059,0.030814,-219.472570,0.000000
82.880000,72.428790,27.063591,0.055201,654.909130,291.936099,1625.764761,39.392676,-8.281667,84658.445085,-0.036203,-0.028060,0.030808,-219.472384,0.000000
82.920000,72.428751,27.063145,0.055200,654.745915,291.503084,1624.786119,39.392672,-8.281669,84668.148603,-0.036205,-0.028062,0.030802,-219.472198,0.000000
82.960000,72.428713,27.062698,0.055198,654.582641,291.070024,1623.807527,39.392668,-8.281671,84677.851632,-0.036207,-0.028063,0.030796,-219.472012,0.000000
83.000000,72.428675,27.062253,0.055196,654.419310,290.636920,1622.828983,39.392664,-8.281673,84687.554173,-0.036209,-0.028064,0.030789,-219.471827,0.000000
83.040000,72.428638,27.061807,0.055195,654.255920,290.203770,1621.850489,39.392660,-8.281675,84697.256225,-0.036211,-0.028065,0.030783,-219.471641,0.000000
83.080000,72.428601,27.061362,0.055193,654.092473,289.770575,1620.872044,39.392656,-8.281677,84706.957789,-0.036213,-0.028065,0.030777,-219.471456,0.000000
83.120000,72.428565,27.060918,0.055191,653.928968,289.337336,1619.893648,39.392652,-8.281679,84716.658864,-0.036215,-0.028066,0.030771,-219.471270,0.000000
83.160000,72.428529,27.060474,0.055190,653.765405,288.904052,1618.915302,39.392649,-8.281680,84726.359451,-0.036217,-0.028067,0.030764,-219.471085,0.000000
83.200000,72.428493,27.060030,0.055188,653.601784,288.470722,1617.937005,39.392645,-8.281682,84736.059551,-0.036219,-0.028068,0.030758,-219.470900,0.000000
83.240000,72.428458,27.059587,0.055186,653.438105,288.037348,1616.958757,39.392641,-8.281684,84745.759162,-0.036221,-0.028069,0.030752,-219.470714,0.000000
83.280000,72.428423,27.059144,0.055184,653.274368,287.603929,1615.980558,39.392637,-8.281686,84755.458286,-0.036223,-0.028070,0.030746,-219.470529,0.000000
83.320000,72.428389,27.058702,0.055182,653.110573,287.170465,1615.002408,39.392633,-8.281688,84765.156921,-0.036224,-0.028071,0.030740,-219.470344,0.000000
83.360000,72.428355,27.058260,0.055180,652.946720,286.736956,1614.024308,39.392629,-8.281690,84774.855069,-0.036226,-0.028072,0.030733,-219.470159,0.000000
83.400000,72.428321,27.057818,0.055178,652.782809,286.303402,1613.046256,39.392625,-8.281692,84784.552730,-0.036228,-0.028072,0.030727,-219.469974,0.000000
83.440000,72.428287,27.057377,0.055176,652.618840,285.869804,1612.068254,39.392621,-8.281694,84794.249903,-0.036229,-0.028073,0.030721,-219.469789,0.000000
83.480000,72.428254,27.056937,0.055174,652.454813,285.436160,1611.090301,39.392617,-8.281696,84803.946589,-0.036231,-0.028074,0.030715,-219.469604,0.000000
83.520000,72.428222,27.056496,0.055172,652.290728,285.002472,1610.112398,39.392613,-8.281698,84813.642787,-0.036233,-0.028074,0.030708,-219.469419,0.000000
83.560000,72.428189,27.056056,0.055170,652.126586,284.568738,1609.134543,39.392610,-8.281700,84823.338498,-0.036234,-0.028075,0.030702,-219.469235,0.000000
83.600000,72.428158,27.055617,0.055168,651.962385,284.134960,1608.156737,39.392606,-8.281701,84833.033722,-0.036236,-0.028076,0.030696,-219.469050,0.000000
83.640000,72.428126,27.055178,0.055166,651.798126,283.701136,1607.178981,39.392602,-8.281703,84842.728460,-0.036237,-0.028076,0.030690,-219.468865,0.000000
83.680000,72.428095,27.054739,0.055164,651.633809,283.267268,1606.201274,39.392598,-8.281705,84852.422710,-0.036239,-0.028077,0.030684,-219.468681,0.000000
83.720000,72.428064,27.054301,0.055162,651.469435,282.833355,1605.223615,39.392594,-8.281707,84862.116473,-0.036240,-0.028078,0.030677,-219.468497,0.000000
83.760000,72.428033,27.053863,0.055160,651.305002,282.399397,1604.246006,39.392590,-8.281709,84871.809750,-0.036242,-0.028078,0.030671,-219.468312,0.000000
83.800000,72.428003,27.053426,0.055157,651.140511,281.965394,1603.268446,39.392586,-8.281711,84881.502540,-0.036243,-0.028079,0.030665,-219.468128,0.000000
83.840000,72.427973,27.052989,0.055155,650.975963,281.531346,1602.290935,39.392582,-8.281713,84891.194844,-0.036244,-0.028079,0.030659,-219.467944,0.000000
83.880000,72.427944,27.052553,0.055153,650.811356,281.097253,1601.313473,39.392578,-8.281715,84900.886662,-0.036246,-0.028080,0.030653,-219.467759,0.000000
83.920000,72.427914,27.052116,0.055150,650.646691,280.663115,1600.336060,39.392574,-8.281717,84910.577993,-0.036247,-0.028080,0.030646,-219.467575,0.000000
83.960000,72.427886,27.051681,0.055148,650.481969,280.228933,1599.358696,39.392570,-8.281719,84920.268838,-0.036248,-0.028081,0.030640,-219.467391,0.000000
84.000000,72.427857,27.051245,0.055146,650.317188,279.794705,1598.381381,39.392567,-8.281721,84929.959196,-0.036249,-0.028081,0.030634,-219.467207,0.000000
84.040000,72.427829,27.050810,0.055143,650.152350,279.360432,1597.404116,39.392563,-8.281723,84939.649069,-0.036251,-0.028082,0.030628,-219.467023,0.000000
84.080000,72.427801,27.050376,0.055141,649.987453,278.926115,1596.426899,39.392559,-8.281724,84949.338456,-0.036252,-0.028082,0.030622,-219.466839,0.000000
84.120000,72.427773,27.049942,0.055138,649.822498,278.491752,1595.449731,39.392555,-8.281726,84959.027357,-0.036253,-0.028083,0.030615,-219.466656,0.000000
84.160000,72.427746,27.049508,0.055136,649.657486,278.057345,1594.472612,39.392551,-8.281728,84968.715773,-0.036254,-0.028083,0.030609,-219.466472,0.000000
84.200000,72.427719,27.049075,0.055133,649.492415,277.622893,1593.495542,39.392547,-8.281730,84978.403703,-0.036255,-0.028084,0.030603,-219.466288,0.000000
84.240000,72.427692,27.048642,0.055131,649.327286,277.188396,1592.518521,39.392543,-8.281732,84988.091137,-0.036256,-0.028084,0.030597,-219.466105,0.000000
84.280000,72.427654,27.048210,0.055127,649.162100,276.753853,1591.541549,39.392539,-8.281734,84997.774034,-0.036252,-0.028091,0.030591,-219.465913,0.000000
84.320000,72.428681,27.047775,0.055192,648.996854,276.319265,1590.564627,39.392535,-8.281736,85007.839678,-0.036780,-0.027511,0.030603,-219.466431,0.000000
84.360000,72.429995,27.047332,0.055292,648.831550,275.884634,1589.587753,39.392531,-8.281738,85018.012404,-0.037453,-0.026773,0.030621,-219.467138,0.000000
84.400000,72.431298,27.046882,0.055408,648.666187,275.449961,1588.610928,39.392527,-8.281740,85028.184621,-0.038119,-0.026043,0.030639,-219.467833,0.000000
84.440000,72.432588,27.046423,0.055539,648.500762,275.015245,1587.634152,39.392524,-8.281742,85038.356328,-0.038779,-0.025319,0.030656,-219.468517,0.000000
84.480000,72.433867,27.045956,0.055686,648.335275,274.580489,1586.657425,39.392520,-8.281744,85048.527523,-0.039432,-0.024603,0.030673,-219.469189,0.000000
84.520000,72.435134,27.045481,0.055848,648.169726,274.145694,1585.680747,39.392516,-8.281746,85058.698207,-0.040079,-0.023893,0.030689,-219.469851,0.000000
84.560000,72.436389,27.044998,0.056024,648.004112,273.710860,1584.704118,39.392512,-8.281748,85068.868381,-0.040719,-0.023190,0.030706,-219.470500,0.000000
84.600000,72.437632,27.044508,0.056213,647.838433,273.275989,1583.727539,39.392508,-8.281749,85079.038042,-0.041354,-0.022494,0.030722,-219.471139,0.000000
84.640000,72.438864,27.044010,0.056416,647.672688,272.841083,1582.751008,39.392504,-8.281751,85089.207192,-0.041982,-0.021805,0.030737,-219.471767,0.000000
84.680000,72.440085,27.043504,0.056630,647.506876,272.406141,1581.774527,39.392500,-8.281753,85099.375829,-0.042604,-0.021122,0.030753,-219.472383,0.000000
84.720000,72.441294,27.042991,0.056857,647.340995,271.971166,1580.798095,39.392496,-8.281755,85109.543954,-0.043220,-0.020446,0.030768,-219.472989,0.000000
84.760000,72.442493,27.042471,0.057094,647.175046,271.536157,1579.821712,39.392492,-8.281757,85119.711567,-0.043830,-0.019777,0.030783,-219.473583,0.000000
84.800000,72.443680,27.041943,0.057343,647.009026,271.101118,1578.845378,39.392488,-8.281759,85129.878666,-0.044434,-0.019114,0.030797,-219.474167,0.000000
84.840000,72.444856,27.041408,0.057602,646.842935,270.666047,1577.869094,39.392484,-8.281761,85140.045253,-0.045032,-0.018458,0.030811,-219.474740,0.000000
84.880000,72.446021,27.040865,0.057870,646.676772,270.230948,1576.892859,39.392481,-8.281763,85150.211326,-0.045625,-0.017807,0.030825,-219.475302,0.000000
84.920000,72.447176,27.040316,0.058147,646.510536,269.795819,1575.916673,39.392477,-8.281765,85160.376885,-0.046211,-0.017164,0.030839,-219.475853,0.000000
84.960000,72.448319,27.039759,0.058434,646.344226,269.360663,1574.940537,39.392473,-8.281767,85170.541931,-0.046792,-0.016526,0.030852,-219.476394,0.000000
85.000000,72.449453,27.039196,0.058728,646.177842,268.925481,1573.964450,39.392469,-8.281769,85180.706462,-0.047367,-0.015895,0.030865,-219.476924,0.000000
85.040000,72.450575,27.038626,0.059030,646.011381,268.490273,1572.988412,39.392465,-8.281771,85190.870479,-0.047937,-0.015269,0.030878,-219.477444,0.000000
85.080000,72.451688,27.038049,0.059340,645.844844,268.055041,1572.012424,39.392461,-8.281773,85201.033982,-0.048501,-0.014650,0.030891,-219.477954,0.000000
85.120000,72.452790,27.037465,0.059656,645.678229,267.619786,1571.036485,39.392457,-8.281775,85211.196970,-0.049060,-0.014037,0.030903,-219.478453,0.000000
85.160000,72.453881,27.036875,0.059979,645.511536,267.184508,1570.060595,39.392453,-8.281777,85221.359444,-0.049613,-0.013429,0.030915,-219.478943,0.000000
85.200000,72.454963,27.036278,0.060308,645.344764,266.749208,1569.084755,39.392449,-8.281778,85231.521402,-0.050161,-0.012828,0.030927,-219.479422,0.000000
85.240000,72.456035,27.035674,0.060643,645.177911,266.313888,1568.108965,39.392445,-8.281780,85241.682845,-0.050703,-0.012232,0.030938,-219.479891,0.000000
85.280000,72.457096,27.035064,0.060983,645.010977,265.878548,1567.133224,39.392441,-8.281782,85251.843772,-0.051240,-0.011642,0.030949,-219.480350,0.000000
85.320000,72.458148,27.034448,0.061328,644.843961,265.443190,1566.157533,39.392437,-8.281784,85262.004184,-0.051772,-0.011058,0.030960,-219.480800,0.000000
85.360000,72.459190,27.033826,0.061678,644.676862,265.007814,1565.181891,39.392434,-8.281786,85272.164080,-0.052299,-0.010480,0.030971,-219.481239,0.000000
85.400000,72.460222,27.033197,0.062032,644.509679,264.572421,1564.206298,39.392430,-8.281788,85282.323459,-0.052821,-0.009907,0.030981,-219.481669,0.000000
85.440000,72.461245,27.032562,0.062390,644.342412,264.137013,1563.230756,39.392426,-8.281790,85292.482323,-0.053337,-0.009340,0.030991,-219.482090,0.000000
85.480000,72.462258,27.031922,0.062752,644.175060,263.701589,1562.255262,39.392422,-8.281792,85302.640670,-0.053849,-0.008778,0.031001,-219.482501,0.000000
85.520000,72.463262,27.031275,0.063117,644.007621,263.266152,1561.279819,39.392418,-8.281794,85312.798501,-0.054355,-0.008221,0.031010,-219.482902,0.000000
85.560000,72.464256,27.030622,0.063485,643.840096,262.830701,1560.304425,39.392414,-8.281796,85322.955815,-0.054857,-0.007670,0.031020,-219.483295,0.000000
85.600000,72.465242,27.029963,0.063856,643.672483,262.395238,1559.329080,39.392410,-8.281798,85333.112612,-0.055353,-0.007125,0.031029,-219.483678,0.000000
85.640000,72.466218,27.029299,0.064229,643.504781,261.959764,1558.353786,39.392406,-8.281800,85343.268893,-0.055845,-0.006584,0.031038,-219.484052,0.000000
85.680000,72.467185,27.028629,0.064605,643.336990,261.524279,1557.378541,39.392402,-8.281802,85353.424656,-0.056332,-0.006049,0.031046,-219.484417,0.000000
85.720000,72.468142,27.027953,0.064982,643.169108,261.088784,1556.403345,39.392398,-8.281804,85363.579902,-0.056814,-0.005519,0.031054,-219.484773,0.000000
85.760000,72.469091,27.027272,0.065362,643.001136,260.653281,1555.428200,39.392394,-8.281806,85373.734630,-0.057292,-0.004994,0.031063,-219.485120,0.000000
85.800000,72.470032,27.026585,0.065743,642.833072,260.217769,1554.453104,39.392390,-8.281808,85383.888841,-0.057765,-0.004475,0.031070,-219.485459,0.000000
85.840000,72.470963,27.025893,0.066126,642.664916,259.782251,1553.478057,39.392387,-8.281810,85394.042534,-0.058233,-0.003960,0.031078,-219.485789,0.000000
85.880000,72.471886,27.025195,0.066510,642.496666,259.346726,1552.503061,39.392383,-8.281812,85404.195709,-0.058697,-0.003450,0.031085,-219.486110,0.000000
85.920000,72.472800,27.024492,0.066894,642.328323,258.911196,1551.528114,39.392379,-8.281814,85414.348367,-0.059156,-0.002946,0.031093,-219.486423,0.000000
85.960000,72.473705,27.023784,0.067280,642.159885,258.475660,1550.553217,39.392375,-8.281816,85424.500506,-0.059611,-0.002446,0.031100,-219.486728,0.000000
86.000000,72.474603,27.023071,0.067666,641.991352,258.040121,1549.578370,39.392371,-8.281818,85434.652127,-0.060061,-0.001951,0.031106,-219.487024,0.000000
86.040000,72.475491,27.022352,0.068053,641.822722,257.604579,1548.603572,39.392367,-8.281819,85444.803230,-0.060507,-0.001461,0.031113,-219.487313,0.000000
86.080000,72.476372,27.021628,0.068440,641.653996,257.169035,1547.628824,39.392363,-8.281821,85454.953815,-0.060948,-0.000975,0.031119,-219.487593,0.000000
86.120000,72.477244,27.020900,0.068827,641.485172,256.733488,1546.654127,39.392359,-8.281823,85465.103881,-0.061385,-0.000494,0.031125,-219.487865,0.000000
86.160000,72.478108,27.020166,0.069214,641.316250,256.297942,1545.679478,39.392355,-8.281825,85475.253428,-0.061818,-0.000018,0.031131,-219.488129,0.000000
86.200000,72.478964,27.019428,0.069601,641.147229,255.862395,1544.704880,39.392351,-8.281827,85485.402457,-0.062247,0.000453,0.031137,-219.488386,0.000000
86.240000,72.479812,27.018684,0.069988,640.978108,255.426849,1543.730332,39.392347,-8.281829,85495.550967,-0.062671,0.000920,0.031142,-219.488634,0.000000
86.280000,72.480652,27.017936,0.070375,640.808887,254.991304,1542.755833,39.392343,-8.281831,85505.698958,-0.063092,0.001382,0.031147,-219.488875,0.000000
86.320000,72.481484,27.017184,0.070761,640.639566,254.555761,1541.781384,39.392340,-8.281833,85515.846430,-0.063508,0.001840,0.031152,-219.489109,0.000000
86.360000,72.482309,27.016426,0.071146,640.470142,254.120222,1540.806985,39.392336,-8.281835,85525.993383,-0.063920,0.002294,0.031157,-219.489335,0.000000
86.400000,72.483126,27.015664,0.071531,640.300617,253.684686,1539.832636,39.392332,-8.281837,85536.139817,-0.064328,0.002743,0.031162,-219.489554,0.000000
86.440000,72.483935,27.014898,0.071915,640.130988,253.249154,1538.858336,39.392328,-8.281839,85546.285732,-0.064732,0.003187,0.031166,-219.489766,0.000000
86.480000,72.484736,27.014127,0.072298,639.961256,252.813628,1537.884087,39.392324,-8.281841,85556.431127,-0.065132,0.003628,0.031170,-219.489970,0.000000
86.520000,72.485530,27.013351,0.072680,639.791420,252.378107,1536.909887,39.392320,-8.281843,85566.576003,-0.065529,0.004064,0.031175,-219.490168,0.000000
86.560000,72.486317,27.012571,0.073061,639.621478,251.942593,1535.935738,39.392316,-8.281845,85576.720360,-0.065921,0.004495,0.031178,-219.490358,0.000000
86.600000,72.487096,27.011787,0.073441,639.451432,251.507086,1534.961638,39.392312,-8.281847,85586.864197,-0.066310,0.004923,0.031182,-219.490541,0.000000
86.640000,72.487868,27.010999,0.073819,639.281279,251.071587,1533.987588,39.392308,-8.281849,85597.007515,-0.066694,0.005347,0.031186,-219.490718,0.000000
86.680000,72.488633,27.010206,0.074196,639.111019,250.636097,1533.013588,39.392304,-8.281851,85607.150313,-0.067075,0.005766,0.031189,-219.490888,0.000000
86.720000,72.489390,27.009410,0.074572,638.940653,250.200616,1532.039638,39.392300,-8.281853,85617.292591,-0.067452,0.006181,0.031192,-219.491052,0.000000
86.760000,72.490141,27.008609,0.074946,638.770178,249.765144,1531.065738,39.392296,-8.281855,85627.434350,-0.067826,0.006592,0.031195,-219.491208,0.000000
86.800000,72.490884,27.007804,0.075319,638.599595,249.329683,1530.091887,39.392293,-8.281857,85637.575589,-0.068196,0.007000,0.031198,-219.491359,0.000000
86.840000,72.491621,27.006995,0.075690,638.428902,248.894234,1529.118087,39.392289,-8.281859,85647.716308,-0.068562,0.007403,0.031200,-219.491503,0.000000
86.880000,72.492350,27.006182,0.076060,638.258100,248.458796,1528.144337,39.392285,-8.281861,85657.856507,-0.068925,0.007802,0.031203,-219.491641,0.000000
86.920000,72.493073,27.005365,0.076428,638.087188,248.023371,1527.170636,39.392281,-8.281863,85667.996186,-0.069284,0.008198,0.031205,-219.491772,0.000000
86.960000,72.493789,27.004545,0.076794,637.916165,247.587959,1526.196985,39.392277,-8.281865,85678.135346,-0.069639,0.008590,0.031207,-219.491898,0.000000
87.000000,72.494498,27.003721,0.077158,637.745030,247.152560,1525.223385,39.392273,-8.281867,85688.273985,-0.069991,0.008978,0.031209,-219.492017,0.000000
87.040000,72.495201,27.002892,0.077521,637.573783,246.717176,1524.249834,39.392269,-8.281869,85698.412105,-0.070340,0.009362,0.031211,-219.492131,0.000000
87.080000,72.495897,27.002061,0.077882,637.402424,246.281807,1523.276333,39.392265,-8.281871,85708.549704,-0.070685,0.009742,0.031212,-219.492238,0.000000
87.120000,72.496586,27.001225,0.078240,637.230952,245.846454,1522.302882,39.392261,-8.281873,85718.686784,-0.071027,0.010119,0.031214,-219.492340,0.000000
87.160000,72.497269,27.000386,0.078597,637.059366,245.411116,1521.329481,39.392257,-8.281875,85728.823343,-0.071366,0.010492,0.031215,-219.492436,0.000000
87.200000,72.497946,26.999544,0.078952,636.887666,244.975796,1520.356131,39.392253,-8.281877,85738.959382,-0.071701,0.010861,0.031216,-219.492527,0.000000
87.240000,72.498616,26.998698,0.079305,636.715851,244.540493,1519.382829,39.392249,-8.281879,85749.094901,-0.072033,0.011227,0.031217,-219.492612,0.000000
87.280000,72.499280,26.997848,0.079656,636.543921,244.105207,1518.409578,39.392246,-8.281881,85759.229900,-0.072361,0.011589,0.031218,-219.492691,0.000000
87.320000,72.499938,26.996995,0.080005,636.371875,243.669941,1517.436377,39.392242,-8.281883,85769.364379,-0.072687,0.011948,0.031219,-219.492765,0.000000
87.360000,72.500589,26.996139,0.080351,636.199713,243.234693,1516.463226,39.392238,-8.281885,85779.498338,-0.073009,0.012303,0.031220,-219.492834,0.000000
87.400000,72.501235,26.995279,0.080696,636.027434,242.799465,1515.490125,39.392234,-8.281887,85789.631776,-0.073328,0.012655,0.031220,-219.492898,0.000000
87.440000,72.501874,26.994416,0.081038,635.855038,242.364258,1514.517074,39.392230,-8.281889,85799.764694,-0.073644,0.013003,0.031220,-219.492956,0.000000
87.480000,72.502507,26.993550,0.081379,635.682524,241.929071,1513.544072,39.392226,-8.281891,85809.897092,-0.073957,0.013348,0.031221,-219.493010,0.000000
87.520000,72.503135,26.992681,0.081717,635.509892,241.493906,1512.571121,39.392222,-8.281893,85820.028970,-0.074266,0.013690,0.031221,-219.493058,0.000000
87.560000,72.503756,26.991808,0.082053,635.337140,241.058762,1511.598219,39.392218,-8.281895,85830.160328,-0.074573,0.014028,0.031220,-219.493102,0.000000
87.600000,72.504372,26.990933,0.082386,635.164270,240.623641,1510.625368,39.392214,-8.281897,85840.291166,-0.074877,0.014363,0.031220,-219.493140,0.000000
87.640000,72.504981,26.990054,0.082718,634.991279,240.188543,1509.652566,39.392210,-8.281899,85850.421483,-0.075177,0.014695,0.031220,-219.493174,0.000000
87.680000,72.505586,26.989173,0.083047,634.818169,239.753468,1508.679815,39.392206,-8.281901,85860.551280,-0.075475,0.015023,0.031219,-219.493203,0.000000
87.720000,72.506184,26.988288,0.083374,634.644937,239.318418,1507.707113,39.392202,-8.281903,85870.680557,-0.075770,0.015349,0.031219,-219.493228,0.000000
87.760000,72.506777,26.987401,0.083699,634.471585,238.883392,1506.734462,39.392199,-8.281905,85880.809314,-0.076062,0.015671,0.031218,-219.493248,0.000000
87.800000,72.507364,26.986510,0.084021,634.298110,238.448391,1505.761860,39.392195,-8.281907,85890.937551,-0.076351,0.015990,0.031217,-219.493263,0.000000
87.840000,72.507946,26.985617,0.084342,634.124514,238.013415,1504.789308,39.392191,-8.281909,85901.065268,-0.076637,0.016306,0.031216,-219.493274,0.000000
87.880000,72.508522,26.984721,0.084660,633.950795,237.578466,1503.816806,39.392187,-8.281911,85911.192464,-0.076920,0.016619,0.031215,-219.493281,0.000000
87.920000,72.509093,26.983822,0.084975,633.776953,237.143543,1502.844354,39.392183,-8.281913,85921.319140,-0.077201,0.016928,0.031214,-219.493283,0.000000
87.960000,72.509658,26.982921,0.085289,633.602987,236.708648,1501.871953,39.392179,-8.281915,85931.445297,-0.077478,0.017235,0.031213,-219.493282,0.000000
88.000000,72.510218,26.982016,0.085600,633.428897,236.273780,1500.899601,39.392175,-8.281917,85941.570933,-0.077754,0.017539,0.031211,-219.493276,0.000000
88.040000,72.510773,26.981110,0.085909,633.254683,235.838940,1499.927299,39.392171,-8.281919,85951.696049,-0.078026,0.017840,0.031210,-219.493265,0.000000
88.080000,72.511323,26.980200,0.086215,633.080344,235.404129,1498.955046,39.392167,-8.281921,85961.820646,-0.078296,0.018138,0.031208,-219.493251,0.000000
88.120000,72.511867,26.979288,0.086520,632.905880,234.969346,1497.982844,39.392163,-8.281923,85971.944722,-0.078563,0.018433,0.031206,-219.493233,0.000000
88.160000,72.512406,26.978374,0.086822,632.731290,234.534593,1497.010692,39.392159,-8.281925,85982.068278,-0.078827,0.018725,0.031204,-219.493211,0.000000
88.200000,72.512941,26.977456,0.087121,632.556574,234.099870,1496.038590,39.392156,-8.281927,85992.191314,-0.079089,0.019014,0.031202,-219.493186,0.000000
88.240000,72.513470,26.976537,0.087419,632.381731,233.665178,1495.066537,39.392152,-8.281929,86002.313831,-0.079348,0.019300,0.031200,-219.493156,0.000000
88.280000,72.513994,26.975615,0.087714,632.206762,233.230516,1494.094535,39.392148,-8.281931,86012.435828,-0.079604,0.019584,0.031198,-219.493123,0.000000
88.320000,72.514513,26.974691,0.088007,632.031665,232.795886,1493.122582,39.392144,-8.281933,86022.557304,-0.079859,0.019865,0.031196,-219.493086,0.000000
88.360000,72.515028,26.973764,0.088297,631.856440,232.361287,1492.150680,39.392140,-8.281936,86032.678262,-0.080110,0.020143,0.031193,-219.493045,0.000000
88.400000,72.515537,26.972835,0.088586,631.681088,231.926721,1491.178827,39.392136,-8.281938,86042.798699,-0.080359,0.020419,0.031191,-219.493001,0.000000
88.440000,72.516042,26.971904,0.088872,631.505606,231.492188,1490.207024,39.392132,-8.281940,86052.918617,-0.080606,0.020691,0.031188,-219.492954,0.000000
88.480000,72.516542,26.970970,0.089155,631.329996,231.057687,1489.235271,39.392128,-8.281942,86063.038015,-0.080850,0.020961,0.031186,-219.492903,0.000000
88.520000,72.517037,26.970034,0.089437,631.154256,230.623220,1488.263568,39.392124,-8.281944,86073.156893,-0.081092,0.021229,0.031183,-219.492849,0.000000
88.560000,72.517528,26.969096,0.089716,630.978387,230.188787,1487.291915,39.392120,-8.281946,86083.275252,-0.081331,0.021494,0.031180,-219.492791,0.000000
88.600000,72.518014,26.968156,0.089993,630.802387,229.754388,1486.320312,39.392116,-8.281948,86093.393091,-0.081568,0.021756,0.031177,-219.492730,0.000000
88.640000,72.518495,26.967214,0.090268,630.626257,229.320025,1485.348758,39.392113,-8.281950,86103.510411,-0.081803,0.022016,0.031174,-219.492666,0.000000
88.680000,72.518972,26.966270,0.090540,630.449996,228.885696,1484.377255,39.392109,-8.281952,86113.627211,-0.082035,0.022273,0.031171,-219.492599,0.000000
88.720000,72.519444,26.965324,0.090811,630.273604,228.451403,1483.405801,39.392105,-8.281954,86123.743492,-0.082265,0.022528,0.031168,-219.492529,0.000000
88.760000,72.519912,26.964375,0.091079,630.097080,228.017146,1482.434397,39.392101,-8.281956,86133.859254,-0.082493,0.022780,0.031165,-219.492456,0.000000
88.800000,72.520376,26.963425,0.091344,629.920424,227.582926,1481.463043,39.392097,-8.281958,86143.974497,-0.082719,0.023030,0.031162,-219.492380,0.000000
88.840000,72.520835,26.962473,0.091608,629.743636,227.148742,1480.491739,39.392093,-8.281960,86154.089220,-0.082942,0.023277,0.031158,-219.492300,0.000000
88.880000,72.521289,26.961519,0.091870,629.566715,226.714596,1479.520485,39.392089,-8.281962,86164.203424,-0.083163,0.023522,0.031155,-219.492218,0.000000
88.920000,72.521740,26.960563,0.092129,629.389661,226.280487,1478.549281,39.392085,-8.281964,86174.317109,-0.083382,0.023764,0.031151,-219.492134,0.000000
88.960000,72.522186,26.959605,0.092386,629.212473,225.846416,1477.578126,39.392081,-8.281966,86184.430275,-0.083599,0.024004,0.031148,-219.492046,0.000000
89.000000,72.522628,26.958645,0.092641,629.035152,225.412384,1476.607022,39.392077,-8.281968,86194.542922,-0.083813,0.024242,0.031144,-219.491956,0.000000
89.040000,72.523066,26.957684,0.092894,628.857697,224.978391,1475.635967,39.392074,-8.281970,86204.655050,-0.084026,0.024478,0.031140,-219.491863,0.000000
89.080000,72.523500,26.956720,0.093144,628.680107,224.544436,1474.664962,39.392070,-8.281972,86214.766659,-0.084236,0.024711,0.031136,-219.491767,0.000000
89.120000,72.523929,26.955755,0.093393,628.502383,224.110521,1473.694007,39.392066,-8.281975,86224.877750,-0.084445,0.024942,0.031132,-219.491669,0.000000
89.160000,72.524355,26.954789,0.093639,628.324523,223.676646,1472.723101,39.392062,-8.281977,86234.988322,-0.084651,0.025170,0.031128,-219.491568,0.000000
89.200000,72.524777,26.953820,0.093883,628.146528,223.242812,1471.752246,39.392058,-8.281979,86245.098375,-0.084855,0.025397,0.031124,-219.491465,0.000000
89.240000,72.525194,26.952850,0.094125,627.968397,222.809018,1470.781440,39.392054,-8.281981,86255.207909,-0.085057,0.025621,0.031120,-219.491359,0.000000
89.280000,72.525608,26.951878,0.094366,627.790130,222.375265,1469.810684,39.392050,-8.281983,86265.316925,-0.085257,0.025843,0.031116,-219.491251,0.000000
89.320000,72.526017,26.950905,0.094604,627.611727,221.941553,1468.839978,39.392046,-8.281985,86275.425423,-0.085455,0.026063,0.031112,-219.491141,0.000000
89.360000,72.526423,26.949930,0.094839,627.433187,221.507883,1467.869321,39.392042,-8.281987,86285.533402,-0.085652,0.026280,0.031108,-219.491028,0.000000
89.400000,72.526825,26.948954,0.095073,627.254510,221.074255,1466.898715,39.392038,-8.281989,86295.640863,-0.085846,0.026496,0.031103,-219.490913,0.000000
89.440000,72.527224,26.947976,0.095305,627.075696,220.640670,1465.928158,39.392034,-8.281991,86305.747806,-0.086038,0.026709,0.031099,-219.490796,0.000000
89.480000,72.527618,26.946997,0.095535,626.896744,220.207127,1464.957651,39.392031,-8.281993,86315.854230,-0.086228,0.026921,0.031094,-219.490676,0.000000
89.520000,72.528009,26.946016,0.095763,626.717654,219.773627,1463.987193,39.392027,-8.281995,86325.960137,-0.086417,0.027130,0.031090,-219.490555,0.000000
89.560000,72.528396,26.945034,0.095988,626.538425,219.340171,1463.016786,39.392023,-8.281997,86336.065525,-0.086604,0.027337,0.031085,-219.490431,0.000000
89.600000,72.528779,26.944050,0.096212,626.359058,218.906758,1462.046428,39.392019,-8.282000,86346.170396,-0.086788,0.027543,0.031081,-219.490306,0.000000
89.640000,72.529159,26.943065,0.096434,626.179553,218.473390,1461.076120,39.392015,-8.282002,86356.274748,-0.086971,0.027746,0.031076,-219.490178,0.000000
89.680000,72.529535,26.942079,0.096654,625.999908,218.040066,1460.105861,39.392011,-8.282004,86366.378583,-0.087152,0.027947,0.031071,-219.490048,0.000000
89.720000,72.529908,26.941091,0.096872,625.820123,217.606786,1459.135653,39.392007,-8.282006,86376.481900,-0.087332,0.028146,0.031066,-219.489917,0.000000
89.760000,72.530277,26.940102,0.097088,625.640199,217.173552,1458.165494,39.392003,-8.282008,86386.584700,-0.087509,0.028344,0.031061,-219.489783,0.000000
89.800000,72.530643,26.939112,0.097302,625.460135,216.740363,1457.195384,39.391999,-8.282010,86396.686982,-0.087685,0.028539,0.031057,-219.489648,0.000000
89.840000,72.531005,26.938120,0.097514,625.279931,216.307220,1456.225325,39.391996,-8.282012,86406.788746,-0.087859,0.028732,0.031052,-219.489510,0.000000
89.880000,72.531364,26.937127,0.097724,625.099586,215.874122,1455.255315,39.391992,-8.282014,86416.889994,-0.088031,0.028924,0.031047,-219.489371,0.000000
89.920000,72.531719,26.936133,0.097932,624.919100,215.441071,1454.285355,39.391988,-8.282016,86426.990724,-0.088202,0.029114,0.031042,-219.489231,0.000000
89.960000,72.532071,26.935138,0.098139,624.738473,215.008067,1453.315444,39.391984,-8.282018,86437.090936,-0.088371,0.029301,0.031036,-219.489088,0.000000
90.000000,72.532420,26.934142,0.098343,624.557705,214.575109,1452.345583,39.391980,-8.282020,86447.190632,-0.088538,0.029487,0.031031,-219.488944,0.000000
90.040000,72.532765,26.933144,0.098546,624.376795,214.142199,1451.375772,39.391976,-8.282023,86457.289810,-0.088703,0.029672,0.031026,-219.488798,0.000000
90.080000,72.533107,26.932146,0.098747,624.195743,213.709336,1450.406010,39.391972,-8.282025,86467.388472,-0.088867,0.029854,0.031021,-219.488651,0.000000
90.120000,72.533446,26.931146,0.098946,624.014549,213.276521,1449.436298,39.391968,-8.282027,86477.486617,-0.089029,0.030035,0.031016,-219.488501,0.000000
90.160000,72.533782,26.930145,0.099143,623.833212,212.843753,1448.466636,39.391964,-8.282029,86487.584245,-0.089190,0.030213,0.031010,-219.488351,0.000000
90.200000,72.534114,26.929144,0.099338,623.651733,212.411035,1447.497023,39.391960,-8.282031,86497.681356,-0.089349,0.030390,0.031005,-219.488199,0.000000
90.240000,72.534444,26.928141,0.099532,623.470111,211.978364,1446.527460,39.391957,-8.282033,86507.777951,-0.089506,0.030566,0.031000,-219.488045,0.000000
90.280000,72.534770,26.927137,0.099724,623.288346,211.545743,1445.557946,39.391953,-8.282035,86517.874029,-0.089662,0.030739,0.030994,-219.487890,0.000000
90.320000,72.535093,26.926132,0.099914,623.106437,211.113171,1444.588482,39.391949,-8.282037,86527.969591,-0.089816,0.030911,0.030989,-219.487733,0.000000
90.360000,72.535413,26.925127,0.100102,622.924384,210.680648,1443.619068,39.391945,-8.282039,86538.064636,-0.089969,0.031081,0.030983,-219.487575,0.000000
90.400000,72.535731,26.924120,0.100289,622.742188,210.248176,1442.649703,39.391941,-8.282042,86548.159165,-0.090120,0.031250,0.030978,-219.487416,0.000000
90.440000,72.536045,26.923112,0.100473,622.559847,209.815753,1441.680388,39.391937,-8.282044,86558.253178,-0.090270,0.031417,0.030972,-219.487255,0.000000
90.480000,72.536356,26.922104,0.100657,622.377362,209.383380,1440.711122,39.391933,-8.282046,86568.346675,-0.090418,0.031582,0.030967,-219.487093,0.000000
90.520000,72.536664,26.921095,0.100838,622.194732,208.951058,1439.741906,39.391929,-8.282048,86578.439656,-0.090565,0.031746,0.030961,-219.486930,0.000000
90.560000,72.536969,26.920084,0.101018,622.011957,208.518787,1438.772739,39.391925,-8.282050,86588.532122,-0.090710,0.031908,0.030955,-219.486766,0.000000
90.600000,72.537272,26.919073,0.101196,621.829037,208.086566,1437.803622,39.391922,-8.282052,86598.624071,-0.090854,0.032068,0.030949,-219.486600,0.000000
90.640000,72.537571,26.918061,0.101372,621.645972,207.654397,1436.834555,39.391918,-8.282054,86608.715505,-0.090996,0.032227,0.030944,-219.486433,0.000000
90.680000,72.537868,26.917049,0.101547,621.462761,207.222280,1435.865536,39.391914,-8.282057,86618.806423,-0.091137,0.032384,0.030938,-219.486265,0.000000
90.720000,72.538162,26.916035,0.101720,621.279405,206.790214,1434.896568,39.391910,-8.282059,86628.896826,-0.091276,0.032540,0.030932,-219.486096,0.000000
90.760000,72.538453,26.915021,0.101892,621.095902,206.358201,1433.927649,39.391906,-8.282061,86638.986713,-0.091414,0.032694,0.030926,-219.485925,0.000000
90.800000,72.538741,26.914006,0.102062,620.912253,205.926240,1432.958779,39.391902,-8.282063,86649.076085,-0.091551,0.032847,0.030920,-219.485754,0.000000
90.840000,72.539027,26.912991,0.102230,620.728458,205.494331,1431.989959,39.391898,-8.282065,86659.164942,-0.091686,0.032998,0.030915,-219.485581,0.000000
90.880000,72.539310,26.911974,0.102397,620.544516,205.062475,1431.021188,39.391894,-8.282067,86669.253284,-0.091820,0.033148,0.030909,-219.485408,0.000000
90.920000,72.539590,26.910957,0.102562,620.360427,204.630672,1430.052467,39.391890,-8.282069,86679.341111,-0.091953,0.033296,0.030903,-219.485233,0.000000
90.960000,72.539868,26.909940,0.102725,620.176190,204.198923,1429.083796,39.391887,-8.282071,86689.428422,-0.092084,0.033443,0.030897,-219.485057,0.000000
91.000000,72.540143,26.908921,0.102888,619.991807,203.767227,1428.115173,39.391883,-8.282074,86699.515220,-0.092214,0.033589,0.030891,-219.484881,0.000000
91.040000,72.540416,26.907902,0.103048,619.807276,203.335584,1427.146600,39.391879,-8.282076,86709.601502,-0.092343,0.033732,0.030885,-219.484703,0.000000
91.080000,72.540685,26.906883,0.103207,619.622597,202.903996,1426.178077,39.391875,-8.282078,86719.687270,-0.092470,0.033875,0.030879,-219.484524,0.000000
91.120000,72.540953,26.905863,0.103365,619.437770,202.472462,1425.209603,39.391871,-8.282080,86729.772523,-0.092596,0.034016,0.030873,-219.484345,0.000000
91.160000,72.541217,26.904842,0.103521,619.252795,202.040982,1424.241178,39.391867,-8.282082,86739.857262,-0.092721,0.034156,0.030867,-219.484165,0.000000
91.200000,72.541480,26.903821,0.103675,619.067672,201.609557,1423.272803,39.391863,-8.282084,86749.941487,-0.092844,0.034294,0.030860,-219.483984,0.000000
91.240000,72.541740,26.902799,0.103828,618.882400,201.178187,1422.304477,39.391859,-8.282087,86760.025197,-0.092967,0.034431,0.030854,-219.483802,0.000000
91.280000,72.541997,26.901777,0.103980,618.696980,200.746872,1421.336200,39.391856,-8.282089,86770.108394,-0.093088,0.034567,0.030848,-219.483619,0.000000
91.320000,72.542252,26.900754,0.104130,618.511410,200.315612,1420.367973,39.391852,-8.282091,86780.191076,-0.093207,0.034701,0.030842,-219.483435,0.000000
91.360000,72.542504,26.899730,0.104278,618.325692,199.884408,1419.399795,39.391848,-8.282093,86790.273244,-0.093326,0.034834,0.030836,-219.483251,0.000000
91.400000,72.542754,26.898707,0.104426,618.139824,199.453259,1418.431667,39.391844,-8.282095,86800.354899,-0.093443,0.034966,0.030830,-219.483065,0.000000
91.440000,72.543002,26.897682,0.104572,617.953807,199.022167,1417.463588,39.391840,-8.282097,86810.436040,-0.093560,0.035096,0.030823,-219.482879,0.000000
91.480000,72.543248,26.896658,0.104716,617.767639,198.591130,1416.495558,39.391836,-8.282100,86820.516668,-0.093675,0.035225,0.030817,-219.482693,0.000000
91.520000,72.543491,26.895632,0.104859,617.581322,198.160150,1415.527577,39.391832,-8.282102,86830.596782,-0.093789,0.035353,0.030811,-219.482505,0.000000
91.560000,72.543732,26.894607,0.105001,617.394855,197.729227,1414.559646,39.391828,-8.282104,86840.676382,-0.093901,0.035480,0.030805,-219.482317,0.000000
91.600000,72.543970,26.893581,0.105141,617.208238,197.298360,1413.591764,39.391825,-8.282106,86850.755470,-0.094013,0.035605,0.030798,-219.482129,0.000000
91.640000,72.544206,26.892555,0.105280,617.021470,196.867550,1412.623931,39.391821,-8.282108,86860.834044,-0.094123,0.035729,0.030792,-219.481939,0.000000
91.680000,72.544440,26.891528,0.105418,616.834552,196.436798,1411.656148,39.391817,-8.282110,86870.912105,-0.094233,0.035852,0.030786,-219.481749,0.000000
91.720000,72.544672,26.890501,0.105554,616.647483,196.006103,1410.688414,39.391813,-8.282113,86880.989654,-0.094341,0.035973,0.030779,-219.481558,0.000000
91.760000,72.544902,26.889473,0.105689,616.460263,195.575465,1409.720729,39.391809,-8.282115,86891.066689,-0.094448,0.036094,0.030773,-219.481367,0.000000
91.800000,72.545129,26.888446,0.105823,616.272892,195.144885,1408.753093,39.391805,-8.282117,86901.143212,-0.094554,0.036213,0.030766,-219.481175,0.000000
91.840000,72.545355,26.887418,0.105955,616.085369,194.714363,1407.785507,39.391801,-8.282119,86911.219222,-0.094659,0.036331,0.030760,-219.480983,0.000000
91.880000,72.545578,26.886389,0.106086,615.897695,194.283899,1406.817969,39.391797,-8.282121,86921.294719,-0.094763,0.036448,0.030754,-219.480790,0.000000
91.920000,72.545799,26.885361,0.106216,615.709870,193.853494,1405.850481,39.391794,-8.282123,86931.369705,-0.094866,0.036564,0.030747,-219.480596,0.000000
91.960000,72.546018,26.884332,0.106344,615.521892,193.423147,1404.883043,39.391790,-8.282126,86941.444178,-0.094967,0.036678,0.030741,-219.480402,0.000000
92.000000,72.546235,26.883303,0.106472,615.333763,192.992858,1403.915653,39.391786,-8.282128,86951.518138,-0.095068,0.036792,0.030734,-219.480208,0.000000
92.040000,72.546450,26.882274,0.106598,615.145482,192.562629,1402.948312,39.391782,-8.282130,86961.591587,-0.095168,0.036904,0.030728,-219.480013,0.000000
92.080000,72.546663,26.881244,0.106722,614.957048,192.132458,1401.981021,39.391778,-8.282132,86971.664523,-0.095267,0.037015,0.030721,-219.479817,0.000000
92.120000,72.546874,26.880214,0.106846,614.768462,191.702347,1401.013779,39.391774,-8.282134,86981.736948,-0.095364,0.037126,0.030715,-219.479621,0.000000
92.160000,72.547083,26.879184,0.106968,614.579724,191.272295,1400.046586,39.391770,-8.282137,86991.808861,-0.095461,0.037235,0.030708,-219.479425,0.000000
92.200000,72.547289,26.878154,0.107089,614.390832,190.842303,1399.079442,39.391766,-8.282139,87001.880263,-0.095557,0.037343,0.030702,-219.479228,0.000000
92.240000,72.547494,26.877124,0.107209,614.201788,190.412370,1398.112347,39.391763,-8.282141,87011.951152,-0.095651,0.037450,0.030695,-219.479031,0.000000
92.280000,72.547697,26.876093,0.107328,614.012591,189.982498,1397.145302,39.391759,-8.282143,87022.021531,-0.095745,0.037555,0.030689,-219.478833,0.000000
92.320000,72.547898,26.875063,0.107446,613.823240,189.552685,1396.178305,39.391755,-8.282145,87032.091398,-0.095838,0.037660,0.030682,-219.478635,0.000000
92.360000,72.548098,26.874032,0.107562,613.633736,189.122933,1395.211358,39.391751,-8.282148,87042.160754,-0.095930,0.037764,0.030676,-219.478437,0.000000
92.400000,72.548295,26.873001,0.107678,613.444079,188.693241,1394.244459,39.391747,-8.282150,87052.229598,-0.096021,0.037867,0.030669,-219.478238,0.000000
92.440000,72.548490,26.871970,0.107792,613.254268,188.263610,1393.277610,39.391743,-8.282152,87062.297932,-0.096111,0.037968,0.030662,-219.478039,0.000000
92.480000,72.548684,26.870939,0.107905,613.064303,187.834040,1392.310810,39.391739,-8.282154,87072.365755,-0.096200,0.038069,0.030656,-219.477839,0.000000
92.520000,72.548876,26.869908,0.108017,612.874185,187.404530,1391.344059,39.391736,-8.282156,87082.433067,-0.096288,0.038169,0.030649,-219.477639,0.000000
92.560000,72.549066,26.868876,0.108128,612.683912,186.975082,1390.377356,39.391732,-8.282159,87092.499868,-0.096375,0.038268,0.030643,-219.477439,0.000000
92.600000,72.549254,26.867845,0.108237,612.493485,186.545694,1389.410703,39.391728,-8.282161,87102.566159,-0.096462,0.038365,0.030636,-219.477239,0.000000
92.640000,72.549440,26.866814,0.108346,612.302904,186.116369,1388.444099,39.391724,-8.282163,87112.631940,-0.096547,0.038462,0.030629,-219.477038,0.000000
92.680000,72.549625,26.865782,0.108453,612.112168,185.687104,1387.477544,39.391720,-8.282165,87122.697210,-0.096632,0.038558,0.030623,-219.476837,0.000000
92.720000,72.549808,26.864751,0.108560,611.921278,185.257902,1386.511038,39.391716,-8.282168,87132.761969,-0.096715,0.038653,0.030616,-219.476635,0.000000
92.760000,72.549989,26.863720,0.108665,611.730233,184.828761,1385.544581,39.391712,-8.282170,87142.826219,-0.096798,0.038747,0.030610,-219.476434,0.000000
92.800000,72.550169,26.862688,0.108770,611.539033,184.399682,1384.578173,39.391709,-8.282172,87152.889959,-0.096880,0.038840,0.030603,-219.476232,0.000000
92.840000,72.550347,26.861657,0.108873,611.347678,183.970665,1383.611814,39.391705,-8.282174,87162.953189,-0.096961,0.038932,0.030596,-219.476030,0.000000
92.880000,72.550523,26.860625,0.108975,611.156167,183.541711,1382.645503,39.391701,-8.282176,87173.015909,-0.097042,0.039023,0.030590,-219.475827,0.000000
92.920000,72.550697,26.859594,0.109076,610.964502,183.112819,1381.679242,39.391697,-8.282179,87183.078119,-0.097121,0.039113,0.030583,-219.475625,0.000000
92.960000,72.550870,26.858563,0.109177,610.772681,182.683990,1380.713030,39.391693,-8.282181,87193.139820,-0.097200,0.039203,0.030576,-219.475422,0.000000
93.000000,72.551041,26.857531,0.109276,610.580705,182.255223,1379.746866,39.391689,-8.282183,87203.201011,-0.097278,0.039291,0.030570,-219.475219,0.000000
93.040000,72.551211,26.856500,0.109374,610.388573,181.826519,1378.780752,39.391685,-8.282185,87213.261693,-0.097355,0.039379,0.030563,-219.475016,0.000000
93.080000,72.551379,26.855469,0.109471,610.196285,181.397878,1377.814686,39.391682,-8.282188,87223.321866,-0.097431,0.039465,0.030556,-219.474813,0.000000
93.120000,72.551545,26.854438,0.109568,610.003842,180.969301,1376.848669,39.391678,-8.282190,87233.381529,-0.097506,0.039551,0.030550,-219.474609,0.000000
93.160000,72.551710,26.853407,0.109663,609.811242,180.540787,1375.882702,39.391674,-8.282192,87243.440684,-0.097581,0.039636,0.030543,-219.474405,0.000000
93.200000,72.551873,26.852376,0.109757,609.618486,180.112336,1374.916783,39.391670,-8.282194,87253.499330,-0.097655,0.039720,0.030536,-219.474201,0.000000
93.240000,72.552035,26.851345,0.109851,609.425574,179.683948,1373.950912,39.391666,-8.282197,87263.557467,-0.097728,0.039804,0.030529,-219.473997,0.000000
93.280000,72.552195,26.850314,0.109943,609.232506,179.255625,1372.985091,39.391662,-8.282199,87273.615095,-0.097800,0.039886,0.030523,-219.473793,0.000000
93.320000,72.552354,26.849284,0.110035,609.039281,178.827365,1372.019319,39.391658,-8.282201,87283.672215,-0.097872,0.039968,0.030516,-219.473589,0.000000
93.360000,72.552511,26.848253,0.110125,608.845900,178.399169,1371.053595,39.391655,-8.282203,87293.728826,-0.097943,0.040049,0.030509,-219.473384,0.000000
93.400000,72.552667,26.847223,0.110215,608.652362,177.971037,1370.087920,39.391651,-8.282206,87303.784929,-0.098013,0.040129,0.030503,-219.473180,0.000000
93.440000,72.552821,26.846193,0.110303,608.458667,177.542969,1369.122294,39.391647,-8.282208,87313.840524,-0.098082,0.040208,0.030496,-219.472975,0.000000
93.480000,72.552974,26.845163,0.110391,608.264815,177.114966,1368.156717,39.391643,-8.282210,87323.895610,-0.098151,0.040286,0.030489,-219.472770,0.000000
93.520000,72.553125,26.844133,0.110478,608.070806,176.687027,1367.191189,39.391639,-8.282212,87333.950189,-0.098219,0.040364,0.030483,-219.472565,0.000000
93.560000,72.553275,26.843104,0.110564,607.876640,176.259153,1366.225709,39.391635,-8.282215,87344.004260,-0.098286,0.040441,0.030476,-219.472360,0.000000
93.600000,72.553424,26.842075,0.110649,607.682317,175.831343,1365.260278,39.391631,-8.282217,87354.057822,-0.098353,0.040517,0.030469,-219.472155,0.000000
93.640000,72.553571,26.841045,0.110734,607.487836,175.403599,1364.294896,39.391628,-8.282219,87364.110878,-0.098419,0.040592,0.030462,-219.471950,0.000000
93.680000,72.553717,26.840016,0.110817,607.293198,174.975919,1363.329563,39.391624,-8.282221,87374.163425,-0.098484,0.040667,0.030456,-219.471745,0.000000
93.720000,72.553861,26.838988,0.110900,607.098402,174.548304,1362.364278,39.391620,-8.282224,87384.215466,-0.098548,0.040741,0.030449,-219.471540,0.000000
93.760000,72.554004,26.837959,0.110982,606.903449,174.120755,1361.399042,39.391616,-8.282226,87394.266999,-0.098612,0.040814,0.030442,-219.471334,0.000000
93.800000,72.554146,26.836931,0.111062,606.708337,173.693270,1360.433855,39.391612,-8.282228,87404.318024,-0.098675,0.040886,0.030436,-219.471129,0.000000
93.840000,72.554286,26.835903,0.111142,606.513068,173.265852,1359.468716,39.391608,-8.282231,87414.368543,-0.098738,0.040958,0.030429,-219.470924,0.000000
93.880000,72.554425,26.834875,0.111222,606.317641,172.838498,1358.503626,39.391605,-8.282233,87424.418554,-0.098800,0.041029,0.030422,-219.470718,0.000000
93.920000,72.554563,26.833848,0.111300,606.122056,172.411211,1357.538585,39.391601,-8.282235,87434.468059,-0.098861,0.041099,0.030415,-219.470513,0.000000
93.960000,72.554700,26.832821,0.111378,605.926313,171.983989,1356.573593,39.391597,-8.282237,87444.517057,-0.098921,0.041169,0.030409,-219.470307,0.000000
94.000000,72.554835,26.831794,0.111455,605.730411,171.556833,1355.608649,39.391593,-8.282240,87454.565548,-0.098981,0.041238,0.030402,-219.470101,0.000000
94.040000,72.554969,26.830767,0.111531,605.534351,171.129743,1354.643754,39.391589,-8.282242,87464.613533,-0.099041,0.041306,0.030395,-219.469896,0.000000
94.080000,72.555101,26.829741,0.111606,605.338133,170.702719,1353.678907,39.391585,-8.282244,87474.661012,-0.099099,0.041373,0.030388,-219.469690,0.000000
94.120000,72.555233,26.828715,0.111680,605.141756,170.275761,1352.714109,39.391581,-8.282247,87484.707983,-0.099157,0.041440,0.030382,-219.469485,0.000000
94.160000,72.555363,26.827689,0.111754,604.945220,169.848870,1351.749360,39.391578,-8.282249,87494.754449,-0.099215,0.041506,0.030375,-219.469279,0.000000
94.200000,72.555492,26.826663,0.111827,604.748526,169.422045,1350.784659,39.391574,-8.282251,87504.800409,-0.099271,0.041572,0.030368,-219.469073,0.000000
94.240000,72.555619,26.825638,0.111899,604.551673,168.995286,1349.820007,39.391570,-8.282253,87514.845863,-0.099328,0.041637,0.030362,-219.468868,0.000000
94.280000,72.555746,26.824614,0.111971,604.354660,168.568594,1348.855403,39.391566,-8.282256,87524.890810,-0.099383,0.041701,0.030355,-219.468662,0.000000
94.320000,72.555871,26.823589,0.112041,604.157489,168.141969,1347.890848,39.391562,-8.282258,87534.935253,-0.099438,0.041764,0.030348,-219.468457,0.000000
94.360000,72.555996,26.822565,0.112111,603.960159,167.715411,1346.926342,39.391558,-8.282260,87544.979189,-0.099493,0.041827,0.030341,-219.468251,0.000000
94.400000,72.556119,26.821541,0.112180,603.762670,167.288920,1345.961884,39.391555,-8.282263,87555.022620,-0.099547,0.041889,0.030335,-219.468046,0.000000
94.440000,72.556240,26.820518,0.112249,603.565021,166.862495,1344.997475,39.391551,-8.282265,87565.065545,-0.099600,0.041951,0.030328,-219.467840,0.000000
94.480000,72.556361,26.819495,0.112317,603.367213,166.436138,1344.033114,39.391547,-8.282267,87575.107965,-0.099653,0.042012,0.030321,-219.467635,0.000000
94.520000,72.556481,26.818473,0.112384,603.169245,166.009848,1343.068801,39.391543,-8.282269,87585.149880,-0.099705,0.042072,0.030315,-219.467429,0.000000
94.560000,72.556599,26.817450,0.112450,602.971118,165.583625,1342.104538,39.391539,-8.282272,87595.191290,-0.099756,0.042132,0.030308,-219.467224,0.000000
94.600000,72.556716,26.816429,0.112516,602.772832,165.157470,1341.140322,39.391535,-8.282274,87605.232195,-0.099807,0.042191,0.030301,-219.467019,0.000000
94.640000,72.556833,26.815407,0.112581,602.574385,164.731382,1340.176155,39.391532,-8.282276,87615.272595,-0.099858,0.042250,0.030294,-219.466813,0.000000
94.680000,72.556948,26.814386,0.112645,602.375779,164.305362,1339.212037,39.391528,-8.282279,87625.312490,-0.099908,0.042308,0.030288,-219.466608,0.000000
94.720000,72.557062,26.813366,0.112708,602.177013,163.879409,1338.247967,39.391524,-8.282281,87635.351881,-0.099957,0.042365,0.030281,-219.466403,0.000000
94.760000,72.557175,26.812345,0.112771,601.978087,163.453524,1337.283946,39.391520,-8.282283,87645.390767,-0.100006,0.042422,0.030274,-219.466198,0.000000
94.800000,72.557287,26.811326,0.112834,601.779001,163.027708,1336.319973,39.391516,-8.282286,87655.429148,-0.100054,0.042478,0.030268,-219.465993,0.000000
94.840000,72.557398,26.810306,0.112895,601.579755,162.601959,1335.356048,39.391512,-8.282288,87665.467026,-0.100102,0.042534,0.030261,-219.465788,0.000000
94.880000,72.557508,26.809287,0.112956,601.380349,162.176278,1334.392172,39.391509,-8.282290,87675.504399,-0.100150,0.042589,0.030254,-219.465583,0.000000
94.920000,72.557617,26.808269,0.113016,601.180783,161.750665,1333.428344,39.391505,-8.282293,87685.541268,-0.100196,0.042644,0.030247,-219.465378,0.000000
94.960000,72.557724,26.807251,0.113076,600.981056,161.325121,1332.464565,39.391501,-8.282295,87695.577633,-0.100243,0.042698,0.030241,-219.465173,0.000000
95.000000,72.557831,26.806233,0.113135,600.781169,160.899645,1331.500834,39.391497,-8.282297,87705.613494,-0.100289,0.042751,0.030234,-219.464969,0.000000
95.040000,72.557937,26.805216,0.113194,600.581121,160.474237,1330.537151,39.391493,-8.282300,87715.648852,-0.100334,0.042804,0.030227,-219.464764,0.000000
95.080000,72.558042,26.804200,0.113251,600.380913,160.048897,1329.573517,39.391489,-8.282302,87725.683706,-0.100379,0.042856,0.030221,-219.464560,0.000000
95.120000,72.558146,26.803183,0.113309,600.180545,159.623627,1328.609931,39.391486,-8.282304,87735.718056,-0.100423,0.042908,0.030214,-219.464355,0.000000
95.160000,72.558249,26.802168,0.113365,599.980015,159.198425,1327.646393,39.391482,-8.282307,87745.751903,-0.100467,0.042960,0.030207,-219.464151,0.000000
95.200000,72.558351,26.801153,0.113421,599.779325,158.773291,1326.682904,39.391478,-8.282309,87755.785246,-0.100510,0.043010,0.030201,-219.463947,0.000000
95.240000,72.558452,26.800138,0.113476,599.578474,158.348227,1325.719463,39.391474,-8.282311,87765.818087,-0.100553,0.043061,0.030194,-219.463743,0.000000
95.280000,72.558552,26.799124,0.113531,599.377462,157.923231,1324.756070,39.391470,-8.282314,87775.850424,-0.100596,0.043111,0.030187,-219.463539,0.000000
95.320000,72.558651,26.798110,0.113585,599.176290,157.498305,1323.792726,39.391467,-8.282316,87785.882258,-0.100638,0.043160,0.030181,-219.463335,0.000000
95.360000,72.558749,26.797097,0.113639,598.974956,157.073447,1322.829430,39.391463,-8.282318,87795.913590,-0.100679,0.043209,0.030174,-219.463131,0.000000
95.400000,72.558846,26.796084,0.113692,598.773461,156.648659,1321.866182,39.391459,-8.282321,87805.944418,-0.100720,0.043257,0.030167,-219.462927,0.000000
95.440000,72.558942,26.795072,0.113744,598.571805,156.223940,1320.902983,39.391455,-8.282323,87815.974744,-0.100761,0.043305,0.030161,-219.462724,0.000000
95.480000,72.559038,26.794060,0.113796,598.369988,155.799290,1319.939832,39.391451,-8.282325,87826.004568,-0.100801,0.043352,0.030154,-219.462520,0.000000
95.520000,72.559132,26.793049,0.113847,598.168009,155.374709,1318.976729,39.391447,-8.282328,87836.033889,-0.100841,0.043399,0.030148,-219.462317,0.000000
95.560000,72.559226,26.792039,0.113898,597.965869,154.950198,1318.013674,39.391444,-8.282330,87846.062708,-0.100880,0.043445,0.030141,-219.462114,0.000000
95.600000,72.559319,26.791029,0.113948,597.763568,154.525756,1317.050667,39.391440,-8.282332,87856.091024,-0.100919,0.043491,0.030134,-219.461911,0.000000
95.640000,72.559411,26.790019,0.113998,597.561105,154.101384,1316.087709,39.391436,-8.282335,87866.118839,-0.100958,0.043536,0.030128,-219.461708,0.000000
95.680000,72.559502,26.789010,0.114047,597.358481,153.677082,1315.124799,39.391432,-8.282337,87876.146152,-0.100996,0.043581,0.030121,-219.461505,0.000000
95.720000,72.559592,26.788002,0.114096,597.155695,153.252849,1314.161937,39.391428,-8.282339,87886.172962,-0.101033,0.043626,0.030114,-219.461302,0.000000
95.760000,72.559682,26.786994,0.114144,596.952747,152.828686,1313.199123,39.391425,-8.282342,87896.199271,-0.101070,0.043670,0.030108,-219.461099,0.000000
95.800000,72.559770,26.785987,0.114191,596.749638,152.404593,1312.236358,39.391421,-8.282344,87906.225078,-0.101107,0.043713,0.030101,-219.460897,0.000000
95.840000,72.559858,26.784980,0.114238,596.546367,151.980570,1311.273640,39.391417,-8.282347,87916.250384,-0.101144,0.043757,0.030094,-219.460695,0.000000
95.880000,72.559945,26.783974,0.114285,596.342934,151.556617,1310.310971,39.391413,-8.282349,87926.275188,-0.101180,0.043799,0.030088,-219.460492,0.000000
95.920000,72.560031,26.782968,0.114330,596.139339,151.132734,1309.348350,39.391409,-8.282351,87936.299491,-0.101215,0.043842,0.030081,-219.460290,0.000000
95.960000,72.560116,26.781964,0.114376,595.935583,150.708922,1308.385777,39.391405,-8.282354,87946.323293,-0.101250,0.043883,0.030075,-219.460088,0.000000
96.000000,72.560201,26.780959,0.114421,595.731664,150.285179,1307.423252,39.391402,-8.282356,87956.346594,-0.101285,0.043925,0.030068,-219.459886,0.000000
96.040000,72.560284,26.779955,0.114465,595.527583,149.861507,1306.460776,39.391398,-8.282358,87966.369394,-0.101319,0.043966,0.030062,-219.459685,0.000000
96.080000,72.560367,26.778952,0.114509,595.323340,149.437905,1305.498347,39.391394,-8.282361,87976.391693,-0.101353,0.044006,0.030055,-219.459483,0.000000
96.120000,72.560450,26.777950,0.114553,595.118935,149.014373,1304.535966,39.391390,-8.282363,87986.413491,-0.101387,0.044046,0.030048,-219.459282,0.000000
96.160000,72.560531,26.776948,0.114596,594.914368,148.590912,1303.573634,39.391386,-8.282366,87996.434788,-0.101420,0.044086,0.030042,-219.459081,0.000000
96.200000,72.560612,26.775946,0.114638,594.709639,148.167522,1302.611350,39.391383,-8.282368,88006.455585,-0.101453,0.044126,0.030035,-219.458879,0.000000
96.240000,72.560692,26.774946,0.114680,594.504747,147.744202,1301.649113,39.391379,-8.282370,88016.475881,-0.101486,0.044164,0.030029,-219.458679,0.000000
96.280000,72.560771,26.773946,0.114722,594.299693,147.320952,1300.686925,39.391375,-8.282373,88026.495677,-0.101518,0.044203,0.030022,-219.458478,0.000000
96.320000,72.560849,26.772946,0.114763,594.094476,146.897774,1299.724785,39.391371,-8.282375,88036.514973,-0.101550,0.044241,0.030015,-219.458277,0.000000
96.360000,72.560927,26.771947,0.114804,593.889097,146.474666,1298.762692,39.391367,-8.282378,88046.533769,-0.101581,0.044279,0.030009,-219.458076,0.000000
96.400000,72.561004,26.770949,0.114844,593.683555,146.051629,1297.800648,39.391364,-8.282380,88056.552065,-0.101612,0.044316,0.030002,-219.457876,0.000000
96.440000,72.561080,26.769951,0.114884,593.477851,145.628663,1296.838652,39.391360,-8.282382,88066.569861,-0.101643,0.044353,0.029996,-219.457676,0.000000
96.480000,72.561156,26.768954,0.114923,593.271984,145.205768,1295.876704,39.391356,-8.282385,88076.587157,-0.101673,0.044390,0.029989,-219.457476,0.000000
96.520000,72.561231,26.767958,0.114962,593.065955,144.782944,1294.914804,39.391352,-8.282387,88086.603953,-0.101703,0.044426,0.029983,-219.457276,0.000000
96.560000,72.561305,26.766963,0.115000,592.859762,144.360191,1293.952951,39.391348,-8.282389,88096.620250,-0.101733,0.044462,0.029976,-219.457076,0.000000
96.600000,72.561378,26.765968,0.115038,592.653407,143.937509,1292.991147,39.391345,-8.282392,88106.636048,-0.101762,0.044497,0.029970,-219.456876,0.000000
96.640000,72.561451,26.764973,0.115076,592.446889,143.514899,1292.029391,39.391341,-8.282394,88116.651346,-0.101791,0.044532,0.029963,-219.456677,0.000000
96.680000,72.561523,26.763979,0.115113,592.240209,143.092360,1291.067682,39.391337,-8.282397,88126.666145,-0.101820,0.044567,0.029957,-219.456478,0.000000
96.720000,72.561595,26.762986,0.115149,592.033365,142.669891,1290.106022,39.391333,-8.282399,88136.680444,-0.101848,0.044601,0.029950,-219.456278,0.000000
96.760000,72.561666,26.761994,0.115186,591.826358,142.247495,1289.144409,39.391329,-8.282402,88146.694245,-0.101876,0.044635,0.029944,-219.456079,0.000000
96.800000,72.561736,26.761002,0.115221,591.619189,141.825170,1288.182844,39.391326,-8.282404,88156.707547,-0.101904,0.044669,0.029937,-219.455881,0.000000
96.840000,72.561805,26.760011,0.115257,591.411856,141.402916,1287.221328,39.391322,-8.282406,88166.720350,-0.101931,0.044702,0.029931,-219.455682,0.000000
96.880000,72.561874,26.759021,0.115292,591.204360,140.980733,1286.259859,39.391318,-8.282409,88176.732654,-0.101959,0.044735,0.029924,-219.455483,0.000000
96.920000,72.561942,26.758031,0.115327,590.996702,140.558623,1285.298438,39.391314,-8.282411,88186.744460,-0.101985,0.044768,0.029918,-219.455285,0.000000
96.960000,72.562010,26.757043,0.115361,590.788880,140.136584,1284.337065,39.391310,-8.282414,88196.755767,-0.102012,0.044800,0.029911,-219.455087,0.000000
97.000000,72.562077,26.756054,0.115395,590.580894,139.714616,1283.375739,39.391307,-8.282416,88206.766576,-0.102038,0.044832,0.029905,-219.454889,0.000000
97.040000,72.562143,26.755067,0.115428,590.372746,139.292721,1282.414462,39.391303,-8.282418,88216.776886,-0.102064,0.044864,0.029898,-219.454691,0.000000
97.080000,72.562209,26.754080,0.115461,590.164434,138.870897,1281.453232,39.391299,-8.282421,88226.786699,-0.102089,0.044895,0.029892,-219.454493,0.000000
97.120000,72.562274,26.753094,0.115494,589.955959,138.449145,1280.492051,39.391295,-8.282423,88236.796013,-0.102114,0.044926,0.029885,-219.454296,0.000000
97.160000,72.562339,26.752108,0.115526,589.747320,138.027465,1279.530917,39.391291,-8.282426,88246.804830,-0.102139,0.044956,0.029879,-219.454098,0.000000
97.200000,72.562403,26.751123,0.115558,589.538518,137.605856,1278.569831,39.391288,-8.282428,88256.813148,-0.102164,0.044987,0.029872,-219.453901,0.000000
97.240000,72.562466,26.750139,0.115590,589.329553,137.184320,1277.608792,39.391284,-8.282431,88266.820969,-0.102188,0.045017,0.029866,-219.453704,0.000000
97.280000,72.562529,26.749156,0.115621,589.120424,136.762856,1276.647802,39.391280,-8.282433,88276.828292,-0.102212,0.045046,0.029859,-219.453507,0.000000
97.320000,72.562591,26.748173,0.115652,588.911131,136.341464,1275.686859,39.391276,-8.282435,88286.835118,-0.102236,0.045076,0.029853,-219.453310,0.000000
97.360000,72.562653,26.747192,0.115682,588.701675,135.920144,1274.725964,39.391272,-8.282438,88296.841447,-0.102260,0.045105,0.029847,-219.453114,0.000000
97.400000,72.562714,26.746210,0.115712,588.492056,135.498896,1273.765117,39.391269,-8.282440,88306.847278,-0.102283,0.045134,0.029840,-219.452917,0.000000
97.440000,72.562774,26.745230,0.115742,588.282272,135.077720,1272.804317,39.391265,-8.282443,88316.852611,-0.102306,0.045162,0.029834,-219.452721,0.000000
97.480000,72.562834,26.744250,0.115771,588.072325,134.656617,1271.843565,39.391261,-8.282445,88326.857448,-0.102329,0.045190,0.029827,-219.452525,0.000000
97.520000,72.562894,26.743271,0.115800,587.862215,134.235586,1270.882861,39.391257,-8.282448,88336.861788,-0.102351,0.045218,0.029821,-219.452329,0.000000
97.560000,72.562953,26.742293,0.115829,587.651940,133.814627,1269.922205,39.391253,-8.282450,88346.865631,-0.102373,0.045246,0.029814,-219.452133,0.000000
97.600000,72.563011,26.741315,0.115857,587.441502,133.393741,1268.961596,39.391250,-8.282453,88356.868977,-0.102395,0.045273,0.029808,-219.451937,0.000000
97.640000,72.563069,26.740339,0.115885,587.230900,132.972927,1268.001036,39.391246,-8.282455,88366.871827,-0.102417,0.045300,0.029802,-219.451742,0.000000
97.680000,72.563126,26.739363,0.115913,587.020134,132.552185,1267.040522,39.391242,-8.282457,88376.874180,-0.102438,0.045327,0.029795,-219.451547,0.000000
97.720000,72.563183,26.738387,0.115940,586.809204,132.131516,1266.080057,39.391238,-8.282460,88386.876036,-0.102459,0.045353,0.029789,-219.451351,0.000000
97.760000,72.563239,26.737413,0.115967,586.598110,131.710920,1265.119639,39.391235,-8.282462,88396.877397,-0.102480,0.045379,0.029783,-219.451157,0.000000
97.800000,72.563295,26.736439,0.115994,586.386852,131.290396,1264.159269,39.391231,-8.282465,88406.878261,-0.102501,0.045405,0.029776,-219.450962,0.000000
97.840000,72.563350,26.735466,0.116020,586.175430,130.869945,1263.198946,39.391227,-8.282467,88416.878629,-0.102521,0.045431,0.029770,-219.450767,0.000000
97.880000,72.563405,26.734494,0.116046,585.963845,130.449567,1262.238671,39.391223,-8.282470,88426.878500,-0.102541,0.045456,0.029763,-219.450573,0.000000
97.920000,72.563459,26.733522,0.116072,585.752095,130.029261,1261.278443,39.391219,-8.282472,88436.877876,-0.102561,0.045481,0.029757,-219.450378,0.000000
97.960000,72.563512,26.732552,0.116097,585.540181,129.609028,1260.318264,39.391216,-8.282475,88446.876757,-0.102580,0.045506,0.029751,-219.450184,0.000000
98.000000,72.563566,26.731582,0.116123,585.328103,129.188868,1259.358132,39.391212,-8.282477,88456.875141,-0.102600,0.045530,0.029744,-219.449990,0.000000
98.040000,72.563618,26.730612,0.116147,585.115860,128.768781,1258.398047,39.391208,-8.282480,88466.873030,-0.102619,0.045555,0.029738,-219.449796,0.000000
98.080000,72.563671,26.729644,0.116172,584.903454,128.348767,1257.438010,39.391204,-8.282482,88476.870423,-0.102638,0.045579,0.029732,-219.449603,0.000000
98.120000,72.563722,26.728676,0.116196,584.690883,127.928825,1256.478021,39.391201,-8.282485,88486.867321,-0.102656,0.045602,0.029725,-219.449409,0.000000
98.160000,72.563774,26.727709,0.116220,584.478148,127.508957,1255.518079,39.391197,-8.282487,88496.863724,-0.102675,0.045626,0.029719,-219.449216,0.000000
98.200000,72.563824,26.726743,0.116243,584.265249,127.089161,1254.558184,39.391193,-8.282490,88506.859632,-0.102693,0.045649,0.029713,-219.449023,0.000000
98.240000,72.563875,26.725778,0.116267,584.052185,126.669439,1253.598338,39.391189,-8.282492,88516.855044,-0.102711,0.045672,0.029706,-219.448830,0.000000
98.280000,72.563925,26.724813,0.116290,583.838958,126.249789,1252.638538,39.391185,-8.282495,88526.849962,-0.102729,0.045695,0.029700,-219.448637,0.000000
98.320000,72.563974,26.723850,0.116312,583.625565,125.830213,1251.678787,39.391182,-8.282497,88536.844384,-0.102746,0.045717,0.029694,-219.448444,0.000000
98.360000,72.564023,26.722887,0.116335,583.412009,125.410710,1250.719082,39.391178,-8.282499,88546.838312,-0.102764,0.045740,0.029687,-219.448252,0.000000
98.400000,72.564072,26.721925,0.116357,583.198288,124.991280,1249.759426,39.391174,-8.282502,88556.831746,-0.102781,0.045762,0.029681,-219.448059,0.000000
98.440000,72.564120,26.720963,0.116379,582.984402,124.571924,1248.799817,39.391170,-8.282504,88566.824684,-0.102797,0.045783,0.029675,-219.447867,0.000000
98.480000,72.564167,26.720003,0.116400,582.770352,124.152640,1247.840255,39.391167,-8.282507,88576.817129,-0.102814,0.045805,0.029668,-219.447675,0.000000
98.520000,72.564215,26.719043,0.116422,582.556138,123.733430,1246.880741,39.391163,-8.282509,88586.809079,-0.102831,0.045826,0.029662,-219.447483,0.000000
98.560000,72.564262,26.718084,0.116443,582.341759,123.314293,1245.921274,39.391159,-8.282512,88596.800535,-0.102847,0.045847,0.029656,-219.447292,0.000000
98.600000,72.564308,26.717126,0.116464,582.127215,122.895230,1244.961854,39.391155,-8.282514,88606.791496,-0.102863,0.045868,0.029650,-219.447100,0.000000
98.640000,72.564354,26.716168,0.116484,581.912507,122.476240,1244.002482,39.391152,-8.282517,88616.781964,-0.102879,0.045889,0.029643,-219.446909,0.000000
98.680000,72.564399,26.715212,0.116504,581.697634,122.057323,1243.043158,39.391148,-8.282519,88626.771938,-0.102894,0.045909,0.029637,-219.446718,0.000000
98.720000,72.564445,26.714256,0.116524,581.482597,121.638480,1242.083881,39.391144,-8.282522,88636.761418,-0.102910,0.045929,0.029631,-219.446527,0.000000
98.760000,72.564489,26.713301,0.116544,581.267395,121.219710,1241.124651,39.391140,-8.282524,88646.750404,-0.102925,0.045949,0.029624,-219.446336,0.000000
98.800000,72.564534,26.712347,0.116563,581.052028,120.801014,1240.165469,39.391136,-8.282527,88656.738897,-0.102940,0.045969,0.029618,-219.446145,0.000000
98.840000,72.564578,26.711394,0.116583,580.836497,120.382391,1239.206334,39.391133,-8.282529,88666.726896,-0.102955,0.045989,0.029612,-219.445955,0.000000
98.880000,72.564621,26.710441,0.116602,580.620800,119.963842,1238.247247,39.391129,-8.282532,88676.714402,-0.102969,0.046008,0.029606,-219.445764,0.000000
98.920000,72.564664,26.709490,0.116620,580.404940,119.545367,1237.288206,39.391125,-8.282534,88686.701414,-0.102984,0.046027,0.029599,-219.445574,0.000000
98.960000,72.564707,26.708539,0.116639,580.188914,119.126965,1236.329214,39.391121,-8.282537,88696.687934,-0.102998,0.046046,0.029593,-219.445384,0.000000
99.000000,72.564749,26.707589,0.116657,579.972723,118.708637,1235.370268,39.391118,-8.282540,88706.673960,-0.103012,0.046065,0.029587,-219.445194,0.000000
99.040000,72.564791,26.706640,0.116675,579.756368,118.290382,1234.411370,39.391114,-8.282542,88716.659493,-0.103026,0.046083,0.029581,-219.445004,0.000000
99.080000,72.564833,26.705691,0.116693,579.539848,117.872202,1233.452519,39.391110,-8.282545,88726.644534,-0.103040,0.046102,0.029575,-219.444815,0.000000
99.120000,72.564874,26.704744,0.116710,579.323163,117.454095,1232.493716,39.391106,-8.282547,88736.629081,-0.103053,0.046120,0.029568,-219.444625,0.000000
99.160000,72.564915,26.703797,0.116727,579.106313,117.036062,1231.534960,39.391103,-8.282550,88746.613136,-0.103066,0.046138,0.029562,-219.444436,0.000000
99.200000,72.564956,26.702851,0.116744,578.889298,116.618102,1230.576251,39.391099,-8.282552,88756.596699,-0.103080,0.046155,0.029556,-219.444247,0.000000
99.240000,72.564996,26.701906,0.116761,578.672119,116.200217,1229.617589,39.391095,-8.282555,88766.579769,-0.103093,0.046173,0.029550,-219.444058,0.000000
99.280000,72.565035,26.700962,0.116778,578.454774,115.782405,1228.658975,39.391091,-8.282557,88776.562347,-0.103105,0.046190,0.029543,-219.443869,0.000000
99.320000,72.565075,26.700019,0.116794,578.237264,115.364667,1227.700408,39.391088,-8.282560,88786.544432,-0.103118,0.046207,0.029537,-219.443680,0.000000
99.360000,72.565114,26.699076,0.116810,578.019590,114.947004,1226.741888,39.391084,-8.282562,88796.526025,-0.103130,0.046224,0.029531,-219.443492,0.000000
99.400000,72.565153,26.698135,0.116826,577.801750,114.529414,1225.783416,39.391080,-8.282565,88806.507127,-0.103143,0.046241,0.029525,-219.443303,0.000000
99.440000,72.565191,26.697194,0.116842,577.583745,114.111898,1224.824991,39.391076,-8.282567,88816.487736,-0.103155,0.046258,0.029519,-219.443115,0.000000
99.480000,72.565229,26.696254,0.116857,577.365576,113.694456,1223.866613,39.391073,-8.282570,88826.467853,-0.103167,0.046274,0.029513,-219.442927,0.000000
99.520000,72.565267,26.695315,0.116873,577.147241,113.277088,1222.908282,39.391069,-8.282572,88836.447479,-0.103178,0.046290,0.029506,-219.442739,0.000000
99.560000,72.565304,26.694376,0.116888,576.928741,112.859795,1221.949998,39.391065,-8.282575,88846.426613,-0.103190,0.046306,0.029500,-219.442552,0.000000
99.600000,72.565341,26.693439,0.116902,576.710076,112.442575,1220.991762,39.391061,-8.282577,88856.405256,-0.103201,0.046322,0.029494,-219.442364,0.000000
99.640000,72.565378,26.692502,0.116917,576.491246,112.025430,1220.033573,39.391058,-8.282580,88866.383407,-0.103213,0.046338,0.029488,-219.442176,0.000000
99.680000,72.565414,26.691567,0.116931,576.272251,111.608358,1219.075431,39.391054,-8.282583,88876.361067,-0.103224,0.046353,0.029482,-219.441989,0.000000
99.720000,72.565450,26.690632,0.116946,576.053091,111.191361,1218.117336,39.391050,-8.282585,88886.338236,-0.103235,0.046369,0.029476,-219.441802,0.000000
99.760000,72.565486,26.689698,0.116960,575.833765,110.774438,1217.159288,39.391046,-8.282588,88896.314913,-0.103246,0.046384,0.029469,-219.441615,0.000000
99.800000,72.565521,26.688765,0.116973,575.614274,110.357589,1216.201288,39.391043,-8.282590,88906.291100,-0.103256,0.046399,0.029463,-219.441428,0.000000
99.840000,72.565556,26.687833,0.116987,575.394618,109.940815,1215.243334,39.391039,-8.282593,88916.266795,-0.103267,0.046413,0.029457,-219.441242,0.000000
99.880000,72.565591,26.686901,0.117000,575.174797,109.524115,1214.285428,39.391035,-8.282595,88926.242000,-0.103277,0.046428,0.029451,-219.441055,0.000000
99.920000,72.565625,26.685971,0.117014,574.954811,109.107489,1213.327569,39.391031,-8.282598,88936.216714,-0.103287,0.046443,0.029445,-219.440869,0.000000
99.960000,72.565660,26.685041,0.117027,574.734659,108.690937,1212.369757,39.391028,-8.282600,88946.190938,-0.103297,0.046457,0.029439,-219.440683,0.000000
100.000000,72.565693,26.684112,0.117039,574.514342,108.274459,1211.411992,39.391024,-8.282603,88956.164671,-0.103307,0.046471,0.029433,-219.440496,0.000000
100.040000,72.565727,26.683184,0.117052,574.293860,107.858056,1210.454274,39.391020,-8.282606,88966.137914,-0.103317,0.046485,0.029427,-219.440311,0.000000
100.080000,72.565760,26.682257,0.117064,574.073212,107.441728,1209.496603,39.391016,-8.282608,88976.110666,-0.103327,0.046499,0.029420,-219.440125,0.000000
100.120000,72.565793,26.681331,0.117077,573.852399,107.025474,1208.538980,39.391013,-8.282611,88986.082928,-0.103336,0.046513,0.029414,-219.439939,0.000000
100.160000,72.565826,26.680406,0.117089,573.631421,106.609294,1207.581403,39.391009,-8.282613,88996.054700,-0.103345,0.046526,0.029408,-219.439754,0.000000
100.200000,72.565858,26.679481,0.117101,573.410278,106.193188,1206.623874,39.391005,-8.282616,89006.025982,-0.103355,0.046539,0.029402,-219.439568,0.000000
100.240000,72.565890,26.678558,0.117112,573.188969,105.777157,1205.666391,39.391001,-8.282618,89015.996774,-0.103364,0.046553,0.029396,-219.439383,0.000000
100.280000,72.565922,26.677635,0.117124,572.967494,105.361201,1204.708956,39.390998,-8.282621,89025.967077,-0.103373,0.046566,0.029390,-219.439198,0.000000
100.320000,72.565954,26.676713,0.117135,572.745855,104.945319,1203.751567,39.390994,-8.282624,89035.936889,-0.103381,0.046579,0.029384,-219.439013,0.000000
100.360000,72.565985,26.675792,0.117146,572.524049,104.529512,1202.794226,39.390990,-8.282626,89045.906213,-0.103390,0.046591,0.029378,-219.438828,0.000000
100.400000,72.566016,26.674872,0.117157,572.302079,104.113779,1201.836931,39.390986,-8.282629,89055.875046,-0.103398,0.046604,0.029372,-219.438644,0.000000
100.440000,72.566047,26.673953,0.117168,572.079943,103.698121,1200.879684,39.390983,-8.282631,89065.843390,-0.103407,0.046616,0.029366,-219.438459,0.000000
100.480000,72.566077,26.673035,0.117179,571.857641,103.282537,1199.922483,39.390979,-8.282634,89075.811245,-0.103415,0.046629,0.029360,-219.438275,0.000000
100.520000,72.566107,26.672118,0.117189,571.635175,102.867028,1198.965330,39.390975,-8.282637,89085.778611,-0.103423,0.046641,0.029353,-219.438091,0.000000
100.560000,72.566137,26.671201,0.117200,571.412542,102.451593,1198.008223,39.390971,-8.282639,89095.745488,-0.103431,0.046653,0.029347,-219.437907,0.000000
100.600000,72.566167,26.670286,0.117210,571.189744,102.036234,1197.051164,39.390968,-8.282642,89105.711876,-0.103439,0.046665,0.029341,-219.437723,0.000000
100.640000,72.566196,26.669371,0.117220,570.966781,101.620948,1196.094151,39.390964,-8.282644,89115.677774,-0.103447,0.046677,0.029335,-219.437539,0.000000
100.680000,72.566225,26.668457,0.117230,570.743652,101.205738,1195.137186,39.390960,-8.282647,89125.643185,-0.103454,0.046688,0.029329,-219.437355,0.000000
100.720000,72.566254,26.667544,0.117239,570.520358,100.790602,1194.180267,39.390956,-8.282650,89135.608106,-0.103462,0.046700,0.029323,-219.437172,0.000000
100.760000,72.566283,26.666632,0.117249,570.296898,100.375541,1193.223395,39.390953,-8.282652,89145.572539,-0.103469,0.046711,0.029317,-219.436989,0.000000
100.800000,72.566311,26.665721,0.117258,570.073272,99.960555,1192.266570,39.390949,-8.282655,89155.536483,-0.103476,0.046722,0.029311,-219.436805,0.000000
100.840000,72.566339,26.664811,0.117267,569.849481,99.545643,1191.309792,39.390945,-8.282657,89165.499939,-0.103483,0.046734,0.029305,-219.436622,0.000000
100.880000,72.566367,26.663901,0.117276,569.625524,99.130806,1190.353061,39.390942,-8.282660,89175.462907,-0.103490,0.046745,0.029299,-219.436439,0.000000
100.920000,72.566395,26.662993,0.117285,569.401402,98.716044,1189.396377,39.390938,-8.282663,89185.425386,-0.103497,0.046755,0.029293,-219.436257,0.000000
100.960000,72.566422,26.662085,0.117294,569.177114,98.301357,1188.439739,39.390934,-8.282665,89195.387378,-0.103504,0.046766,0.029287,-219.436074,0.000000
101.000000,72.566449,26.661179,0.117303,568.952661,97.886745,1187.483149,39.390930,-8.282668,89205.348881,-0.103511,0.046777,0.029281,-219.435891,0.000000
101.040000,72.566476,26.660273,0.117311,568.728042,97.472207,1186.526605,39.390927,-8.282670,89215.309897,-0.103517,0.046787,0.029275,-219.435709,0.000000
101.080000,72.566503,26.659368,0.117319,568.503257,97.057745,1185.570108,39.390923,-8.282673,89225.270425,-0.103524,0.046797,0.029269,-219.435527,0.000000
101.120000,72.566529,26.658464,0.117327,568.278307,96.643357,1184.613658,39.390919,-8.282676,89235.230465,-0.103530,0.046808,0.029263,-219.435345,0.000000
101.160000,72.566555,26.657561,0.117335,568.053191,96.229044,1183.657255,39.390915,-8.282678,89245.190018,-0.103536,0.046818,0.029257,-219.435163,0.000000
101.200000,72.566581,26.656659,0.117343,567.827909,95.814806,1182.700899,39.390912,-8.282681,89255.149083,-0.103542,0.046828,0.029251,-219.434981,0.000000
101.240000,72.566607,26.655758,0.117351,567.602462,95.400643,1181.744589,39.390908,-8.282684,89265.107661,-0.103548,0.046838,0.029245,-219.434799,0.000000
101.280000,72.566633,26.654858,0.117359,567.376849,94.986555,1180.788326,39.390904,-8.282686,89275.065751,-0.103554,0.046847,0.029239,-219.434617,0.000000
101.320000,72.566658,26.653958,0.117366,567.151070,94.572542,1179.832110,39.390901,-8.282689,89285.023354,-0.103560,0.046857,0.029233,-219.434436,0.000000
101.360000,72.566683,26.653060,0.117373,566.925126,94.158604,1178.875941,39.390897,-8.282691,89294.980471,-0.103566,0.046866,0.029227,-219.434255,0.000000
101.400000,72.566708,26.652162,0.117381,566.699016,93.744740,1177.919819,39.390893,-8.282694,89304.937100,-0.103571,0.046876,0.029221,-219.434073,0.000000
101.440000,72.566733,26.651266,0.117388,566.472740,93.330952,1176.963743,39.390889,-8.282697,89314.893242,-0.103577,0.046885,0.029215,-219.433892,0.000000
101.480000,72.566757,26.650370,0.117394,566.246299,92.917239,1176.007714,39.390886,-8.282699,89324.848898,-0.103582,0.046894,0.029209,-219.433711,0.000000
101.520000,72.566781,26.649475,0.117401,566.019692,92.503601,1175.051732,39.390882,-8.282702,89334.804067,-0.103587,0.046903,0.029203,-219.433531,0.000000
101.560000,72.566806,26.648581,0.117408,565.792919,92.090038,1174.095796,39.390878,-8.282705,89344.758749,-0.103592,0.046912,0.029197,-219.433350,0.000000
101.600000,72.566829,26.647688,0.117414,565.565980,91.676550,1173.139907,39.390874,-8.282707,89354.712945,-0.103597,0.046921,0.029191,-219.433169,0.000000
101.640000,72.566853,26.646796,0.117421,565.338876,91.263137,1172.184065,39.390871,-8.282710,89364.666655,-0.103602,0.046930,0.029185,-219.432989,0.000000
101.680000,72.566876,26.645905,0.117427,565.111605,90.849799,1171.228270,39.390867,-8.282713,89374.619878,-0.103607,0.046938,0.029180,-219.432809,0.000000
101.720000,72.566900,26.645015,0.117433,564.884169,90.436536,1170.272521,39.390863,-8.282715,89384.572615,-0.103612,0.046947,0.029174,-219.432629,0.000000
101.760000,72.566923,26.644125,0.117439,564.656568,90.023348,1169.316819,39.390860,-8.282718,89394.524866,-0.103616,0.046955,0.029168,-219.432448,0.000000
101.800000,72.566946,26.643237,0.117445,564.428800,89.610236,1168.361164,39.390856,-8.282720,89404.476631,-0.103621,0.046964,0.029162,-219.432269,0.000000
101.840000,72.566968,26.642350,0.117451,564.200867,89.197198,1167.405555,39.390852,-8.282723,89414.427910,-0.103626,0.046972,0.029156,-219.432089,0.000000
101.880000,72.566991,26.641463,0.117456,563.972767,88.784236,1166.449993,39.390848,-8.282726,89424.378703,-0.103630,0.046980,0.029150,-219.431909,0.000000
101.920000,72.567013,26.640577,0.117462,563.744503,88.371349,1165.494478,39.390845,-8.282728,89434.329011,-0.103634,0.046988,0.029144,-219.431730,0.000000
101.960000,72.567035,26.639693,0.117467,563.516072,87.958537,1164.539009,39.390841,-8.282731,89444.278833,-0.103638,0.046996,0.029138,-219.431550,0.000000
102.000000,72.567057,26.638809,0.117472,563.287475,87.545800,1163.583587,39.390837,-8.282734,89454.228170,-0.103642,0.047003,0.029132,-219.431371,0.000000
102.040000,72.567079,26.637926,0.117478,563.058713,87.133139,1162.628211,39.390834,-8.282736,89464.177021,-0.103646,0.047011,0.029126,-219.431192,0.000000
102.080000,72.567100,26.637044,0.117483,562.829784,86.720553,1161.672882,39.390830,-8.282739,89474.125387,-0.103650,0.047019,0.029120,-219.431013,0.000000
102.120000,72.567121,26.636163,0.117487,562.600690,86.308042,1160.717600,39.390826,-8.282742,89484.073267,-0.103654,0.047026,0.029114,-219.430834,0.000000
102.160000,72.567143,26.635283,0.117492,562.371430,85.895606,1159.762364,39.390822,-8.282744,89494.020663,-0.103658,0.047034,0.029109,-219.430655,0.000000
102.200000,72.567164,26.634404,0.117497,562.142005,85.483245,1158.807175,39.390819,-8.282747,89503.967574,-0.103662,0.047041,0.029103,-219.430476,0.000000
102.240000,72.567184,26.633526,0.117502,561.912413,85.070960,1157.852032,39.390815,-8.282750,89513.913999,-0.103665,0.047048,0.029097,-219.430298,0.000000
102.280000,72.567205,26.632649,0.117506,561.682655,84.658750,1156.896936,39.390811,-8.282752,89523.859940,-0.103669,0.047055,0.029091,-219.430119,0.000000
102.320000,72.567225,26.631772,0.117510,561.452732,84.246615,1155.941887,39.390808,-8.282755,89533.805396,-0.103672,0.047062,0.029085,-219.429941,0.000000
102.360000,72.567246,26.630897,0.117515,561.222643,83.834556,1154.986884,39.390804,-8.282758,89543.750368,-0.103675,0.047069,0.029079,-219.429763,0.000000
102.400000,72.567266,26.630022,0.117519,560.992388,83.422572,1154.031927,39.390800,-8.282760,89553.694855,-0.103679,0.047076,0.029073,-219.429585,0.000000
102.440000,72.567286,26.629149,0.117523,560.761967,83.010663,1153.077017,39.390797,-8.282763,89563.638858,-0.103682,0.047083,0.029067,-219.429407,0.000000
102.480000,72.567306,26.628276,0.117527,560.531380,82.598829,1152.122154,39.390793,-8.282766,89573.582376,-0.103685,0.047089,0.029061,-219.429229,0.000000
102.520000,72.567325,26.627405,0.117531,560.300627,82.187071,1151.167337,39.390789,-8.282769,89583.525410,-0.103688,0.047096,0.029056,-219.429051,0.000000
102.560000,72.567345,26.626534,0.117534,560.069708,81.775388,1150.212566,39.390785,-8.282771,89593.467960,-0.103691,0.047103,0.029050,-219.428873,0.000000
102.600000,72.567364,26.625664,0.117538,559.838624,81.363781,1149.257842,39.390782,-8.282774,89603.410026,-0.103694,0.047109,0.029044,-219.428696,0.000000
102.640000,72.567383,26.624795,0.117542,559.607373,80.952249,1148.303165,39.390778,-8.282777,89613.351608,-0.103696,0.047115,0.029038,-219.428518,0.000000
102.680000,72.567402,26.623927,0.117545,559.375957,80.540792,1147.348534,39.390774,-8.282779,89623.292707,-0.103699,0.047122,0.029032,-219.428341,0.000000
102.720000,72.567421,26.623060,0.117548,559.144374,80.129411,1146.393949,39.390771,-8.282782,89633.233321,-0.103702,0.047128,0.029026,-219.428164,0.000000
102.760000,72.567439,26.622194,0.117552,558.912626,79.718105,1145.439411,39.390767,-8.282785,89643.173452,-0.103704,0.047134,0.029020,-219.427987,0.000000
102.800000,72.567458,26.621329,0.117555,558.680712,79.306875,1144.484919,39.390763,-8.282787,89653.113100,-0.103707,0.047140,0.029015,-219.427810,0.000000
102.840000,72.567476,26.620465,0.117558,558.448632,78.895720,1143.530474,39.390760,-8.282790,89663.052264,-0.103709,0.047146,0.029009,-219.427633,0.000000
102.880000,72.567494,26.619602,0.117561,558.216385,78.484640,1142.576075,39.390756,-8.282793,89672.990944,-0.103711,0.047152,0.029003,-219.427456,0.000000
102.920000,72.567512,26.618740,0.117564,557.983973,78.073636,1141.621723,39.390752,-8.282795,89682.929142,-0.103714,0.047157,0.028997,-219.427280,0.000000
102.960000,72.567530,26.617878,0.117566,557.751395,77.662707,1140.667417,39.390748,-8.282798,89692.866856,-0.103716,0.047163,0.028991,-219.427103,0.000000
103.000000,72.567548,26.617018,0.117569,557.518652,77.251854,1139.713157,39.390745,-8.282801,89702.804087,-0.103718,0.047169,0.028986,-219.426927,0.000000
103.040000,72.567566,26.616158,0.117572,557.285742,76.841076,1138.758944,39.390741,-8.282804,89712.740835,-0.103720,0.047174,0.028980,-219.426751,0.000000
103.080000,72.567583,26.615300,0.117574,557.052666,76.430374,1137.804777,39.390737,-8.282806,89722.677101,-0.103722,0.047179,0.028974,-219.426575,0.000000
103.120000,72.567600,26.614442,0.117576,556.819424,76.019747,1136.850656,39.390734,-8.282809,89732.612883,-0.103724,0.047185,0.028968,-219.426399,0.000000
103.160000,72.567618,26.613586,0.117579,556.586016,75.609196,1135.896582,39.390730,-8.282812,89742.548183,-0.103726,0.047190,0.028962,-219.426223,0.000000
103.200000,72.567635,26.612730,0.117581,556.352443,75.198720,1134.942554,39.390726,-8.282814,89752.483001,-0.103728,0.047195,0.028956,-219.426047,0.000000
103.240000,72.567652,26.611875,0.117583,556.118703,74.788320,1133.988572,39.390723,-8.282817,89762.417336,-0.103729,0.047201,0.028951,-219.425871,0.000000
103.280000,72.567668,26.611022,0.117585,555.884797,74.377995,1133.034637,39.390719,-8.282820,89772.351189,-0.103731,0.047206,0.028945,-219.425695,0.000000
103.320000,72.567685,26.610169,0.117587,555.650726,73.967746,1132.080748,39.390715,-8.282823,89782.284559,-0.103732,0.047211,0.028939,-219.425520,0.000000
103.360000,72.567701,26.609317,0.117589,555.416488,73.557572,1131.126906,39.390711,-8.282825,89792.217447,-0.103734,0.047216,0.028933,-219.425345,0.000000
103.400000,72.567718,26.608466,0.117591,555.182085,73.147474,1130.173109,39.390708,-8.282828,89802.149853,-0.103735,0.047220,0.028927,-219.425169,0.000000
103.440000,72.567734,26.607616,0.117593,554.947515,72.737452,1129.219359,39.390704,-8.282831,89812.081777,-0.103737,0.047225,0.028922,-219.424994,0.000000
103.480000,72.567750,26.606767,0.117594,554.712780,72.327505,1128.265655,39.390700,-8.282834,89822.013219,-0.103738,0.047230,0.028916,-219.424819,0.000000
103.520000,72.567766,26.605919,0.117596,554.477878,71.917633,1127.311998,39.390697,-8.282836,89831.944180,-0.103739,0.047235,0.028910,-219.424644,0.000000
103.560000,72.567782,26.605072,0.117597,554.242811,71.507837,1126.358387,39.390693,-8.282839,89841.874659,-0.103741,0.047239,0.028904,-219.424469,0.000000
103.600000,72.567798,26.604226,0.117599,554.007577,71.098117,1125.404822,39.390689,-8.282842,89851.804656,-0.103742,0.047244,0.028899,-219.424294,0.000000
103.640000,72.567813,26.603381,0.117600,553.772178,70.688472,1124.451303,39.390686,-8.282845,89861.734171,-0.103743,0.047248,0.028893,-219.424120,0.000000
103.680000,72.567829,26.602536,0.117601,553.536613,70.278903,1123.497830,39.390682,-8.282847,89871.663206,-0.103744,0.047252,0.028887,-219.423945,0.000000
103.720000,72.567844,26.601693,0.117602,553.300881,69.869410,1122.544404,39.390678,-8.282850,89881.591759,-0.103745,0.047257,0.028881,-219.423771,0.000000
103.760000,72.567859,26.600851,0.117603,553.064984,69.459992,1121.591024,39.390675,-8.282853,89891.519830,-0.103746,0.047261,0.028876,-219.423596,0.000000
103.800000,72.567874,26.600009,0.117604,552.828920,69.050649,1120.637690,39.390671,-8.282855,89901.447421,-0.103746,0.047265,0.028870,-219.423422,0.000000
103.840000,72.567889,26.599169,0.117605,552.592691,68.641383,1119.684402,39.390667,-8.282858,89911.374531,-0.103747,0.047269,0.028864,-219.423248,0.000000
103.880000,72.567904,26.598329,0.117606,552.356296,68.232192,1118.731161,39.390664,-8.282861,89921.301159,-0.103748,0.047273,0.028858,-219.423074,0.000000
103.920000,72.567919,26.597491,0.117607,552.119734,67.823076,1117.777965,39.390660,-8.282864,89931.227307,-0.103749,0.047277,0.028853,-219.422900,0.000000
103.960000,72.567933,26.596653,0.117608,551.883007,67.414037,1116.824816,39.390656,-8.282867,89941.152974,-0.103749,0.047281,0.028847,-219.422726,0.000000
104.000000,72.567948,26.595817,0.117608,551.646114,67.005073,1115.871713,39.390653,-8.282869,89951.078161,-0.103750,0.047285,0.028841,-219.422552,0.000000
104.040000,72.567962,26.594981,0.117609,551.409054,66.596184,1114.918656,39.390649,-8.282872,89961.002867,-0.103750,0.047289,0.028835,-219.422379,0.000000
104.080000,72.567976,26.594146,0.117609,551.171829,66.187371,1113.965645,39.390645,-8.282875,89970.927092,-0.103751,0.047293,0.028830,-219.422205,0.000000
104.120000,72.567991,26.593313,0.117610,550.934437,65.778634,1113.012681,39.390642,-8.282878,89980.850837,-0.103751,0.047297,0.028824,-219.422032,0.000000
104.160000,72.568005,26.592480,0.117610,550.696880,65.369973,1112.059762,39.390638,-8.282880,89990.774115,-0.103751,0.047300,0.028818,-219.421858,0.000000
104.200000,72.568129,26.591648,0.117398,550.459157,64.961387,1111.106890,39.390634,-8.282883,90000.724248,-0.103571,0.047170,0.028817,-219.421877,0.000000
104.240000,72.569714,26.590819,0.114391,550.221268,64.552876,1110.154063,39.390630,-8.282886,90011.036102,-0.101003,0.045269,0.028884,-219.424458,0.000000
104.280000,72.571289,26.589995,0.111423,549.983218,64.144438,1109.201283,39.390627,-8.282889,90021.347497,-0.098460,0.043388,0.028952,-219.427072,0.000000
104.320000,72.572855,26.589175,0.108496,549.745010,63.736069,1108.248550,39.390623,-8.282891,90031.658370,-0.095942,0.041524,0.029021,-219.429714,0.000000
104.360000,72.574410,26.588359,0.105609,549.506649,63.327767,1107.295862,39.390619,-8.282894,90041.968741,-0.093449,0.039679,0.029090,-219.432383,0.000000
104.400000,72.575955,26.587548,0.102764,549.268139,62.919528,1106.343222,39.390616,-8.282897,90052.278608,-0.090980,0.037852,0.029160,-219.435077,0.000000
104.440000,72.577490,26.586740,0.099959,549.029482,62.511350,1105.390627,39.390612,-8.282900,90062.587969,-0.088535,0.036042,0.029231,-219.437792,0.000000
104.480000,72.579015,26.585937,0.097196,548.790684,62.103229,1104.438080,39.390608,-8.282902,90072.896825,-0.086113,0.034250,0.029302,-219.440526,0.000000
104.520000,72.580531,26.585137,0.094476,548.551749,61.695163,1103.485580,39.390605,-8.282905,90083.205174,-0.083715,0.032476,0.029373,-219.443278,0.000000
104.560000,72.582036,26.584340,0.091799,548.312679,61.287149,1102.533126,39.390601,-8.282908,90093.513013,-0.081341,0.030719,0.029445,-219.446045,0.000000
104.600000,72.583531,26.583547,0.089165,548.073479,60.879184,1101.580720,39.390597,-8.282911,90103.820343,-0.078989,0.028979,0.029517,-219.448825,0.000000
104.640000,72.585016,26.582758,0.086575,547.834153,60.471266,1100.628361,39.390594,-8.282914,90114.127162,-0.076661,0.027255,0.029590,-219.451616,0.000000
104.680000,72.586492,26.581971,0.084031,547.594704,60.063391,1099.676049,39.390590,-8.282916,90124.433468,-0.074355,0.025549,0.029662,-219.454415,0.000000
104.720000,72.587957,26.581188,0.081534,547.355136,59.655557,1098.723785,39.390586,-8.282919,90134.739261,-0.072072,0.023859,0.029735,-219.457222,0.000000
104.760000,72.589413,26.580408,0.079084,547.115453,59.247761,1097.771568,39.390583,-8.282922,90145.044539,-0.069810,0.022186,0.029808,-219.460035,0.000000
104.800000,72.590858,26.579631,0.076682,546.875658,58.840001,1096.819399,39.390579,-8.282925,90155.349301,-0.067571,0.020529,0.029881,-219.462851,0.000000
104.840000,72.592294,26.578857,0.074331,546.635755,58.432274,1095.867277,39.390575,-8.282928,90165.653545,-0.065354,0.018888,0.029954,-219.465669,0.000000
104.880000,72.593720,26.578086,0.072032,546.395748,58.024577,1094.915204,39.390572,-8.282930,90175.957271,-0.063158,0.017263,0.030028,-219.468488,0.000000
104.920000,72.595136,26.577317,0.069786,546.155639,57.616907,1093.963179,39.390568,-8.282933,90186.260476,-0.060983,0.015654,0.030101,-219.471306,0.000000
104.960000,72.596542,26.576551,0.067595,545.915433,57.209263,1093.011202,39.390564,-8.282936,90196.563161,-0.058830,0.014061,0.030174,-219.474121,0.000000
105.000000,72.597938,26.575788,0.065462,545.675133,56.801641,1092.059273,39.390561,-8.282939,90206.865323,-0.056698,0.012483,0.030247,-219.476932,0.000000
105.040000,72.599324,26.575027,0.063389,545.434742,56.394039,1091.107392,39.390557,-8.282942,90217.166961,-0.054586,0.010920,0.030319,-219.479738,0.000000
105.080000,72.600701,26.574268,0.061378,545.194264,55.986454,1090.155561,39.390553,-8.282944,90227.468074,-0.052495,0.009373,0.030392,-219.482538,0.000000
105.120000,72.602068,26.573513,0.059432,544.953701,55.578885,1089.203777,39.390550,-8.282947,90237.768661,-0.050424,0.007840,0.030464,-219.485330,0.000000
105.160000,72.603425,26.572759,0.057554,544.713058,55.171328,1088.252043,39.390546,-8.282950,90248.068720,-0.048373,0.006323,0.030537,-219.488113,0.000000
105.200000,72.604772,26.572007,0.055747,544.472338,54.763781,1087.300357,39.390542,-8.282953,90258.368251,-0.046343,0.004820,0.030609,-219.490886,0.000000
105.240000,72.606110,26.571258,0.054015,544.231543,54.356242,1086.348720,39.390539,-8.282956,90268.667252,-0.044332,0.003332,0.030680,-219.493648,0.000000
105.280000,72.607438,26.570511,0.052362,543.990678,53.948708,1085.397133,39.390535,-8.282958,90278.965721,-0.042340,0.001859,0.030751,-219.496398,0.000000
105.320000,72.608757,26.569766,0.050791,543.749745,53.541177,1084.445594,39.390531,-8.282961,90289.263658,-0.040368,0.000400,0.030822,-219.499135,0.000000
105.360000,72.610066,26.569024,0.049307,543.508747,53.133647,1083.494105,39.390528,-8.282964,90299.561061,-0.038415,-0.001045,0.030893,-219.501858,0.000000
105.400000,72.611365,26.568283,0.047914,543.267687,52.726115,1082.542665,39.390524,-8.282967,90309.857929,-0.036482,-0.002476,0.030963,-219.504566,0.000000
105.440000,72.612655,26.567544,0.046616,543.026570,52.318579,1081.591275,39.390520,-8.282970,90320.154262,-0.034567,-0.003893,0.031033,-219.507258,0.000000
105.480000,72.613935,26.566807,0.045417,542.785397,51.911037,1080.639935,39.390517,-8.282972,90330.450056,-0.032670,-0.005296,0.031102,-219.509933,0.000000
105.520000,72.615206,26.566072,0.044322,542.544171,51.503486,1079.688644,39.390513,-8.282975,90340.745312,-0.030792,-0.006685,0.031171,-219.512592,0.000000
105.560000,72.616467,26.565339,0.043336,542.302897,51.095925,1078.737403,39.390509,-8.282978,90351.040029,-0.028933,-0.008061,0.031239,-219.515232,0.000000
105.600000,72.617719,26.564608,0.042460,542.061576,50.688351,1077.786212,39.390506,-8.282981,90361.334204,-0.027091,-0.009424,0.031307,-219.517854,0.000000
105.640000,72.618962,26.563879,0.041700,541.820212,50.280762,1076.835071,39.390502,-8.282984,90371.627838,-0.025268,-0.010773,0.031374,-219.520456,0.000000
105.680000,72.620196,26.563151,0.041056,541.578807,49.873155,1075.883981,39.390498,-8.282986,90381.920928,-0.023462,-0.012109,0.031441,-219.523038,0.000000
105.720000,72.621420,26.562425,0.040532,541.337365,49.465529,1074.932940,39.390495,-8.282989,90392.213474,-0.021673,-0.013432,0.031507,-219.525600,0.000000
105.760000,72.622635,26.561701,0.040129,541.095888,49.057882,1073.981951,39.390491,-8.282992,90402.505474,-0.019902,-0.014742,0.031573,-219.528140,0.000000
105.800000,72.623840,26.560979,0.039845,540.854380,48.650211,1073.031011,39.390487,-8.282995,90412.796927,-0.018149,-0.016040,0.031638,-219.530659,0.000000
105.840000,72.625037,26.560259,0.039681,540.612842,48.242515,1072.080122,39.390484,-8.282998,90423.087833,-0.016412,-0.017325,0.031702,-219.533156,0.000000
105.880000,72.626224,26.559540,0.039634,540.371278,47.834790,1071.129284,39.390480,-8.283001,90433.378189,-0.014693,-0.018597,0.031766,-219.535630,0.000000
105.920000,72.627403,26.558822,0.039701,540.129690,47.427036,1070.178497,39.390476,-8.283003,90443.667996,-0.012990,-0.019857,0.031830,-219.538081,0.000000
105.960000,72.628572,26.558107,0.039878,539.888082,47.019251,1069.227761,39.390473,-8.283006,90453.957251,-0.011303,-0.021104,0.031892,-219.540509,0.000000
106.000000,72.629732,26.557393,0.040161,539.646456,46.611431,1068.277076,39.390469,-8.283009,90464.245955,-0.009633,-0.022340,0.031954,-219.542913,0.000000
106.040000,72.630884,26.556681,0.040545,539.404814,46.203576,1067.326442,39.390465,-8.283012,90474.534104,-0.007980,-0.023563,0.032016,-219.545293,0.000000
106.080000,72.632026,26.555970,0.041023,539.163160,45.795683,1066.375859,39.390462,-8.283015,90484.821700,-0.006342,-0.024774,0.032076,-219.547648,0.000000
106.120000,72.633160,26.555261,0.041589,538.921495,45.387750,1065.425327,39.390458,-8.283017,90495.108740,-0.004721,-0.025974,0.032136,-219.549979,0.000000
106.160000,72.634284,26.554553,0.042238,538.679823,44.979776,1064.474847,39.390454,-8.283020,90505.395224,-0.003115,-0.027162,0.032196,-219.552284,0.000000
106.200000,72.635400,26.553847,0.042962,538.438145,44.571758,1063.524418,39.390451,-8.283023,90515.681150,-0.001525,-0.028338,0.032254,-219.554564,0.000000
106.240000,72.636508,26.553143,0.043755,538.196466,44.163695,1062.574041,39.390447,-8.283026,90525.966517,0.000050,-0.029503,0.032312,-219.556819,0.000000
106.280000,72.637606,26.552440,0.044612,537.954786,43.755585,1061.623716,39.390443,-8.283029,90536.251325,0.001609,-0.030657,0.032370,-219.559047,0.000000
106.320000,72.638696,26.551739,0.045526,537.713109,43.347426,1060.673443,39.390440,-8.283031,90546.535573,0.003153,-0.031799,0.032426,-219.561250,0.000000
106.360000,72.639777,26.551040,0.046491,537.471437,42.939216,1059.723221,39.390436,-8.283034,90556.819259,0.004682,-0.032930,0.032482,-219.563427,0.000000
106.400000,72.640850,26.550342,0.047502,537.229773,42.530953,1058.773051,39.390432,-8.283037,90567.102383,0.006197,-0.034050,0.032538,-219.565577,0.000000
106.440000,72.641914,26.549645,0.048555,536.988118,42.122636,1057.822934,39.390429,-8.283040,90577.384943,0.007696,-0.035159,0.032592,-219.567701,0.000000
106.480000,72.642970,26.548950,0.049645,536.746476,41.714262,1056.872868,39.390425,-8.283043,90587.666939,0.009181,-0.036257,0.032646,-219.569799,0.000000
106.520000,72.644018,26.548257,0.050767,536.504848,41.305831,1055.922855,39.390421,-8.283046,90597.948369,0.010651,-0.037345,0.032699,-219.571869,0.000000
106.560000,72.645057,26.547566,0.051918,536.263238,40.897339,1054.972894,39.390418,-8.283048,90608.229233,0.012107,-0.038422,0.032752,-219.573913,0.000000
106.600000,72.646087,26.546875,0.053094,536.021646,40.488787,1054.022985,39.390414,-8.283051,90618.509531,0.013549,-0.039488,0.032803,-219.575931,0.000000
106.640000,72.647110,26.546187,0.054291,535.780077,40.080171,1053.073129,39.390410,-8.283054,90628.789260,0.014977,-0.040544,0.032854,-219.577921,0.000000
106.680000,72.648124,26.545500,0.055507,535.538531,39.671490,1052.123326,39.390407,-8.283057,90639.068420,0.016390,-0.041590,0.032904,-219.579885,0.000000
106.720000,72.649130,26.544815,0.056740,535.297012,39.262742,1051.173575,39.390403,-8.283060,90649.347011,0.017791,-0.042625,0.032954,-219.581821,0.000000
106.760000,72.650128,26.544131,0.057985,535.055521,38.853927,1050.223877,39.390399,-8.283062,90659.625031,0.019177,-0.043650,0.033003,-219.583731,0.000000
106.800000,72.651118,26.543449,0.059243,534.814061,38.445041,1049.274232,39.390396,-8.283065,90669.902479,0.020550,-0.044666,0.033051,-219.585613,0.000000
106.840000,72.652100,26.542769,0.060509,534.572634,38.036085,1048.324639,39.390392,-8.283068,90680.179355,0.021909,-0.045671,0.033098,-219.587469,0.000000
106.880000,72.653073,26.542090,0.061783,534.331242,37.627055,1047.375100,39.390388,-8.283071,90690.455658,0.023255,-0.046667,0.033145,-219.589298,0.000000
106.920000,72.654039,26.541413,0.063064,534.089886,37.217950,1046.425613,39.390385,-8.283074,90700.731387,0.024588,-0.047653,0.033191,-219.591100,0.000000
106.960000,72.654997,26.540737,0.064348,533.848571,36.808769,1045.476180,39.390381,-8.283076,90711.006542,0.025908,-0.048629,0.033236,-219.592875,0.000000
107.000000,72.655947,26.540063,0.065635,533.607297,36.399511,1044.526800,39.390377,-8.283079,90721.281120,0.027216,-0.049595,0.033281,-219.594623,0.000000
107.040000,72.656890,26.539391,0.066925,533.366066,35.990173,1043.577473,39.390374,-8.283082,90731.555123,0.028510,-0.050553,0.033325,-219.596345,0.000000
107.080000,72.657824,26.538721,0.068215,533.124881,35.580754,1042.628200,39.390370,-8.283085,90741.828548,0.029792,-0.051500,0.033368,-219.598040,0.000000
107.120000,72.658751,26.538052,0.069505,532.883743,35.171252,1041.678979,39.390366,-8.283088,90752.101396,0.031061,-0.052439,0.033410,-219.599708,0.000000
107.160000,72.659671,26.537385,0.070793,532.642656,34.761667,1040.729813,39.390363,-8.283090,90762.373665,0.032318,-0.053368,0.033452,-219.601350,0.000000
107.200000,72.660582,26.536719,0.072080,532.401620,34.351997,1039.780699,39.390359,-8.283093,90772.645355,0.033562,-0.054289,0.033493,-219.602965,0.000000
107.240000,72.661486,26.536056,0.073363,532.160637,33.942239,1038.831640,39.390355,-8.283096,90782.916465,0.034795,-0.055200,0.033533,-219.604555,0.000000
107.280000,72.662383,26.535394,0.074644,531.919711,33.532393,1037.882634,39.390351,-8.283099,90793.186994,0.036015,-0.056102,0.033573,-219.606118,0.000000
107.320000,72.663272,26.534734,0.075920,531.678842,33.122458,1036.933682,39.390348,-8.283102,90803.456942,0.037224,-0.056996,0.033612,-219.607655,0.000000
107.360000,72.664154,26.534075,0.077192,531.438032,32.712431,1035.984783,39.390344,-8.283104,90813.726308,0.038420,-0.057881,0.033650,-219.609166,0.000000
107.400000,72.665028,26.533419,0.078459,531.197284,32.302312,1035.035939,39.390340,-8.283107,90823.995092,0.039605,-0.058757,0.033688,-219.610652,0.000000
107.440000,72.665895,26.532764,0.079720,530.956600,31.892099,1034.087148,39.390337,-8.283110,90834.263292,0.040779,-0.059624,0.033725,-219.612111,0.000000
107.480000,72.666755,26.532111,0.080976,530.715980,31.481790,1033.138411,39.390333,-8.283113,90844.530907,0.041940,-0.060483,0.033761,-219.613546,0.000000
107.520000,72.667608,26.531460,0.082225,530.475428,31.071384,1032.189728,39.390329,-8.283116,90854.797939,0.043091,-0.061334,0.033796,-219.614955,0.000000
107.560000,72.668453,26.530811,0.083467,530.234945,30.660881,1031.241100,39.390326,-8.283118,90865.064385,0.044230,-0.062176,0.033831,-219.616339,0.000000
107.600000,72.669292,26.530163,0.084703,529.994532,30.250278,1030.292525,39.390322,-8.283121,90875.330245,0.045358,-0.063010,0.033866,-219.617698,0.000000
107.640000,72.670123,26.529518,0.085931,529.754192,29.839574,1029.344005,39.390318,-8.283124,90885.595519,0.046476,-0.063836,0.033899,-219.619032,0.000000
107.680000,72.670947,26.528874,0.087152,529.513926,29.428768,1028.395539,39.390315,-8.283127,90895.860206,0.047582,-0.064654,0.033932,-219.620342,0.000000
107.720000,72.671765,26.528232,0.088366,529.273737,29.017858,1027.447127,39.390311,-8.283130,90906.124305,0.048677,-0.065464,0.033964,-219.621627,0.000000
107.760000,72.672575,26.527593,0.089572,529.033625,28.606844,1026.498769,39.390307,-8.283132,90916.387817,0.049762,-0.066266,0.033996,-219.622888,0.000000
107.800000,72.673379,26.526955,0.090770,528.793593,28.195724,1025.550466,39.390303,-8.283135,90926.650739,0.050836,-0.067060,0.034027,-219.624124,0.000000
107.840000,72.674175,26.526319,0.091959,528.553642,27.784496,1024.602218,39.390300,-8.283138,90936.913073,0.051899,-0.067846,0.034057,-219.625337,0.000000
107.880000,72.674965,26.525685,0.093141,528.313775,27.373160,1023.654024,39.390296,-8.283141,90947.174816,0.052953,-0.068624,0.034087,-219.626526,0.000000
107.920000,72.675748,26.525053,0.094314,528.073992,26.961714,1022.705884,39.390292,-8.283144,90957.435970,0.053995,-0.069395,0.034116,-219.627692,0.000000
107.960000,72.676525,26.524423,0.095478,527.834295,26.550157,1021.757799,39.390289,-8.283146,90967.696532,0.055028,-0.070158,0.034145,-219.628834,0.000000
108.000000,72.677295,26.523795,0.096635,527.594687,26.138488,1020.809769,39.390285,-8.283149,90977.956504,0.056051,-0.070914,0.034172,-219.629953,0.000000
108.040000,72.678058,26.523170,0.097782,527.355168,25.726705,1019.861793,39.390281,-8.283152,90988.215883,0.057063,-0.071662,0.034200,-219.631050,0.000000
108.080000,72.678815,26.522546,0.098921,527.115741,25.314808,1018.913872,39.390278,-8.283155,90998.474671,0.058066,-0.072403,0.034226,-219.632123,0.000000
108.120000,72.679565,26.521924,0.100051,526.876406,24.902795,1017.966006,39.390274,-8.283158,91008.732866,0.059059,-0.073137,0.034252,-219.633175,0.000000
108.160000,72.680309,26.521305,0.101172,526.637166,24.490664,1017.018194,39.390270,-8.283160,91018.990467,0.060042,-0.073864,0.034278,-219.634203,0.000000
108.200000,72.681047,26.520687,0.102285,526.398022,24.078416,1016.070438,39.390266,-8.283163,91029.247476,0.061015,-0.074583,0.034303,-219.635210,0.000000
108.240000,72.681778,26.520072,0.103388,526.158975,23.666048,1015.122736,39.390263,-8.283166,91039.503890,0.061979,-0.075295,0.034327,-219.636195,0.000000
108.280000,72.682502,26.519459,0.104483,525.920028,23.253560,1014.175089,39.390259,-8.283169,91049.759710,0.062933,-0.076001,0.034351,-219.637159,0.000000
108.320000,72.683221,26.518848,0.105569,525.681182,22.840950,1013.227497,39.390255,-8.283172,91060.014934,0.063878,-0.076699,0.034374,-219.638101,0.000000
108.360000,72.683933,26.518239,0.106646,525.442437,22.428218,1012.279960,39.390252,-8.283174,91070.269564,0.064814,-0.077391,0.034397,-219.639021,0.000000
108.400000,72.684640,26.517632,0.107714,525.203797,22.015362,1011.332479,39.390248,-8.283177,91080.523598,0.065741,-0.078076,0.034419,-219.639921,0.000000
108.440000,72.685340,26.517028,0.108773,524.965261,21.602380,1010.385052,39.390244,-8.283180,91090.777037,0.066658,-0.078754,0.034440,-219.640800,0.000000
108.480000,72.686034,26.516426,0.109823,524.726832,21.189273,1009.437680,39.390240,-8.283183,91101.029878,0.067567,-0.079425,0.034461,-219.641659,0.000000
108.520000,72.686721,26.515826,0.110865,524.488512,20.776039,1008.490364,39.390237,-8.283185,91111.282123,0.068467,-0.080090,0.034482,-219.642497,0.000000
108.560000,72.687403,26.515228,0.111897,524.250300,20.362676,1007.543103,39.390233,-8.283188,91121.533771,0.069358,-0.080748,0.034502,-219.643315,0.000000
108.600000,72.688079,26.514633,0.112921,524.012200,19.949185,1006.595896,39.390229,-8.283191,91131.784822,0.070240,-0.081400,0.034521,-219.644114,0.000000
108.640000,72.688750,26.514040,0.113936,523.774212,19.535563,1005.648746,39.390226,-8.283194,91142.035275,0.071113,-0.082045,0.034540,-219.644892,0.000000
108.680000,72.689414,26.513449,0.114942,523.536338,19.121810,1004.701650,39.390222,-8.283196,91152.285130,0.071978,-0.082684,0.034558,-219.645652,0.000000
108.720000,72.690072,26.512861,0.115940,523.298580,18.707924,1003.754610,39.390218,-8.283199,91162.534386,0.072834,-0.083317,0.034576,-219.646392,0.000000
108.760000,72.690725,26.512275,0.116928,523.060937,18.293906,1002.807625,39.390214,-8.283202,91172.783043,0.073682,-0.083943,0.034593,-219.647113,0.000000
108.800000,72.691372,26.511691,0.117908,522.823413,17.879752,1001.860695,39.390211,-8.283205,91183.031102,0.074522,-0.084563,0.034610,-219.647815,0.000000
108.840000,72.692013,26.511110,0.118880,522.586008,17.465464,1000.913821,39.390207,-8.283208,91193.278561,0.075354,-0.085178,0.034626,-219.648499,0.000000
108.880000,72.692649,26.510531,0.119842,522.348723,17.051039,999.967002,39.390203,-8.283210,91203.525421,0.076177,-0.085786,0.034642,-219.649165,0.000000
108.920000,72.693279,26.509955,0.120796,522.111560,16.636478,999.020238,39.390199,-8.283213,91213.771681,0.076992,-0.086388,0.034658,-219.649812,0.000000
108.960000,72.693904,26.509381,0.121742,521.874521,16.221777,998.073530,39.390196,-8.283216,91224.017341,0.077799,-0.086984,0.034673,-219.650442,0.000000
109.000000,72.694523,26.508809,0.122679,521.637606,15.806938,997.126878,39.390192,-8.283219,91234.262400,0.078598,-0.087574,0.034687,-219.651054,0.000000
109.040000,72.695137,26.508240,0.123608,521.400816,15.391959,996.180281,39.390188,-8.283221,91244.506859,0.079390,-0.088159,0.034701,-219.651649,0.000000
109.080000,72.695745,26.507674,0.124528,521.164154,14.976838,995.233739,39.390185,-8.283224,91254.750717,0.080173,-0.088738,0.034715,-219.652227,0.000000
109.120000,72.696348,26.507110,0.125440,520.927620,14.561576,994.287253,39.390181,-8.283227,91264.993973,0.080949,-0.089311,0.034728,-219.652787,0.000000
109.160000,72.696945,26.506548,0.126344,520.691215,14.146170,993.340823,39.390177,-8.283230,91275.236629,0.081718,-0.089878,0.034740,-219.653331,0.000000
109.200000,72.697537,26.505990,0.127239,520.454941,13.730621,992.394448,39.390173,-8.283232,91285.478682,0.082478,-0.090440,0.034753,-219.653858,0.000000
109.240000,72.698124,26.505433,0.128126,520.218800,13.314927,991.448129,39.390170,-8.283235,91295.720134,0.083232,-0.090996,0.034764,-219.654369,0.000000
109.280000,72.698706,26.504879,0.129006,519.982791,12.899088,990.501866,39.390166,-8.283238,91305.960985,0.083977,-0.091547,0.034776,-219.654864,0.000000
109.320000,72.699283,26.504328,0.129877,519.746917,12.483102,989.555658,39.390162,-8.283241,91316.201232,0.084716,-0.092092,0.034787,-219.655343,0.000000
109.360000,72.699854,26.503780,0.130740,519.511178,12.066969,988.609505,39.390158,-8.283243,91326.440878,0.085447,-0.092632,0.034797,-219.655807,0.000000
109.400000,72.700421,26.503234,0.131595,519.275576,11.650687,987.663409,39.390155,-8.283246,91336.679921,0.086171,-0.093167,0.034807,-219.656255,0.000000
109.440000,72.700982,26.502690,0.132442,519.040112,11.234257,986.717368,39.390151,-8.283249,91346.918361,0.086888,-0.093696,0.034817,-219.656688,0.000000
109.480000,72.701539,26.502149,0.133281,518.804787,10.817676,985.771383,39.390147,-8.283252,91357.156199,0.087598,-0.094220,0.034826,-219.657105,0.000000
109.520000,72.702090,26.501611,0.134112,518.569602,10.400945,984.825453,39.390143,-8.283254,91367.393433,0.088301,-0.094739,0.034835,-219.657508,0.000000
109.560000,72.702637,26.501076,0.134936,518.334558,9.984062,983.879579,39.390140,-8.283257,91377.630064,0.088997,-0.095253,0.034844,-219.657897,0.000000
109.600000,72.703178,26.500543,0.135752,518.099657,9.567027,982.933761,39.390136,-8.283260,91387.866092,0.089686,-0.095762,0.034852,-219.658271,0.000000
109.640000,72.703715,26.500013,0.136560,517.864899,9.149839,981.987999,39.390132,-8.283262,91398.101516,0.090368,-0.096266,0.034860,-219.658630,0.000000
109.680000,72.704247,26.499486,0.137361,517.630286,8.732496,981.042293,39.390128,-8.283265,91408.336337,0.091044,-0.096764,0.034867,-219.658976,0.000000
109.720000,72.704774,26.498962,0.138154,517.395818,8.314999,980.096642,39.390125,-8.283268,91418.570554,0.091713,-0.097258,0.034874,-219.659308,0.000000
109.760000,72.705297,26.498440,0.138940,517.161497,7.897346,979.151047,39.390121,-8.283271,91428.804167,0.092375,-0.097747,0.034881,-219.659627,0.000000
109.800000,72.705815,26.497921,0.139719,516.927324,7.479537,978.205508,39.390117,-8.283273,91439.037176,0.093031,-0.098231,0.034887,-219.659932,0.000000
109.840000,72.706328,26.497405,0.140490,516.693300,7.061570,977.260025,39.390113,-8.283276,91449.269581,0.093681,-0.098711,0.034893,-219.660224,0.000000
109.880000,72.706836,26.496891,0.141254,516.459426,6.643446,976.314598,39.390110,-8.283279,91459.501382,0.094324,-0.099185,0.034899,-219.660503,0.000000
109.920000,72.707340,26.496381,0.142010,516.225703,6.225163,975.369226,39.390106,-8.283282,91469.732578,0.094960,-0.099655,0.034904,-219.660769,0.000000
109.960000,72.707840,26.495873,0.142759,515.992131,5.806720,974.423910,39.390102,-8.283284,91479.963170,0.095591,-0.100120,0.034909,-219.661022,0.000000
110.000000,72.708335,26.495368,0.143502,515.758713,5.388118,973.478650,39.390098,-8.283287,91490.193158,0.096215,-0.100581,0.034914,-219.661263,0.000000
110.040000,72.708825,26.494866,0.144237,515.525448,4.969354,972.533446,39.390095,-8.283290,91500.422541,0.096833,-0.101037,0.034918,-219.661492,0.000000
110.080000,72.709312,26.494367,0.144965,515.292339,4.550429,971.588298,39.390091,-8.283292,91510.651319,0.097445,-0.101488,0.034922,-219.661709,0.000000
110.120000,72.709793,26.493870,0.145686,515.059385,4.131341,970.643206,39.390087,-8.283295,91520.879493,0.098050,-0.101935,0.034926,-219.661914,0.000000
110.160000,72.710271,26.493377,0.146401,514.826588,3.712090,969.698170,39.390083,-8.283298,91531.107062,0.098650,-0.102378,0.034929,-219.662108,0.000000
110.200000,72.710744,26.492886,0.147108,514.593949,3.292676,968.753189,39.390079,-8.283301,91541.334026,0.099244,-0.102816,0.034933,-219.662290,0.000000
110.240000,72.711213,26.492398,0.147809,514.361469,2.873097,967.808265,39.390076,-8.283303,91551.560385,0.099832,-0.103250,0.034935,-219.662460,0.000000
110.280000,72.711677,26.491914,0.148503,514.129149,2.453352,966.863396,39.390072,-8.283306,91561.786139,0.100415,-0.103680,0.034938,-219.662620,0.000000
110.320000,72.712137,26.491432,0.149191,513.896989,2.033442,965.918583,39.390068,-8.283309,91572.011288,0.100991,-0.104105,0.034940,-219.662768,0.000000
110.360000,72.712594,26.490953,0.149872,513.664991,1.613365,964.973826,39.390064,-8.283311,91582.235832,0.101562,-0.104526,0.034942,-219.662906,0.000000
110.400000,72.713046,26.490477,0.150546,513.433155,1.193121,964.029125,39.390061,-8.283314,91592.459772,0.102127,-0.104943,0.034944,-219.663034,0.000000
110.440000,72.713494,26.490004,0.151214,513.201483,0.772709,963.084480,39.390057,-8.283317,91602.683106,0.102687,-0.105356,0.034945,-219.663150,0.000000
110.480000,72.713938,26.489534,0.151875,512.969975,0.352129,962.139891,39.390053,-8.283319,91612.905835,0.103241,-0.105765,0.034946,-219.663257,0.000000
110.520000,72.714377,26.489067,0.152530,512.738632,-0.068621,961.195358,39.390049,-8.283322,91623.127958,0.103790,-0.106169,0.034947,-219.663354,0.000000
110.560000,72.714813,26.488603,0.153179,512.507455,-0.489540,960.250880,39.390045,-8.283325,91633.349477,0.104333,-0.106570,0.034948,-219.663440,0.000000
110.600000,72.715245,26.488142,0.153821,512.276445,-0.910630,959.306459,39.390042,-8.283328,91643.570391,0.104871,-0.106966,0.034948,-219.663517,0.000000
110.640000,72.715673,26.487684,0.154458,512.045603,-1.331892,958.362094,39.390038,-8.283330,91653.790699,0.105403,-0.107359,0.034948,-219.663585,0.000000
110.680000,72.716097,26.487229,0.155088,511.814930,-1.753325,957.417784,39.390034,-8.283333,91664.010402,0.105930,-0.107748,0.034948,-219.663643,0.000000
110.720000,72.716517,26.486777,0.155712,511.584426,-2.174930,956.473530,39.390030,-8.283336,91674.229500,0.106452,-0.108133,0.034948,-219.663692,0.000000
110.760000,72.716934,26.486329,0.156330,511.354092,-2.596708,955.529333,39.390026,-8.283338,91684.447993,0.106969,-0.108514,0.034947,-219.663731,0.000000
110.800000,72.717346,26.485883,0.156942,511.123930,-3.018660,954.585191,39.390023,-8.283341,91694.665881,0.107481,-0.108891,0.034946,-219.663762,0.000000
110.840000,72.717755,26.485440,0.157548,510.893939,-3.440787,953.641105,39.390019,-8.283344,91704.883164,0.107987,-0.109265,0.034945,-219.663784,0.000000
110.880000,72.718160,26.485001,0.158148,510.664122,-3.863088,952.697075,39.390015,-8.283346,91715.099842,0.108489,-0.109635,0.034944,-219.663797,0.000000
110.920000,72.718562,26.484564,0.158742,510.434478,-4.285564,951.753101,39.390011,-8.283349,91725.315914,0.108986,-0.110001,0.034942,-219.663802,0.000000
110.960000,72.718960,26.484131,0.159331,510.205008,-4.708217,950.809182,39.390007,-8.283352,91735.531381,0.109478,-0.110363,0.034940,-219.663799,0.000000
111.000000,72.719354,26.483700,0.159913,509.975713,-5.131046,949.865320,39.390004,-8.283354,91745.746244,0.109964,-0.110722,0.034938,-219.663787,0.000000
111.040000,72.719744,26.483273,0.160490,509.746595,-5.554052,948.921514,39.390000,-8.283357,91755.960501,0.110446,-0.111078,0.034936,-219.663768,0.000000
111.080000,72.720131,26.482849,0.161062,509.517653,-5.977236,947.977763,39.389996,-8.283360,91766.174154,0.110924,-0.111429,0.034934,-219.663740,0.000000
111.120000,72.720514,26.482428,0.161628,509.288889,-6.400598,947.034069,39.389992,-8.283362,91776.387201,0.111396,-0.111778,0.034931,-219.663705,0.000000
111.160000,72.720894,26.482011,0.162188,509.060302,-6.824139,946.090430,39.389988,-8.283365,91786.599644,0.111864,-0.112122,0.034928,-219.663662,0.000000
111.200000,72.721271,26.481596,0.162743,508.831895,-7.247860,945.146847,39.389985,-8.283368,91796.811482,0.112327,-0.112464,0.034925,-219.663612,0.000000
111.240000,72.721644,26.481185,0.163293,508.603668,-7.671760,944.203320,39.389981,-8.283370,91807.022715,0.112786,-0.112802,0.034922,-219.663554,0.000000
111.280000,72.722013,26.480776,0.163837,508.375621,-8.095841,943.259849,39.389977,-8.283373,91817.233344,0.113240,-0.113136,0.034919,-219.663489,0.000000
111.320000,72.722379,26.480371,0.164376,508.147755,-8.520103,942.316434,39.389973,-8.283376,91827.443367,0.113690,-0.113468,0.034915,-219.663418,0.000000
111.360000,72.722742,26.479969,0.164909,507.920071,-8.944546,941.373075,39.389969,-8.283378,91837.652786,0.114135,-0.113796,0.034912,-219.663339,0.000000
111.400000,72.723101,26.479571,0.165437,507.692570,-9.369172,940.429771,39.389966,-8.283381,91847.861601,0.114575,-0.114120,0.034908,-219.663253,0.000000
111.440000,72.723457,26.479175,0.165960,507.465252,-9.793980,939.486524,39.389962,-8.283384,91858.069811,0.115012,-0.114442,0.034904,-219.663161,0.000000
111.480000,72.723810,26.478783,0.166478,507.238118,-10.218971,938.543332,39.389958,-8.283386,91868.277417,0.115444,-0.114760,0.034899,-219.663062,0.000000
111.520000,72.724160,26.478394,0.166991,507.011168,-10.644146,937.600196,39.389954,-8.283389,91878.484419,0.115871,-0.115075,0.034895,-219.662957,0.000000
111.560000,72.724506,26.478008,0.167499,506.784404,-11.069505,936.657116,39.389950,-8.283391,91888.690816,0.116295,-0.115387,0.034890,-219.662846,0.000000
111.600000,72.724849,26.477626,0.168002,506.557827,-11.495049,935.714092,39.389946,-8.283394,91898.896609,0.116714,-0.115696,0.034886,-219.662728,0.000000
111.640000,72.725189,26.477246,0.168500,506.331436,-11.920777,934.771123,39.389943,-8.283397,91909.101798,0.117129,-0.116001,0.034881,-219.662605,0.000000
111.680000,72.725526,26.476870,0.168993,506.105232,-12.346691,933.828210,39.389939,-8.283399,91919.306383,0.117540,-0.116304,0.034876,-219.662475,0.000000
111.720000,72.725860,26.476497,0.169481,505.879216,-12.772792,932.885354,39.389935,-8.283402,91929.510364,0.117947,-0.116603,0.034870,-219.662340,0.000000
111.760000,72.726191,26.476128,0.169964,505.653389,-13.199079,931.942553,39.389931,-8.283405,91939.713742,0.118349,-0.116900,0.034865,-219.662199,0.000000
111.800000,72.726518,26.475761,0.170443,505.427752,-13.625553,930.999807,39.389927,-8.283407,91949.916515,0.118748,-0.117194,0.034859,-219.662052,0.000000
111.840000,72.726843,26.475398,0.170916,505.202304,-14.052214,930.057118,39.389923,-8.283410,91960.118685,0.119143,-0.117484,0.034854,-219.661900,0.000000
111.880000,72.727165,26.475039,0.171386,504.977047,-14.479064,929.114484,39.389920,-8.283413,91970.320252,0.119534,-0.117772,0.034848,-219.661743,0.000000
111.920000,72.727483,26.474682,0.171850,504.751982,-14.906102,928.171906,39.389916,-8.283415,91980.521215,0.119921,-0.118057,0.034842,-219.661580,0.000000
111.960000,72.727799,26.474329,0.172310,504.527108,-15.333328,927.229384,39.389912,-8.283418,91990.721574,0.120304,-0.118339,0.034836,-219.661412,0.000000
112.000000,72.728112,26.473979,0.172765,504.302427,-15.760745,926.286917,39.389908,-8.283420,92000.921331,0.120683,-0.118618,0.034830,-219.661239,0.000000
112.040000,72.728421,26.473633,0.173216,504.077939,-16.188351,925.344507,39.389904,-8.283423,92011.120484,0.121059,-0.118895,0.034823,-219.661062,0.000000
112.080000,72.728728,26.473290,0.173663,503.853644,-16.616147,924.402152,39.389900,-8.283426,92021.319035,0.121431,-0.119168,0.034817,-219.660879,0.000000
112.120000,72.729033,26.472950,0.174105,503.629544,-17.044134,923.459852,39.389897,-8.283428,92031.516982,0.121799,-0.119439,0.034810,-219.660692,0.000000
112.160000,72.729334,26.472613,0.174542,503.405638,-17.472311,922.517609,39.389893,-8.283431,92041.714327,0.122163,-0.119707,0.034804,-219.660500,0.000000
112.200000,72.729632,26.472280,0.174975,503.181929,-17.900681,921.575421,39.389889,-8.283433,92051.911069,0.122524,-0.119973,0.034797,-219.660304,0.000000
112.240000,72.729928,26.471950,0.175404,502.958415,-18.329242,920.633288,39.389885,-8.283436,92062.107209,0.122881,-0.120236,0.034790,-219.660103,0.000000
112.280000,72.730221,26.471623,0.175829,502.735098,-18.757996,919.691212,39.389881,-8.283439,92072.302746,0.123235,-0.120496,0.034783,-219.659898,0.000000
112.320000,72.730512,26.471300,0.176249,502.511977,-19.186943,918.749191,39.389877,-8.283441,92082.497681,0.123585,-0.120753,0.034776,-219.659688,0.000000
112.360000,72.730799,26.470980,0.176666,502.289055,-19.616082,917.807225,39.389873,-8.283444,92092.692013,0.123931,-0.121008,0.034769,-219.659475,0.000000
112.400000,72.731084,26.470664,0.177078,502.066331,-20.045416,916.865316,39.389870,-8.283446,92102.885744,0.124274,-0.121261,0.034761,-219.659257,0.000000
112.440000,72.731366,26.470350,0.177486,501.843806,-20.474943,915.923462,39.389866,-8.283449,92113.078873,0.124614,-0.121510,0.034754,-219.659036,0.000000
112.480000,72.731646,26.470041,0.177890,501.621480,-20.904665,914.981663,39.389862,-8.283452,92123.271400,0.124950,-0.121758,0.034746,-219.658810,0.000000
112.520000,72.731923,26.469734,0.178290,501.399354,-21.334582,914.039920,39.389858,-8.283454,92133.463325,0.125283,-0.122003,0.034738,-219.658581,0.000000
112.560000,72.732198,26.469431,0.178686,501.177429,-21.764694,913.098233,39.389854,-8.283457,92143.654649,0.125613,-0.122245,0.034731,-219.658349,0.000000
112.600000,72.732470,26.469131,0.179078,500.955704,-22.195001,912.156601,39.389850,-8.283459,92153.845371,0.125939,-0.122485,0.034723,-219.658112,0.000000
112.640000,72.732739,26.468835,0.179466,500.734181,-22.625505,911.215025,39.389846,-8.283462,92164.035492,0.126262,-0.122722,0.034715,-219.657872,0.000000
112.680000,72.733006,26.468542,0.179850,500.512860,-23.056204,910.273505,39.389842,-8.283464,92174.225012,0.126582,-0.122958,0.034707,-219.657629,0.000000
112.720000,72.733270,26.468253,0.180231,500.291742,-23.487101,909.332039,39.389839,-8.283467,92184.413931,0.126898,-0.123190,0.034699,-219.657382,0.000000
112.760000,72.733532,26.467966,0.180607,500.070827,-23.918194,908.390630,39.389835,-8.283470,92194.602249,0.127212,-0.123421,0.034691,-219.657132,0.000000
112.800000,72.733792,26.467684,0.180980,499.850115,-24.349485,907.449276,39.389831,-8.283472,92204.789967,0.127522,-0.123649,0.034682,-219.656879,0.000000
112.840000,72.734049,26.467404,0.181349,499.629607,-24.780974,906.507977,39.389827,-8.283475,92214.977083,0.127829,-0.123875,0.034674,-219.656622,0.000000
112.880000,72.734304,26.467128,0.181714,499.409304,-25.212662,905.566734,39.389823,-8.283477,92225.163600,0.128133,-0.124098,0.034665,-219.656363,0.000000
112.920000,72.734556,26.466856,0.182076,499.189206,-25.644547,904.625547,39.389819,-8.283480,92235.349516,0.128434,-0.124319,0.034657,-219.656101,0.000000
112.960000,72.734806,26.466587,0.182434,498.969313,-26.076632,903.684414,39.389815,-8.283482,92245.534832,0.128732,-0.124538,0.034648,-219.655835,0.000000
113.000000,72.735053,26.466321,0.182789,498.749626,-26.508916,902.743338,39.389811,-8.283485,92255.719548,0.129027,-0.124755,0.034640,-219.655567,0.000000
113.040000,72.735299,26.466059,0.183140,498.530146,-26.941399,901.802316,39.389808,-8.283488,92265.903665,0.129319,-0.124970,0.034631,-219.655296,0.000000
113.080000,72.735542,26.465800,0.183487,498.310872,-27.374083,900.861350,39.389804,-8.283490,92276.087181,0.129609,-0.125182,0.034622,-219.655023,0.000000
113.120000,72.735782,26.465544,0.183831,498.091806,-27.806966,899.920440,39.389800,-8.283493,92286.270099,0.129895,-0.125392,0.034613,-219.654747,0.000000
113.160000,72.736021,26.465292,0.184172,497.872948,-28.240051,898.979585,39.389796,-8.283495,92296.452416,0.130178,-0.125600,0.034604,-219.654468,0.000000
113.200000,72.736257,26.465044,0.184509,497.654298,-28.673336,898.038785,39.389792,-8.283498,92306.634135,0.130459,-0.125806,0.034595,-219.654187,0.000000
113.240000,72.736491,26.464798,0.184842,497.435857,-29.106822,897.098041,39.389788,-8.283500,92316.815255,0.130736,-0.126010,0.034586,-219.653903,0.000000
113.280000,72.736723,26.464557,0.185173,497.217625,-29.540511,896.157351,39.389784,-8.283503,92326.995775,0.131011,-0.126212,0.034577,-219.653617,0.000000
113.320000,72.736953,26.464318,0.185500,496.999602,-29.974401,895.216718,39.389780,-8.283505,92337.175697,0.131283,-0.126412,0.034568,-219.653329,0.000000
113.360000,72.737180,26.464083,0.185824,496.781790,-30.408493,894.276139,39.389776,-8.283508,92347.355021,0.131553,-0.126610,0.034558,-219.653038,0.000000
113.400000,72.737406,26.463852,0.186144,496.564188,-30.842788,893.335616,39.389772,-8.283510,92357.533746,0.131819,-0.126805,0.034549,-219.652746,0.000000
113.440000,72.737629,26.463624,0.186461,496.346797,-31.277286,892.395148,39.389769,-8.283513,92367.711872,0.132083,-0.126999,0.034540,-219.652451,0.000000
113.480000,72.737850,26.463399,0.186775,496.129618,-31.711987,891.454736,39.389765,-8.283516,92377.889401,0.132345,-0.127191,0.034530,-219.652154,0.000000
113.520000,72.738069,26.463178,0.187086,495.912650,-32.146892,890.514378,39.389761,-8.283518,92388.066332,0.132603,-0.127381,0.034521,-219.651855,0.000000
113.560000,72.738287,26.462960,0.187394,495.695894,-32.582000,889.574076,39.389757,-8.283521,92398.242665,0.132859,-0.127569,0.034511,-219.651554,0.000000
113.600000,72.738502,26.462746,0.187698,495.479351,-33.017312,888.633829,39.389753,-8.283523,92408.418400,0.133113,-0.127755,0.034502,-219.651252,0.000000
113.640000,72.738715,26.462535,0.188000,495.263021,-33.452829,887.693638,39.389749,-8.283526,92418.593538,0.133364,-0.127939,0.034492,-219.650947,0.000000
113.680000,72.738926,26.462328,0.188298,495.046904,-33.888551,886.753501,39.389745,-8.283528,92428.768078,0.133612,-0.128121,0.034483,-219.650641,0.000000
113.720000,72.739135,26.462124,0.188594,494.831001,-34.324477,885.813420,39.389741,-8.283531,92438.942022,0.133858,-0.128301,0.034473,-219.650333,0.000000
113.760000,72.739342,26.461924,0.188886,494.615312,-34.760609,884.873393,39.389737,-8.283533,92449.115369,0.134101,-0.128480,0.034463,-219.650024,0.000000
113.800000,72.739547,26.461727,0.189176,494.399838,-35.196947,883.933422,39.389733,-8.283536,92459.288119,0.134342,-0.128657,0.034453,-219.649712,0.000000
113.840000,72.739750,26.461533,0.189462,494.184578,-35.633490,882.993506,39.389729,-8.283538,92469.460272,0.134581,-0.128832,0.034443,-219.649400,0.000000
113.880000,72.739952,26.461343,0.189746,493.969534,-36.070239,882.053646,39.389725,-8.283541,92479.631829,0.134817,-0.129005,0.034434,-219.649085,0.000000
113.920000,72.740151,26.461157,0.190027,493.754706,-36.507195,881.113840,39.389721,-8.283543,92489.802789,0.135051,-0.129176,0.034424,-219.648770,0.000000
113.960000,72.740275,26.460974,0.190292,493.540094,-36.944358,880.174089,39.389718,-8.283546,92499.978732,0.135267,-0.129343,0.034412,-219.648371,0.000000
114.000000,72.737116,26.460797,0.189991,493.325698,-37.381727,879.234394,39.389714,-8.283548,92510.403131,0.134829,-0.129386,0.034305,-219.644353,0.000000
114.040000,72.733905,26.460632,0.189680,493.111518,-37.819304,878.294753,39.389710,-8.283551,92520.833187,0.134379,-0.129426,0.034198,-219.640323,0.000000
114.080000,72.730726,26.460476,0.189372,492.897553,-38.257087,877.355167,39.389706,-8.283553,92531.262636,0.133933,-0.129466,0.034093,-219.636373,0.000000
114.120000,72.727577,26.460330,0.189068,492.683802,-38.695078,876.415636,39.389702,-8.283556,92541.691479,0.133492,-0.129505,0.033990,-219.632500,0.000000
114.160000,72.724459,26.460195,0.188768,492.470264,-39.133276,875.476158,39.389698,-8.283558,92552.119719,0.133055,-0.129543,0.033890,-219.628703,0.000000
114.200000,72.721372,26.460069,0.188472,492.256940,-39.571681,874.536736,39.389694,-8.283561,92562.547356,0.132622,-0.129582,0.033791,-219.624980,0.000000
114.240000,72.718314,26.459953,0.188179,492.043828,-40.010293,873.597367,39.389690,-8.283563,92572.974394,0.132193,-0.129619,0.033694,-219.621330,0.000000
114.280000,72.715286,26.459847,0.187890,491.830927,-40.449113,872.658052,39.389686,-8.283566,92583.400833,0.131768,-0.129657,0.033599,-219.617752,0.000000
114.320000,72.712287,26.459750,0.187604,491.618237,-40.888140,871.718791,39.389682,-8.283568,92593.826676,0.131348,-0.129694,0.033505,-219.614243,0.000000
114.360000,72.709318,26.459662,0.187322,491.405757,-41.327375,870.779583,39.389678,-8.283570,92604.251923,0.130931,-0.129730,0.033414,-219.610803,0.000000
114.400000,72.706377,26.459584,0.187043,491.193487,-41.766818,869.840429,39.389674,-8.283573,92614.676577,0.130519,-0.129766,0.033324,-219.607430,0.000000
114.440000,72.703465,26.459515,0.186767,490.981426,-42.206468,868.901329,39.389670,-8.283575,92625.100639,0.130110,-0.129802,0.033236,-219.604122,0.000000
114.480000,72.700581,26.459455,0.186495,490.769572,-42.646325,867.962281,39.389666,-8.283578,92635.524111,0.129706,-0.129837,0.033150,-219.600880,0.000000
114.520000,72.697725,26.459404,0.186225,490.557927,-43.086391,867.023287,39.389662,-8.283580,92645.946994,0.129305,-0.129872,0.033066,-219.597700,0.000000
114.560000,72.694897,26.459362,0.185960,490.346488,-43.526664,866.084345,39.389658,-8.283583,92656.369290,0.128909,-0.129907,0.032983,-219.594582,0.000000
114.600000,72.692096,26.459328,0.185697,490.135255,-43.967145,865.145456,39.389654,-8.283585,92666.791000,0.128516,-0.129941,0.032901,-219.591525,0.000000
114.640000,72.689323,26.459303,0.185437,489.924228,-44.407834,864.206620,39.389650,-8.283588,92677.212126,0.128127,-0.129974,0.032821,-219.588527,0.000000
114.680000,72.686576,26.459287,0.185181,489.713406,-44.848731,863.267836,39.389646,-8.283590,92687.632669,0.127741,-0.130008,0.032743,-219.585587,0.000000
114.720000,72.683856,26.459279,0.184927,489.502789,-45.289836,862.329105,39.389642,-8.283593,92698.052630,0.127360,-0.130041,0.032666,-219.582704,0.000000
114.760000,72.681163,26.459279,0.184677,489.292375,-45.731149,861.390426,39.389638,-8.283595,92708.472012,0.126982,-0.130073,0.032591,-219.579877,0.000000
114.800000,72.678495,26.459288,0.184430,489.082164,-46.172670,860.451799,39.389635,-8.283598,92718.890814,0.126608,-0.130105,0.032517,-219.577105,0.000000
114.840000,72.675854,26.459304,0.184185,488.872156,-46.614399,859.513224,39.389631,-8.283600,92729.309039,0.126237,-0.130137,0.032445,-219.574386,0.000000
114.880000,72.673238,26.459329,0.183943,488.662350,-47.056337,858.574701,39.389627,-8.283602,92739.726687,0.125870,-0.130169,0.032374,-219.571720,0.000000
114.920000,72.670648,26.459362,0.183705,488.452746,-47.498483,857.636230,39.389623,-8.283605,92750.143761,0.125506,-0.130200,0.032304,-219.569105,0.000000
114.960000,72.668082,26.459403,0.183469,488.243342,-47.940837,856.697811,39.389619,-8.283607,92760.560261,0.125146,-0.130231,0.032235,-219.566541,0.000000
115.000000,72.665542,26.459451,0.183235,488.034138,-48.383399,855.759443,39.389615,-8.283610,92770.976188,0.124790,-0.130261,0.032168,-219.564026,0.000000
115.040000,72.663026,26.459507,0.183005,487.825134,-48.826170,854.821127,39.389611,-8.283612,92781.391545,0.124437,-0.130291,0.032102,-219.561560,0.000000
115.080000,72.660535,26.459571,0.182777,487.616329,-49.269150,853.882861,39.389607,-8.283615,92791.806331,0.124087,-0.130321,0.032038,-219.559141,0.000000
115.120000,72.658068,26.459642,0.182552,487.407723,-49.712338,852.944648,39.389603,-8.283617,92802.220548,0.123741,-0.130350,0.031974,-219.556768,0.000000
115.160000,72.655625,26.459721,0.182330,487.199315,-50.155734,852.006485,39.389599,-8.283619,92812.634197,0.123398,-0.130379,0.031912,-219.554441,0.000000
115.200000,72.653205,26.459807,0.182110,486.991104,-50.599339,851.068374,39.389595,-8.283622,92823.047279,0.123058,-0.130408,0.031851,-219.552159,0.000000
115.240000,72.650809,26.459900,0.181892,486.783090,-51.043153,850.130313,39.389591,-8.283624,92833.459796,0.122722,-0.130436,0.031791,-219.549920,0.000000
115.280000,72.648437,26.460001,0.181678,486.575272,-51.487175,849.192303,39.389587,-8.283627,92843.871748,0.122388,-0.130464,0.031733,-219.547724,0.000000
115.320000,72.646087,26.460108,0.181465,486.367650,-51.931406,848.254344,39.389583,-8.283629,92854.283136,0.122059,-0.130492,0.031675,-219.545570,0.000000
115.360000,72.643760,26.460223,0.181256,486.160224,-52.375846,847.316436,39.389579,-8.283632,92864.693962,0.121732,-0.130519,0.031618,-219.543457,0.000000
115.400000,72.641456,26.460345,0.181048,485.952992,-52.820495,846.378578,39.389575,-8.283634,92875.104227,0.121408,-0.130546,0.031563,-219.541385,0.000000
115.440000,72.639174,26.460474,0.180843,485.745954,-53.265353,845.440771,39.389571,-8.283636,92885.513930,0.121088,-0.130573,0.031508,-219.539352,0.000000
115.480000,72.636915,26.460609,0.180641,485.539111,-53.710419,844.503014,39.389567,-8.283639,92895.923075,0.120770,-0.130599,0.031455,-219.537357,0.000000
115.520000,72.634677,26.460751,0.180440,485.332460,-54.155695,843.565308,39.389563,-8.283641,92906.331660,0.120456,-0.130625,0.031403,-219.535400,0.000000
115.560000,72.632461,26.460900,0.180242,485.126002,-54.601179,842.627652,39.389559,-8.283644,92916.739688,0.120145,-0.130651,0.031351,-219.533481,0.000000
115.600000,72.630267,26.461056,0.180047,484.919737,-55.046873,841.690046,39.389555,-8.283646,92927.147159,0.119836,-0.130676,0.031301,-219.531598,0.000000
115.640000,72.628094,26.461218,0.179853,484.713663,-55.492775,840.752490,39.389551,-8.283648,92937.554074,0.119531,-0.130702,0.031251,-219.529750,0.000000
115.680000,72.625942,26.461386,0.179662,484.507780,-55.938887,839.814984,39.389547,-8.283651,92947.960435,0.119228,-0.130726,0.031202,-219.527937,0.000000
115.720000,72.623810,26.461561,0.179473,484.302089,-56.385208,838.877528,39.389543,-8.283653,92958.366241,0.118929,-0.130751,0.031154,-219.526158,0.000000
115.760000,72.621700,26.461742,0.179286,484.096587,-56.831738,837.940122,39.389539,-8.283656,92968.771493,0.118632,-0.130775,0.031108,-219.524413,0.000000
115.800000,72.619610,26.461930,0.179101,483.891275,-57.278478,837.002765,39.389535,-8.283658,92979.176193,0.118338,-0.130799,0.031062,-219.522701,0.000000
115.840000,72.617541,26.462124,0.178918,483.686153,-57.725426,836.065458,39.389531,-8.283660,92989.580342,0.118048,-0.130823,0.031016,-219.521021,0.000000
115.880000,72.615491,26.462324,0.178738,483.481219,-58.172584,835.128201,39.389527,-8.283663,92999.983940,0.117759,-0.130846,0.030972,-219.519372,0.000000
115.920000,72.613461,26.462530,0.178559,483.276474,-58.619951,834.190994,39.389523,-8.283665,93010.386987,0.117474,-0.130869,0.030928,-219.517754,0.000000
115.960000,72.611452,26.462742,0.178383,483.071917,-59.067528,833.253836,39.389519,-8.283668,93020.789486,0.117191,-0.130892,0.030886,-219.516166,0.000000
116.000000,72.609461,26.462960,0.178208,482.867548,-59.515314,832.316727,39.389515,-8.283670,93031.191436,0.116911,-0.130914,0.030844,-219.514608,0.000000
116.040000,72.607490,26.463184,0.178036,482.663365,-59.963310,831.379668,39.389510,-8.283672,93041.592838,0.116634,-0.130937,0.030802,-219.513079,0.000000
116.080000,72.605538,26.463414,0.177865,482.459369,-60.411515,830.442658,39.389506,-8.283675,93051.993693,0.116359,-0.130959,0.030762,-219.511578,0.000000
116.120000,72.603605,26.463650,0.177696,482.255559,-60.859930,829.505697,39.389502,-8.283677,93062.394001,0.116088,-0.130980,0.030722,-219.510105,0.000000
116.160000,72.601691,26.463891,0.177530,482.051935,-61.308554,828.568786,39.389498,-8.283679,93072.793764,0.115818,-0.131002,0.030683,-219.508659,0.000000
116.200000,72.599796,26.464138,0.177365,481.848497,-61.757388,827.631923,39.389494,-8.283682,93083.192982,0.115551,-0.131023,0.030645,-219.507240,0.000000
116.240000,72.597919,26.464391,0.177202,481.645243,-62.206431,826.695110,39.389490,-8.283684,93093.591656,0.115287,-0.131044,0.030607,-219.505848,0.000000
116.280000,72.596060,26.464649,0.177040,481.442173,-62.655684,825.758345,39.389486,-8.283686,93103.989786,0.115026,-0.131064,0.030570,-219.504480,0.000000
116.320000,72.594219,26.464913,0.176881,481.239288,-63.105147,824.821629,39.389482,-8.283689,93114.387374,0.114766,-0.131085,0.030534,-219.503138,0.000000
116.360000,72.592396,26.465183,0.176723,481.036586,-63.554819,823.884963,39.389478,-8.283691,93124.784419,0.114510,-0.131105,0.030498,-219.501821,0.000000
116.400000,72.590591,26.465458,0.176567,480.834068,-64.004702,822.948345,39.389474,-8.283694,93135.180922,0.114256,-0.131125,0.030463,-219.500527,0.000000
116.440000,72.588803,26.465738,0.176413,480.631732,-64.454794,822.011775,39.389470,-8.283696,93145.576884,0.114004,-0.131144,0.030429,-219.499257,0.000000
116.480000,72.587033,26.466023,0.176260,480.429579,-64.905096,821.075255,39.389466,-8.283698,93155.972306,0.113754,-0.131163,0.030395,-219.498011,0.000000
116.520000,72.585280,26.466314,0.176110,480.227608,-65.355608,820.138783,39.389462,-8.283701,93166.367188,0.113507,-0.131182,0.030362,-219.496787,0.000000
116.560000,72.583544,26.466610,0.175960,480.025818,-65.806329,819.202360,39.389458,-8.283703,93176.761531,0.113263,-0.131201,0.030329,-219.495585,0.000000
116.600000,72.581824,26.466911,0.175813,479.824209,-66.257261,818.265985,39.389454,-8.283705,93187.155335,0.113021,-0.131220,0.030297,-219.494405,0.000000
116.640000,72.580122,26.467218,0.175667,479.622782,-66.708402,817.329659,39.389450,-8.283708,93197.548602,0.112781,-0.131238,0.030265,-219.493246,0.000000
116.680000,72.578436,26.467529,0.175523,479.421535,-67.159754,816.393381,39.389446,-8.283710,93207.941330,0.112543,-0.131256,0.030234,-219.492108,0.000000
116.720000,72.576767,26.467846,0.175380,479.220468,-67.611316,815.457151,39.389442,-8.283712,93218.333522,0.112308,-0.131274,0.030204,-219.490990,0.000000
116.760000,72.575113,26.468167,0.175239,479.019580,-68.063087,814.520970,39.389438,-8.283715,93228.725177,0.112074,-0.131292,0.030174,-219.489892,0.000000
116.800000,72.573476,26.468494,0.175099,478.818872,-68.515069,813.584837,39.389434,-8.283717,93239.116297,0.111844,-0.131309,0.030145,-219.488814,0.000000
116.840000,72.571855,26.468825,0.174961,478.618343,-68.967261,812.648752,39.389429,-8.283719,93249.506881,0.111615,-0.131326,0.030116,-219.487756,0.000000
116.880000,72.570249,26.469161,0.174825,478.417992,-69.419662,811.712716,39.389425,-8.283722,93259.896930,0.111388,-0.131343,0.030087,-219.486716,0.000000
116.920000,72.568659,26.469502,0.174690,478.217820,-69.872274,810.776728,39.389421,-8.283724,93270.286444,0.111164,-0.131360,0.030059,-219.485694,0.000000
116.960000,72.567084,26.469848,0.174556,478.017826,-70.325097,809.840787,39.389417,-8.283726,93280.675425,0.110942,-0.131377,0.030032,-219.484690,0.000000
117.000000,72.565525,26.470199,0.174424,477.818009,-70.778129,808.904895,39.389413,-8.283729,93291.063873,0.110722,-0.131393,0.030005,-219.483705,0.000000
117.040000,72.563981,26.470554,0.174293,477.618369,-71.231372,807.969051,39.389409,-8.283731,93301.451788,0.110504,-0.131409,0.029979,-219.482736,0.000000
117.080000,72.562452,26.470914,0.174164,477.418906,-71.684825,807.033255,39.389405,-8.283733,93311.839170,0.110288,-0.131425,0.029952,-219.481784,0.000000
117.120000,72.560938,26.471279,0.174036,477.219619,-72.138488,806.097506,39.389401,-8.283736,93322.226020,0.110074,-0.131440,0.029927,-219.480849,0.000000
117.160000,72.559438,26.471648,0.173909,477.020509,-72.592361,805.161806,39.389397,-8.283738,93332.612339,0.109862,-0.131456,0.029902,-219.479931,0.000000
117.200000,72.557954,26.472022,0.173784,476.821574,-73.046445,804.226153,39.389393,-8.283740,93342.998126,0.109653,-0.131471,0.029877,-219.479028,0.000000
117.240000,72.556483,26.472400,0.173660,476.622815,-73.500739,803.290549,39.389389,-8.283743,93353.383384,0.109445,-0.131486,0.029852,-219.478141,0.000000
117.280000,72.555027,26.472783,0.173538,476.424231,-73.955244,802.354992,39.389385,-8.283745,93363.768110,0.109239,-0.131501,0.029828,-219.477269,0.000000
117.320000,72.553585,26.473170,0.173416,476.225822,-74.409959,801.419482,39.389381,-8.283747,93374.152308,0.109035,-0.131515,0.029805,-219.476412,0.000000
117.360000,72.552157,26.473562,0.173297,476.027587,-74.864884,800.484021,39.389376,-8.283750,93384.535975,0.108833,-0.131530,0.029782,-219.475570,0.000000
117.400000,72.550743,26.473958,0.173178,475.829526,-75.320020,799.548607,39.389372,-8.283752,93394.919114,0.108633,-0.131544,0.029759,-219.474742,0.000000
117.440000,72.549342,26.474358,0.173060,475.631639,-75.775366,798.613240,39.389368,-8.283754,93405.301725,0.108435,-0.131558,0.029736,-219.473928,0.000000
117.480000,72.547956,26.474763,0.172944,475.433926,-76.230923,797.677922,39.389364,-8.283756,93415.683807,0.108239,-0.131572,0.029714,-219.473128,0.000000
117.520000,72.546582,26.475172,0.172829,475.236386,-76.686690,796.742650,39.389360,-8.283759,93426.065361,0.108045,-0.131585,0.029693,-219.472341,0.000000
117.560000,72.545223,26.475585,0.172716,475.039019,-77.142668,795.807427,39.389356,-8.283761,93436.446389,0.107853,-0.131598,0.029671,-219.471568,0.000000
117.600000,72.543876,26.476002,0.172603,474.841824,-77.598856,794.872250,39.389352,-8.283763,93446.826889,0.107662,-0.131612,0.029650,-219.470808,0.000000
117.640000,72.542542,26.476424,0.172492,474.644801,-78.055255,793.937122,39.389348,-8.283766,93457.206862,0.107473,-0.131625,0.029629,-219.470060,0.000000
117.680000,72.541222,26.476850,0.172382,474.447951,-78.511865,793.002040,39.389344,-8.283768,93467.586310,0.107286,-0.131637,0.029609,-219.469325,0.000000
117.720000,72.539914,26.477279,0.172273,474.251272,-78.968685,792.067006,39.389340,-8.283770,93477.965231,0.107101,-0.131650,0.029589,-219.468602,0.000000
117.760000,72.538619,26.477713,0.172165,474.054764,-79.425716,791.132020,39.389335,-8.283772,93488.343627,0.106918,-0.131663,0.029569,-219.467890,0.000000
117.800000,72.537336,26.478151,0.172058,473.858428,-79.882957,790.197080,39.389331,-8.283775,93498.721498,0.106736,-0.131675,0.029550,-219.467191,0.000000
117.840000,72.536066,26.478593,0.171952,473.662262,-80.340409,789.262188,39.389327,-8.283777,93509.098844,0.106556,-0.131687,0.029530,-219.466503,0.000000
117.880000,72.534809,26.479039,0.171848,473.466267,-80.798072,788.327343,39.389323,-8.283779,93519.475666,0.106378,-0.131699,0.029512,-219.465826,0.000000
117.920000,72.533563,26.479489,0.171744,473.270442,-81.255946,787.392546,39.389319,-8.283782,93529.851964,0.106201,-0.131710,0.029493,-219.465160,0.000000
117.960000,72.532330,26.479942,0.171642,473.074787,-81.714030,786.457795,39.389315,-8.283784,93540.227737,0.106026,-0.131722,0.029475,-219.464505,0.000000
118.000000,72.531109,26.480400,0.171541,472.879301,-82.172325,785.523092,39.389311,-8.283786,93550.602988,0.105853,-0.131733,0.029457,-219.463860,0.000000
118.040000,72.529899,26.480862,0.171440,472.683985,-82.630831,784.588436,39.389307,-8.283788,93560.977715,0.105681,-0.131745,0.029439,-219.463226,0.000000
118.080000,72.528702,26.481327,0.171341,472.488838,-83.089548,783.653827,39.389302,-8.283791,93571.351919,0.105512,-0.131756,0.029421,-219.462602,0.000000
118.120000,72.527516,26.481796,0.171243,472.293860,-83.548475,782.719265,39.389298,-8.283793,93581.725601,0.105343,-0.131766,0.029404,-219.461987,0.000000
118.160000,72.526341,26.482269,0.171146,472.099051,-84.007613,781.784750,39.389294,-8.283795,93592.098760,0.105176,-0.131777,0.029387,-219.461382,0.000000
118.200000,72.525178,26.482746,0.171050,471.904409,-84.466963,780.850282,39.389290,-8.283797,93602.471398,0.105011,-0.131788,0.029370,-219.460787,0.000000
118.240000,72.524026,26.483226,0.170954,471.709936,-84.926522,779.915861,39.389286,-8.283800,93612.843514,0.104848,-0.131798,0.029354,-219.460201,0.000000
118.280000,72.522886,26.483710,0.170860,471.515630,-85.386293,778.981487,39.389282,-8.283802,93623.215108,0.104686,-0.131808,0.029338,-219.459624,0.000000
118.320000,72.521757,26.484198,0.170767,471.321492,-85.846275,778.047160,39.389278,-8.283804,93633.586182,0.104525,-0.131818,0.029322,-219.459056,0.000000
118.360000,72.520638,26.484690,0.170674,471.127522,-86.306468,777.112880,39.389274,-8.283807,93643.956735,0.104366,-0.131828,0.029306,-219.458497,0.000000
118.400000,72.519531,26.485185,0.170583,470.933718,-86.766871,776.178647,39.389269,-8.283809,93654.326767,0.104209,-0.131838,0.029290,-219.457946,0.000000
118.440000,72.518434,26.485684,0.170493,470.740081,-87.227486,775.244461,39.389265,-8.283811,93664.696279,0.104053,-0.131847,0.029275,-219.457404,0.000000
118.480000,72.517348,26.486186,0.170403,470.546610,-87.688311,774.310321,39.389261,-8.283813,93675.065271,0.103898,-0.131857,0.029260,-219.456870,0.000000
118.520000,72.516272,26.486692,0.170314,470.353306,-88.149348,773.376228,39.389257,-8.283816,93685.433744,0.103745,-0.131866,0.029245,-219.456343,0.000000
118.560000,72.515207,26.487201,0.170227,470.160167,-88.610595,772.442183,39.389253,-8.283818,93695.801697,0.103594,-0.131875,0.029230,-219.455825,0.000000
118.600000,72.514152,26.487714,0.170140,469.967195,-89.072054,771.508183,39.389249,-8.283820,93706.169131,0.103444,-0.131884,0.029216,-219.455314,0.000000
118.640000,72.513108,26.488231,0.170054,469.774388,-89.533723,770.574231,39.389244,-8.283822,93716.536046,0.103295,-0.131893,0.029201,-219.454811,0.000000
118.680000,72.512074,26.488751,0.169968,469.581746,-89.995603,769.640325,39.389240,-8.283825,93726.902443,0.103147,-0.131901,0.029187,-219.454315,0.000000
118.720000,72.511049,26.489274,0.169884,469.389269,-90.457695,768.706466,39.389236,-8.283827,93737.268321,0.103002,-0.131910,0.029173,-219.453827,0.000000
118.760000,72.510035,26.489801,0.169801,469.196957,-90.919997,767.772654,39.389232,-8.283829,93747.633681,0.102857,-0.131918,0.029160,-219.453345,0.000000
118.800000,72.509031,26.490331,0.169718,469.004810,-91.382511,766.838889,39.389228,-8.283831,93757.998523,0.102714,-0.131926,0.029146,-219.452871,0.000000
118.840000,72.508036,26.490864,0.169636,468.812826,-91.845236,765.905170,39.389224,-8.283833,93768.362848,0.102572,-0.131934,0.029133,-219.452403,0.000000
118.880000,72.507051,26.491401,0.169555,468.621007,-92.308172,764.971497,39.389220,-8.283836,93778.726655,0.102431,-0.131942,0.029119,-219.451942,0.000000
118.920000,72.506076,26.491941,0.169475,468.429352,-92.771319,764.037871,39.389215,-8.283838,93789.089945,0.102292,-0.131950,0.029106,-219.451487,0.000000
118.960000,72.505110,26.492485,0.169395,468.237861,-93.234677,763.104292,39.389211,-8.283840,93799.452718,0.102154,-0.131958,0.029094,-219.451039,0.000000
119.000000,72.504154,26.493032,0.169317,468.046533,-93.698246,762.170760,39.389207,-8.283842,93809.814974,0.102018,-0.131965,0.029081,-219.450597,0.000000
119.040000,72.503207,26.493582,0.169239,467.855368,-94.162026,761.237273,39.389203,-8.283845,93820.176714,0.101883,-0.131973,0.029068,-219.450161,0.000000
119.080000,72.502269,26.494135,0.169162,467.664367,-94.626017,760.303834,39.389199,-8.283847,93830.537938,0.101749,-0.131980,0.029056,-219.449731,0.000000
119.120000,72.501340,26.494692,0.169085,467.473528,-95.090220,759.370441,39.389195,-8.283849,93840.898645,0.101616,-0.131987,0.029044,-219.449306,0.000000
119.160000,72.500420,26.495252,0.169010,467.282851,-95.554634,758.437094,39.389190,-8.283851,93851.258837,0.101484,-0.131994,0.029032,-219.448888,0.000000
119.200000,72.499509,26.495815,0.168935,467.092337,-96.019259,757.503794,39.389186,-8.283854,93861.618513,0.101354,-0.132001,0.029020,-219.448475,0.000000
119.240000,72.498608,26.496381,0.168861,466.901986,-96.484095,756.570540,39.389182,-8.283856,93871.977674,0.101225,-0.132007,0.029008,-219.448068,0.000000
119.280000,72.497714,26.496950,0.168787,466.711796,-96.949143,755.637333,39.389178,-8.283858,93882.336319,0.101097,-0.132014,0.028996,-219.447666,0.000000
119.320000,72.496830,26.497523,0.168715,466.521768,-97.414401,754.704172,39.389174,-8.283860,93892.694450,0.100971,-0.132020,0.028985,-219.447269,0.000000
119.360000,72.495954,26.498099,0.168643,466.331901,-97.879871,753.771057,39.389169,-8.283862,93903.052066,0.100845,-0.132027,0.028973,-219.446877,0.000000
119.400000,72.495087,26.498677,0.168571,466.142196,-98.345552,752.837989,39.389165,-8.283865,93913.409167,0.100721,-0.132033,0.028962,-219.446491,0.000000
119.440000,72.494228,26.499259,0.168501,465.952652,-98.811445,751.904967,39.389161,-8.283867,93923.765754,0.100598,-0.132039,0.028951,-219.446109,0.000000
119.480000,72.493378,26.499844,0.168431,465.763269,-99.277548,750.971992,39.389157,-8.283869,93934.121827,0.100476,-0.132045,0.028940,-219.445732,0.000000
119.520000,72.492536,26.500432,0.168361,465.574047,-99.743863,750.039062,39.389153,-8.283871,93944.477385,0.100355,-0.132051,0.028929,-219.445360,0.000000
119.560000,72.491702,26.501023,0.168293,465.384985,-100.210389,749.106179,39.389148,-8.283873,93954.832430,0.100236,-0.132057,0.028918,-219.444993,0.000000
119.600000,72.490876,26.501617,0.168225,465.196083,-100.677127,748.173343,39.389144,-8.283876,93965.186962,0.100117,-0.132062,0.028908,-219.444630,0.000000
119.640000,72.490058,26.502214,0.168157,465.007342,-101.144076,747.240552,39.389140,-8.283878,93975.540980,0.100000,-0.132068,0.028897,-219.444272,0.000000
119.680000,72.489248,26.502814,0.168091,464.818761,-101.611236,746.307808,39.389136,-8.283880,93985.894485,0.099884,-0.132073,0.028887,-219.443918,0.000000
119.720000,72.488446,26.503417,0.168025,464.630340,-102.078607,745.375110,39.389132,-8.283882,93996.247476,0.099769,-0.132078,0.028876,-219.443568,0.000000
119.760000,72.487652,26.504023,0.167959,464.442078,-102.546190,744.442458,39.389127,-8.283884,94006.599955,0.099654,-0.132083,0.028866,-219.443222,0.000000
119.800000,72.486866,26.504632,0.167894,464.253976,-103.013984,743.509852,39.389123,-8.283887,94016.951921,0.099541,-0.132088,0.028856,-219.442880,0.000000
119.840000,72.486087,26.505244,0.167830,464.066033,-103.481989,742.577293,39.389119,-8.283889,94027.303375,0.099429,-0.132093,0.028846,-219.442543,0.000000
119.880000,72.485316,26.505859,0.167766,463.878249,-103.950206,741.644780,39.389115,-8.283891,94037.654317,0.099318,-0.132098,0.028836,-219.442209,0.000000
119.920000,72.484552,26.506476,0.167703,463.690624,-104.418634,740.712313,39.389111,-8.283893,94048.004746,0.099209,-0.132103,0.028827,-219.441879,0.000000
119.960000,72.483796,26.507097,0.167641,463.503157,-104.887273,739.779892,39.389106,-8.283895,94058.354663,0.099100,-0.132107,0.028817,-219.441553,0.000000
120.000000,72.483047,26.507720,0.167579,463.315850,-105.356124,738.847517,39.389102,-8.283897,94068.704069,0.098992,-0.132112,0.028807,-219.441231,0.000000
120.040000,72.482306,26.508346,0.167518,463.128700,-105.825187,737.915188,39.389098,-8.283900,94079.052963,0.098885,-0.132116,0.028798,-219.440912,0.000000
120.080000,72.481571,26.508975,0.167457,462.941709,-106.294460,736.982905,39.389094,-8.283902,94089.401345,0.098779,-0.132120,0.028788,-219.440597,0.000000
120.120000,72.480844,26.509607,0.167397,462.754876,-106.763945,736.050668,39.389090,-8.283904,94099.749216,0.098674,-0.132125,0.028779,-219.440285,0.000000
120.160000,72.480124,26.510242,0.167337,462.568201,-107.233642,735.118478,39.389085,-8.283906,94110.096576,0.098570,-0.132129,0.028770,-219.439976,0.000000
120.200000,72.479411,26.510879,0.167278,462.381684,-107.703549,734.186333,39.389081,-8.283908,94120.443425,0.098468,-0.132133,0.028761,-219.439671,0.000000
120.240000,72.478705,26.511520,0.167220,462.195324,-108.173669,733.254234,39.389077,-8.283911,94130.789764,0.098366,-0.132136,0.028752,-219.439369,0.000000
120.280000,72.478006,26.512163,0.167162,462.009121,-108.643999,732.322182,39.389073,-8.283913,94141.135591,0.098265,-0.132140,0.028743,-219.439070,0.000000
120.320000,72.477313,26.512809,0.167104,461.823076,-109.114541,731.390175,39.389068,-8.283915,94151.480909,0.098165,-0.132144,0.028734,-219.438774,0.000000
120.360000,72.476628,26.513457,0.167048,461.637188,-109.585295,730.458215,39.389064,-8.283917,94161.825716,0.098065,-0.132147,0.028725,-219.438481,0.000000
120.400000,72.475949,26.514108,0.166991,461.451456,-110.056260,729.526300,39.389060,-8.283919,94172.170012,0.097967,-0.132151,0.028716,-219.438192,0.000000
120.440000,72.475276,26.514762,0.166935,461.265882,-110.527436,728.594431,39.389056,-8.283921,94182.513799,0.097870,-0.132154,0.028708,-219.437905,0.000000
120.480000,72.474611,26.515419,0.166880,461.080464,-110.998824,727.662608,39.389051,-8.283923,94192.857076,0.097774,-0.132157,0.028699,-219.437621,0.000000
120.520000,72.473951,26.516078,0.166825,460.895202,-111.470423,726.730831,39.389047,-8.283926,94203.199843,0.097678,-0.132161,0.028691,-219.437339,0.000000
120.560000,72.473299,26.516741,0.166771,460.710097,-111.942234,725.799101,39.389043,-8.283928,94213.542101,0.097583,-0.132164,0.028682,-219.437061,0.000000
120.600000,72.472652,26.517405,0.166717,460.525148,-112.414256,724.867415,39.389039,-8.283930,94223.883849,0.097490,-0.132167,0.028674,-219.436785,0.000000
120.640000,72.472012,26.518073,0.166663,460.340354,-112.886490,723.935776,39.389034,-8.283932,94234.225088,0.097397,-0.132170,0.028666,-219.436512,0.000000
120.680000,72.471378,26.518743,0.166610,460.155717,-113.358935,723.004183,39.389030,-8.283934,94244.565818,0.097305,-0.132172,0.028657,-219.436241,0.000000
120.720000,72.470750,26.519415,0.166558,459.971235,-113.831591,722.072635,39.389026,-8.283936,94254.906039,0.097214,-0.132175,0.028649,-219.435973,0.000000
120.760000,72.470129,26.520091,0.166506,459.786909,-114.304459,721.141134,39.389022,-8.283939,94265.245751,0.097124,-0.132178,0.028641,-219.435707,0.000000
120.800000,72.469513,26.520768,0.166454,459.602739,-114.777539,720.209678,39.389017,-8.283941,94275.584954,0.097034,-0.132180,0.028633,-219.435443,0.000000
120.840000,72.468903,26.521449,0.166403,459.418723,-115.250830,719.278268,39.389013,-8.283943,94285.923649,0.096945,-0.132183,0.028625,-219.435182,0.000000
120.880000,72.468300,26.522132,0.166353,459.234863,-115.724333,718.346904,39.389009,-8.283945,94296.261836,0.096858,-0.132185,0.028617,-219.434923,0.000000
120.920000,72.467702,26.522818,0.166303,459.051157,-116.198047,717.415585,39.389005,-8.283947,94306.599514,0.096771,-0.132187,0.028609,-219.434667,0.000000
120.960000,72.467110,26.523506,0.166253,458.867607,-116.671972,716.484313,39.389000,-8.283949,94316.936684,0.096685,-0.132189,0.028602,-219.434413,0.000000
121.000000,72.466524,26.524197,0.166203,458.684211,-117.146109,715.553086,39.388996,-8.283951,94327.273346,0.096599,-0.132191,0.028594,-219.434160,0.000000
121.040000,72.465944,26.524890,0.166155,458.500970,-117.620458,714.621905,39.388992,-8.283954,94337.609501,0.096515,-0.132193,0.028586,-219.433910,0.000000
121.080000,72.465369,26.525586,0.166106,458.317883,-118.095018,713.690769,39.388988,-8.283956,94347.945147,0.096431,-0.132195,0.028579,-219.433662,0.000000
121.120000,72.464800,26.526284,0.166058,458.134950,-118.569789,712.759680,39.388983,-8.283958,94358.280286,0.096348,-0.132197,0.028571,-219.433416,0.000000
121.160000,72.464236,26.526985,0.166011,457.952172,-119.044772,711.828636,39.388979,-8.283960,94368.614918,0.096265,-0.132199,0.028564,-219.433172,0.000000
121.200000,72.463678,26.527688,0.165963,457.769547,-119.519967,710.897637,39.388975,-8.283962,94378.949042,0.096184,-0.132201,0.028556,-219.432930,0.000000
121.240000,72.463126,26.528394,0.165917,457.587077,-119.995373,709.966685,39.388970,-8.283964,94389.282660,0.096103,-0.132202,0.028549,-219.432689,0.000000
121.280000,72.462579,26.529103,0.165870,457.404760,-120.470991,709.035778,39.388966,-8.283966,94399.615770,0.096023,-0.132204,0.028541,-219.432451,0.000000
121.320000,72.462037,26.529813,0.165824,457.222597,-120.946820,708.104917,39.388962,-8.283968,94409.948373,0.095944,-0.132205,0.028534,-219.432214,0.000000
121.360000,72.461500,26.530527,0.165779,457.040588,-121.422861,707.174101,39.388958,-8.283971,94420.280470,0.095865,-0.132207,0.028527,-219.431979,0.000000
121.400000,72.460969,26.531242,0.165733,456.858731,-121.899113,706.243331,39.388953,-8.283973,94430.612060,0.095788,-0.132208,0.028520,-219.431746,0.000000
121.440000,72.460443,26.531961,0.165689,456.677028,-122.375577,705.312607,39.388949,-8.283975,94440.943143,0.095710,-0.132209,0.028512,-219.431515,0.000000
121.480000,72.459922,26.532681,0.165644,456.495479,-122.852252,704.381928,39.388945,-8.283977,94451.273720,0.095634,-0.132210,0.028505,-219.431285,0.000000
121.520000,72.459406,26.533404,0.165600,456.314082,-123.329139,703.451295,39.388941,-8.283979,94461.603791,0.095558,-0.132211,0.028498,-219.431057,0.000000
121.560000,72.458895,26.534130,0.165556,456.132838,-123.806237,702.520708,39.388936,-8.283981,94471.933355,0.095483,-0.132212,0.028491,-219.430830,0.000000
121.600000,72.458389,26.534857,0.165513,455.951747,-124.283547,701.590166,39.388932,-8.283983,94482.262414,0.095409,-0.132213,0.028484,-219.430605,0.000000
121.640000,72.457888,26.535588,0.165470,455.770808,-124.761068,700.659670,39.388928,-8.283985,94492.590967,0.095335,-0.132214,0.028477,-219.430381,0.000000
121.680000,72.457392,26.536320,0.165428,455.590022,-125.238801,699.729219,39.388923,-8.283987,94502.919014,0.095263,-0.132215,0.028470,-219.430159,0.000000
121.720000,72.456901,26.537055,0.165385,455.409389,-125.716746,698.798814,39.388919,-8.283990,94513.246555,0.095190,-0.132216,0.028463,-219.429939,0.000000
121.760000,72.456414,26.537793,0.165343,455.228908,-126.194902,697.868454,39.388915,-8.283992,94523.573591,0.095119,-0.132216,0.028456,-219.429719,0.000000
121.800000,72.455933,26.538533,0.165302,455.048579,-126.673270,696.938140,39.388910,-8.283994,94533.900122,0.095048,-0.132217,0.028450,-219.429502,0.000000
121.840000,72.455456,26.539275,0.165261,454.868402,-127.151849,696.007871,39.388906,-8.283996,94544.226147,0.094977,-0.132217,0.028443,-219.429285,0.000000
121.880000,72.454983,26.540019,0.165220,454.688377,-127.630640,695.077648,39.388902,-8.283998,94554.551667,0.094908,-0.132218,0.028436,-219.429070,0.000000
121.920000,72.454516,26.540766,0.165179,454.508504,-128.109642,694.147471,39.388898,-8.284000,94564.876682,0.094839,-0.132218,0.028429,-219.428856,0.000000
121.960000,72.454053,26.541515,0.165139,454.328782,-128.588856,693.217338,39.388893,-8.284002,94575.201192,0.094770,-0.132218,0.028423,-219.428643,0.000000
122.000000,72.453594,26.542266,0.165099,454.149213,-129.068281,692.287252,39.388889,-8.284004,94585.525197,0.094702,-0.132219,0.028416,-219.428432,0.000000
122.040000,72.453140,26.543020,0.165060,453.969794,-129.547918,691.357211,39.388885,-8.284006,94595.848698,0.094635,-0.132219,0.028409,-219.428222,0.000000
122.080000,72.452690,26.543776,0.165021,453.790528,-130.027766,690.427215,39.388880,-8.284008,94606.171694,0.094569,-0.132219,0.028403,-219.428013,0.000000
122.120000,72.452245,26.544535,0.164982,453.611412,-130.507826,689.497265,39.388876,-8.284010,94616.494186,0.094503,-0.132219,0.028396,-219.427805,0.000000
122.160000,72.451804,26.545295,0.164943,453.432448,-130.988098,688.567360,39.388872,-8.284013,94626.816173,0.094437,-0.132219,0.028390,-219.427599,0.000000
122.200000,72.451368,26.546058,0.164905,453.253635,-131.468581,687.637500,39.388867,-8.284015,94637.137656,0.094373,-0.132219,0.028383,-219.427393,0.000000
122.240000,72.450935,26.546823,0.164867,453.074972,-131.949276,686.707686,39.388863,-8.284017,94647.458635,0.094309,-0.132219,0.028377,-219.427189,0.000000
122.280000,72.450507,26.547591,0.164829,452.896461,-132.430182,685.777918,39.388859,-8.284019,94657.779110,0.094245,-0.132219,0.028370,-219.426985,0.000000
122.320000,72.450083,26.548361,0.164792,452.718101,-132.911300,684.848195,39.388854,-8.284021,94668.099082,0.094182,-0.132218,0.028364,-219.426783,0.000000
122.360000,72.449664,26.549133,0.164755,452.539891,-133.392629,683.918517,39.388850,-8.284023,94678.418549,0.094120,-0.132218,0.028357,-219.426582,0.000000
122.400000,72.449248,26.549907,0.164718,452.361832,-133.874170,682.988884,39.388846,-8.284025,94688.737513,0.094058,-0.132218,0.028351,-219.426381,0.000000
122.440000,72.448836,26.550683,0.164682,452.183923,-134.355922,682.059297,39.388841,-8.284027,94699.055973,0.093996,-0.132217,0.028345,-219.426182,0.000000
122.480000,72.448429,26.551462,0.164646,452.006164,-134.837886,681.129756,39.388837,-8.284029,94709.373930,0.093936,-0.132217,0.028338,-219.425984,0.000000
122.520000,72.448025,26.552243,0.164610,451.828556,-135.320062,680.200259,39.388833,-8.284031,94719.691384,0.093876,-0.132216,0.028332,-219.425786,0.000000
122.560000,72.447626,26.553026,0.164574,451.651099,-135.802449,679.270808,39.388828,-8.284033,94730.008334,0.093816,-0.132215,0.028326,-219.425590,0.000000
122.600000,72.447230,26.553812,0.164539,451.473791,-136.285048,678.341402,39.388824,-8.284035,94740.324782,0.093757,-0.132215,0.028320,-219.425394,0.000000
122.640000,72.446838,26.554599,0.164504,451.296633,-136.767858,677.412042,39.388820,-8.284037,94750.640726,0.093698,-0.132214,0.028314,-219.425199,0.000000
122.680000,72.446450,26.555389,0.164469,451.119625,-137.250879,676.482727,39.388815,-8.284039,94760.956168,0.093640,-0.132213,0.028307,-219.425005,0.000000
122.720000,72.446066,26.556181,0.164435,450.942767,-137.734113,675.553457,39.388811,-8.284042,94771.271107,0.093583,-0.132212,0.028301,-219.424812,0.000000
122.760000,72.445685,26.556975,0.164400,450.766059,-138.217557,674.624232,39.388807,-8.284044,94781.585543,0.093526,-0.132211,0.028295,-219.424620,0.000000
122.800000,72.445309,26.557771,0.164366,450.589500,-138.701214,673.695053,39.388802,-8.284046,94791.899477,0.093469,-0.132210,0.028289,-219.424429,0.000000
122.840000,72.444936,26.558570,0.164333,450.413091,-139.185082,672.765919,39.388798,-8.284048,94802.212908,0.093413,-0.132209,0.028283,-219.424238,0.000000
122.880000,72.444566,26.559371,0.164299,450.236832,-139.669161,671.836830,39.388794,-8.284050,94812.525837,0.093358,-0.132208,0.028277,-219.424048,0.000000
122.920000,72.444201,26.560173,0.164266,450.060722,-140.153452,670.907787,39.388789,-8.284052,94822.838264,0.093303,-0.132207,0.028271,-219.423859,0.000000
122.960000,72.443838,26.560978,0.164233,449.884761,-140.637954,669.978789,39.388785,-8.284054,94833.150188,0.093248,-0.132206,0.028265,-219.423670,0.000000
123.000000,72.443480,26.561786,0.164201,449.708949,-141.122668,669.049835,39.388780,-8.284056,94843.461611,0.093194,-0.132205,0.028259,-219.423483,0.000000
123.040000,72.443125,26.562595,0.164168,449.533286,-141.607594,668.120928,39.388776,-8.284058,94853.772532,0.093141,-0.132204,0.028253,-219.423296,0.000000
123.080000,72.442773,26.563406,0.164136,449.357773,-142.092731,667.192065,39.388772,-8.284060,94864.082951,0.093088,-0.132202,0.028247,-219.423109,0.000000
123.120000,72.442425,26.564220,0.164104,449.182408,-142.578079,666.263248,39.388767,-8.284062,94874.392868,0.093035,-0.132201,0.028241,-219.422924,0.000000
123.160000,72.442080,26.565036,0.164072,449.007192,-143.063639,665.334475,39.388763,-8.284064,94884.702284,0.092983,-0.132200,0.028235,-219.422739,0.000000
123.200000,72.441739,26.565853,0.164041,448.832125,-143.549411,664.405748,39.388759,-8.284066,94895.011199,0.092931,-0.132198,0.028229,-219.422554,0.000000
123.240000,72.441401,26.566673,0.164010,448.657207,-144.035394,663.477066,39.388754,-8.284068,94905.319612,0.092880,-0.132197,0.028223,-219.422370,0.000000
123.280000,72.441066,26.567495,0.163979,448.482437,-144.521589,662.548429,39.388750,-8.284070,94915.627523,0.092830,-0.132195,0.028217,-219.422187,0.000000
123.320000,72.440735,26.568319,0.163948,448.307816,-145.007995,661.619838,39.388746,-8.284072,94925.934934,0.092779,-0.132193,0.028211,-219.422005,0.000000
123.360000,72.440406,26.569146,0.163917,448.133343,-145.494613,660.691291,39.388741,-8.284074,94936.241844,0.092729,-0.132192,0.028205,-219.421823,0.000000
123.400000,72.440081,26.569974,0.163887,447.959019,-145.981442,659.762790,39.388737,-8.284076,94946.548252,0.092680,-0.132190,0.028199,-219.421641,0.000000
123.440000,72.439760,26.570804,0.163857,447.784843,-146.468482,658.834334,39.388732,-8.284078,94956.854160,0.092631,-0.132188,0.028193,-219.421460,0.000000
123.480000,72.439441,26.571637,0.163827,447.610815,-146.955734,657.905923,39.388728,-8.284080,94967.159568,0.092583,-0.132186,0.028188,-219.421280,0.000000
123.520000,72.439125,26.572471,0.163798,447.436935,-147.443198,656.977557,39.388724,-8.284082,94977.464474,0.092535,-0.132185,0.028182,-219.421100,0.000000
123.560000,72.438813,26.573308,0.163768,447.263203,-147.930873,656.049236,39.388719,-8.284084,94987.768880,0.092487,-0.132183,0.028176,-219.420921,0.000000
123.600000,72.438504,26.574147,0.163739,447.089619,-148.418760,655.120960,39.388715,-8.284086,94998.072786,0.092440,-0.132181,0.028170,-219.420742,0.000000
123.640000,72.442559,26.574981,0.162453,446.916183,-148.906858,654.192729,39.388710,-8.284088,95008.664187,0.091760,-0.131075,0.028113,-219.418564,0.000000
123.680000,72.447573,26.575801,0.160893,446.742894,-149.395165,653.264543,39.388706,-8.284090,95019.321155,0.090943,-0.129729,0.028045,-219.416000,0.000000
123.720000,72.452541,26.576605,0.159349,446.569751,-149.883681,652.336402,39.388702,-8.284092,95029.977688,0.090133,-0.128395,0.027980,-219.413514,0.000000
123.760000,72.457462,26.577394,0.157821,446.396751,-150.372401,651.408306,39.388697,-8.284094,95040.633707,0.089332,-0.127074,0.027916,-219.411106,0.000000
123.800000,72.462336,26.578168,0.156308,446.223895,-150.861325,650.480255,39.388693,-8.284096,95051.289214,0.088538,-0.125767,0.027854,-219.408772,0.000000
123.840000,72.467164,26.578926,0.154810,446.051180,-151.350450,649.552248,39.388688,-8.284098,95061.944208,0.087752,-0.124472,0.027795,-219.406512,0.000000
123.880000,72.471946,26.579669,0.153327,445.878606,-151.839775,648.624285,39.388684,-8.284100,95072.598692,0.086973,-0.123189,0.027737,-219.404322,0.000000
123.920000,72.476684,26.580397,0.151860,445.706170,-152.329296,647.696367,39.388680,-8.284102,95083.252667,0.086203,-0.121920,0.027681,-219.402202,0.000000
123.960000,72.481376,26.581110,0.150408,445.533873,-152.819013,646.768493,39.388675,-8.284104,95093.906133,0.085439,-0.120662,0.027627,-219.400148,0.000000
124.000000,72.486024,26.581808,0.148970,445.361712,-153.308922,645.840664,39.388671,-8.284106,95104.559091,0.084683,-0.119417,0.027574,-219.398159,0.000000
124.040000,72.490628,26.582491,0.147547,445.189687,-153.799023,644.912878,39.388666,-8.284108,95115.211543,0.083935,-0.118184,0.027523,-219.396234,0.000000
124.080000,72.495188,26.583160,0.146139,445.017796,-154.289313,643.985137,39.388662,-8.284110,95125.863490,0.083194,-0.116964,0.027474,-219.394371,0.000000
124.120000,72.499706,26.583814,0.144745,444.846039,-154.779790,643.057439,39.388658,-8.284112,95136.514931,0.082460,-0.115755,0.027426,-219.392567,0.000000
124.160000,72.504180,26.584453,0.143365,444.674413,-155.270452,642.129786,39.388653,-8.284114,95147.165869,0.081734,-0.114558,0.027380,-219.390822,0.000000
124.200000,72.508612,26.585077,0.141999,444.502918,-155.761297,641.202176,39.388649,-8.284116,95157.816304,0.081014,-0.113373,0.027335,-219.389133,0.000000
124.240000,72.513002,26.585688,0.140647,444.331553,-156.252324,640.274610,39.388644,-8.284118,95168.466237,0.080301,-0.112199,0.027291,-219.387499,0.000000
124.280000,72.517350,26.586284,0.139310,444.160316,-156.743530,639.347087,39.388640,-8.284120,95179.115668,0.079596,-0.111037,0.027249,-219.385919,0.000000
124.320000,72.521657,26.586865,0.137985,443.989206,-157.234914,638.419609,39.388636,-8.284122,95189.764599,0.078897,-0.109886,0.027209,-219.384390,0.000000
124.360000,72.525923,26.587433,0.136675,443.818223,-157.726474,637.492173,39.388631,-8.284124,95200.413029,0.078205,-0.108746,0.027169,-219.382912,0.000000
124.400000,72.530149,26.587986,0.135377,443.647365,-158.218208,636.564782,39.388627,-8.284126,95211.060961,0.077520,-0.107618,0.027131,-219.381484,0.000000
124.440000,72.534335,26.588526,0.134093,443.476631,-158.710114,635.637433,39.388622,-8.284128,95221.708394,0.076842,-0.106500,0.027094,-219.380102,0.000000
124.480000,72.538481,26.589051,0.132823,443.306019,-159.202190,634.710128,39.388618,-8.284130,95232.355330,0.076170,-0.105393,0.027059,-219.378767,0.000000
124.520000,72.542587,26.589563,0.131565,443.135530,-159.694435,633.782867,39.388613,-8.284132,95243.001769,0.075505,-0.104298,0.027024,-219.377477,0.000000
124.560000,72.546655,26.590061,0.130320,442.965161,-160.186847,632.855648,39.388609,-8.284134,95253.647711,0.074846,-0.103213,0.026991,-219.376230,0.000000
124.600000,72.550683,26.590545,0.129088,442.794913,-160.679424,631.928473,39.388605,-8.284136,95264.293157,0.074194,-0.102138,0.026959,-219.375026,0.000000
124.640000,72.554674,26.591016,0.127869,442.624783,-161.172165,631.001341,39.388600,-8.284138,95274.938108,0.073548,-0.101074,0.026927,-219.373863,0.000000
124.680000,72.558627,26.591473,0.126662,442.454770,-161.665067,630.074251,39.388596,-8.284140,95285.582564,0.072908,-0.100021,0.026897,-219.372740,0.000000
124.720000,72.562542,26.591917,0.125468,442.284875,-162.158129,629.147205,39.388591,-8.284142,95296.226526,0.072275,-0.098978,0.026868,-219.371656,0.000000
124.760000,72.566419,26.592348,0.124286,442.115095,-162.651350,628.220202,39.388587,-8.284144,95306.869995,0.071648,-0.097944,0.026840,-219.370609,0.000000
124.800000,72.570260,26.592765,0.123116,441.945429,-163.144727,627.293242,39.388582,-8.284146,95317.512971,0.071027,-0.096921,0.026813,-219.369599,0.000000
124.840000,72.574064,26.593169,0.121958,441.775877,-163.638259,626.366325,39.388578,-8.284148,95328.155453,0.070412,-0.095908,0.026786,-219.368624,0.000000
124.880000,72.577833,26.593561,0.120812,441.606438,-164.131945,625.439451,39.388573,-8.284150,95338.797444,0.069803,-0.094905,0.026761,-219.367684,0.000000
124.920000,72.581565,26.593939,0.119679,441.437111,-164.625783,624.512619,39.388569,-8.284152,95349.438944,0.069200,-0.093912,0.026737,-219.366777,0.000000
124.960000,72.585261,26.594305,0.118556,441.267894,-165.119771,623.585830,39.388565,-8.284154,95360.079952,0.068603,-0.092929,0.026713,-219.365902,0.000000
125.000000,72.588923,26.594657,0.117446,441.098787,-165.613907,622.659084,39.388560,-8.284156,95370.720469,0.068011,-0.091955,0.026690,-219.365059,0.000000
125.040000,72.592550,26.594997,0.116347,440.929789,-166.108191,621.732381,39.388556,-8.284158,95381.360496,0.067426,-0.090990,0.026668,-219.364247,0.000000
125.080000,72.596142,26.595325,0.115259,440.760899,-166.602621,620.805720,39.388551,-8.284160,95392.000033,0.066846,-0.090035,0.026647,-219.363464,0.000000
125.120000,72.599699,26.595640,0.114183,440.592115,-167.097194,619.879102,39.388547,-8.284162,95402.639081,0.066272,-0.089089,0.026626,-219.362709,0.000000
125.160000,72.603223,26.595943,0.113118,440.423438,-167.591910,618.952527,39.388542,-8.284164,95413.277639,0.065703,-0.088153,0.026606,-219.361983,0.000000
125.200000,72.606714,26.596233,0.112064,440.254866,-168.086767,618.025994,39.388538,-8.284166,95423.915709,0.065140,-0.087225,0.026587,-219.361283,0.000000
125.240000,72.610171,26.596511,0.111021,440.086398,-168.581763,617.099504,39.388533,-8.284168,95434.553291,0.064583,-0.086307,0.026569,-219.360609,0.000000
125.280000,72.613595,26.596777,0.109989,439.918033,-169.076898,616.173056,39.388529,-8.284170,95445.190384,0.064030,-0.085398,0.026551,-219.359961,0.000000
125.320000,72.616986,26.597031,0.108968,439.749771,-169.572169,615.246651,39.388525,-8.284172,95455.826989,0.063484,-0.084497,0.026534,-219.359337,0.000000
125.360000,72.620345,26.597273,0.107957,439.581611,-170.067576,614.320288,39.388520,-8.284174,95466.463107,0.062942,-0.083606,0.026517,-219.358737,0.000000
125.400000,72.623672,26.597503,0.106957,439.413551,-170.563116,613.393967,39.388516,-8.284176,95477.098738,0.062406,-0.082723,0.026501,-219.358160,0.000000
125.440000,72.626967,26.597722,0.105968,439.245591,-171.058789,612.467689,39.388511,-8.284178,95487.733882,0.061875,-0.081848,0.026486,-219.357606,0.000000
125.480000,72.630231,26.597929,0.104989,439.077730,-171.554592,611.541454,39.388507,-8.284180,95498.368540,0.061350,-0.080982,0.026471,-219.357073,0.000000
125.520000,72.633464,26.598124,0.104020,438.909967,-172.050525,610.615260,39.388502,-8.284182,95509.002711,0.060829,-0.080125,0.026457,-219.356560,0.000000
125.560000,72.636665,26.598307,0.103061,438.742301,-172.546587,609.689109,39.388498,-8.284184,95519.636396,0.060314,-0.079276,0.026443,-219.356068,0.000000
125.600000,72.639836,26.598480,0.102113,438.574732,-173.042775,608.763001,39.388493,-8.284185,95530.269596,0.059803,-0.078435,0.026429,-219.355596,0.000000
125.640000,72.642977,26.598640,0.101174,438.407259,-173.539088,607.836934,39.388489,-8.284187,95540.902310,0.059298,-0.077603,0.026417,-219.355143,0.000000
125.680000,72.646088,26.598790,0.100246,438.239881,-174.035526,606.910910,39.388484,-8.284189,95551.534538,0.058797,-0.076779,0.026404,-219.354708,0.000000
125.720000,72.649169,26.598929,0.099327,438.072596,-174.532087,605.984928,39.388480,-8.284191,95562.166282,0.058301,-0.075962,0.026393,-219.354291,0.000000
125.760000,72.652221,26.599056,0.098418,437.905405,-175.028769,605.058989,39.388475,-8.284193,95572.797541,0.057810,-0.075154,0.026381,-219.353890,0.000000
125.800000,72.655243,26.599172,0.097519,437.738307,-175.525572,604.133091,39.388471,-8.284195,95583.428315,0.057324,-0.074353,0.026370,-219.353507,0.000000
125.840000,72.658237,26.599278,0.096629,437.571300,-176.022493,603.207236,39.388467,-8.284197,95594.058604,0.056843,-0.073561,0.026360,-219.353140,0.000000
125.880000,72.661202,26.599373,0.095749,437.404384,-176.519532,602.281423,39.388462,-8.284199,95604.688410,0.056366,-0.072776,0.026350,-219.352788,0.000000
125.920000,72.664138,26.599457,0.094878,437.237558,-177.016688,601.355652,39.388458,-8.284201,95615.317731,0.055894,-0.071998,0.026340,-219.352451,0.000000
125.960000,72.667047,26.599530,0.094016,437.070822,-177.513959,600.429923,39.388453,-8.284203,95625.946568,0.055427,-0.071229,0.026331,-219.352129,0.000000
126.000000,72.669927,26.599593,0.093163,436.904174,-178.011343,599.504237,39.388449,-8.284205,95636.574922,0.054964,-0.070467,0.026322,-219.351820,0.000000
126.040000,72.672780,26.599645,0.092320,436.737614,-178.508841,598.578592,39.388444,-8.284207,95647.202792,0.054506,-0.069712,0.026313,-219.351526,0.000000
126.080000,72.675606,26.599687,0.091486,436.571142,-179.006450,597.652990,39.388440,-8.284209,95657.830179,0.054052,-0.068964,0.026305,-219.351244,0.000000
126.120000,72.678405,26.599719,0.090660,436.404756,-179.504169,596.727430,39.388435,-8.284211,95668.457083,0.053603,-0.068224,0.026297,-219.350975,0.000000
126.160000,72.681177,26.599740,0.089844,436.238456,-180.001998,595.801911,39.388431,-8.284213,95679.083503,0.053158,-0.067492,0.026289,-219.350718,0.000000
126.200000,72.683922,26.599751,0.089036,436.072241,-180.499934,594.876435,39.388426,-8.284215,95689.709441,0.052717,-0.066766,0.026282,-219.350473,0.000000
126.240000,72.686641,26.599753,0.088237,435.906110,-180.997978,593.951001,39.388422,-8.284217,95700.334896,0.052280,-0.066047,0.026274,-219.350239,0.000000
126.280000,72.689334,26.599744,0.087447,435.740063,-181.496127,593.025609,39.388417,-8.284218,95710.959868,0.051848,-0.065336,0.026268,-219.350016,0.000000
126.320000,72.692001,26.599725,0.086665,435.574098,-181.994380,592.100259,39.388413,-8.284220,95721.584357,0.051420,-0.064631,0.026261,-219.349804,0.000000
126.360000,72.694643,26.599697,0.085892,435.408216,-182.492737,591.174951,39.388408,-8.284222,95732.208365,0.050996,-0.063933,0.026255,-219.349602,0.000000
126.400000,72.697259,26.599659,0.085127,435.242416,-182.991196,590.249685,39.388404,-8.284224,95742.831889,0.050577,-0.063242,0.026249,-219.349409,0.000000
126.440000,72.699850,26.599611,0.084370,435.076697,-183.489757,589.324461,39.388399,-8.284226,95753.454932,0.050161,-0.062558,0.026243,-219.349226,0.000000
126.480000,72.702417,26.599554,0.083622,434.911057,-183.988417,588.399279,39.388395,-8.284228,95764.077492,0.049750,-0.061880,0.026238,-219.349052,0.000000
126.520000,72.704959,26.599487,0.082882,434.745498,-184.487177,587.474139,39.388390,-8.284230,95774.699571,0.049342,-0.061209,0.026232,-219.348887,0.000000
126.560000,72.707476,26.599410,0.082150,434.580017,-184.986035,586.549040,39.388386,-8.284232,95785.321167,0.048939,-0.060545,0.026227,-219.348731,0.000000
126.600000,72.709969,26.599325,0.081425,434.414615,-185.484989,585.623984,39.388381,-8.284234,95795.942282,0.048539,-0.059887,0.026222,-219.348582,0.000000
126.640000,72.712439,26.599230,0.080709,434.249290,-185.984039,584.698970,39.388377,-8.284236,95806.562915,0.048143,-0.059235,0.026218,-219.348442,0.000000
126.680000,72.714884,26.599126,0.080001,434.084043,-186.483184,583.773998,39.388372,-8.284238,95817.183067,0.047751,-0.058590,0.026213,-219.348308,0.000000
126.720000,72.717307,26.599013,0.079301,433.918871,-186.982423,582.849068,39.388368,-8.284240,95827.802737,0.047363,-0.057951,0.026209,-219.348182,0.000000
126.760000,72.719706,26.598891,0.078608,433.753776,-187.481754,581.924179,39.388363,-8.284242,95838.421925,0.046979,-0.057319,0.026205,-219.348063,0.000000
126.800000,72.722082,26.598760,0.077923,433.588756,-187.981177,580.999333,39.388359,-8.284244,95849.040632,0.046599,-0.056692,0.026201,-219.347951,0.000000
126.840000,72.724435,26.598620,0.077245,433.423810,-188.480691,580.074528,39.388354,-8.284245,95859.658858,0.046222,-0.056072,0.026197,-219.347844,0.000000
126.880000,72.726765,26.598471,0.076575,433.258938,-188.980295,579.149766,39.388350,-8.284247,95870.276602,0.045849,-0.055458,0.026194,-219.347744,0.000000
126.920000,72.729073,26.598314,0.075913,433.094140,-189.479987,578.225045,39.388345,-8.284249,95880.893865,0.045479,-0.054849,0.026190,-219.347650,0.000000
126.960000,72.731359,26.598148,0.075258,432.929414,-189.979767,577.300366,39.388341,-8.284251,95891.510647,0.045113,-0.054247,0.026187,-219.347562,0.000000
127.000000,72.733623,26.597973,0.074610,432.764761,-190.479634,576.375729,39.388336,-8.284253,95902.126948,0.044751,-0.053650,0.026184,-219.347478,0.000000
127.040000,72.735866,26.597790,0.073969,432.600179,-190.979587,575.451134,39.388332,-8.284255,95912.742768,0.044392,-0.053060,0.026181,-219.347400,0.000000
127.080000,72.738087,26.597599,0.073336,432.435668,-191.479624,574.526581,39.388327,-8.284257,95923.358107,0.044037,-0.052475,0.026178,-219.347327,0.000000
127.120000,72.740286,26.597399,0.072709,432.271228,-191.979746,573.602070,39.388323,-8.284259,95933.972966,0.043685,-0.051896,0.026175,-219.347259,0.000000
127.160000,72.742464,26.597191,0.072090,432.106857,-192.479950,572.677601,39.388318,-8.284261,95944.587343,0.043337,-0.051322,0.026172,-219.347195,0.000000
127.200000,72.744622,26.596975,0.071478,431.942556,-192.980237,571.753173,39.388314,-8.284263,95955.201239,0.042992,-0.050754,0.026170,-219.347135,0.000000
127.240000,72.746758,26.596750,0.070873,431.778324,-193.480605,570.828788,39.388309,-8.284265,95965.814655,0.042650,-0.050192,0.026167,-219.347080,0.000000
127.280000,72.748874,26.596518,0.070274,431.614160,-193.981053,569.904444,39.388305,-8.284267,95976.427590,0.042312,-0.049635,0.026165,-219.347028,0.000000
127.320000,72.750970,26.596278,0.069683,431.450063,-194.481581,568.980142,39.388300,-8.284268,95987.040045,0.041976,-0.049083,0.026163,-219.346980,0.000000
127.360000,72.753046,26.596029,0.069098,431.286034,-194.982187,568.055882,39.388296,-8.284270,95997.652018,0.041645,-0.048537,0.026161,-219.346936,0.000000
127.400000,72.755101,26.595773,0.068520,431.122072,-195.482871,567.131664,39.388291,-8.284272,96008.263512,0.041316,-0.047996,0.026158,-219.346895,0.000000
127.440000,72.757137,26.595509,0.067948,430.958175,-195.983632,566.207488,39.388287,-8.284274,96018.874524,0.040991,-0.047461,0.026156,-219.346857,0.000000
127.480000,72.759154,26.595238,0.067383,430.794344,-196.484468,565.283353,39.388282,-8.284276,96029.485056,0.040669,-0.046931,0.026155,-219.346822,0.000000
127.520000,72.761150,26.594958,0.066825,430.630578,-196.985380,564.359261,39.388278,-8.284278,96040.095108,0.040350,-0.046405,0.026153,-219.346790,0.000000
127.560000,72.763128,26.594672,0.066272,430.466877,-197.486366,563.435210,39.388273,-8.284280,96050.704679,0.040034,-0.045885,0.026151,-219.346761,0.000000
127.600000,72.765087,26.594377,0.065727,430.303240,-197.987425,562.511201,39.388269,-8.284282,96061.313770,0.039721,-0.045370,0.026149,-219.346735,0.000000
127.640000,72.767027,26.594076,0.065187,430.139666,-198.488557,561.587234,39.388264,-8.284284,96071.922380,0.039411,-0.044861,0.026148,-219.346710,0.000000
127.680000,72.768948,26.593767,0.064654,429.976155,-198.989761,560.663309,39.388260,-8.284286,96082.530511,0.039104,-0.044356,0.026146,-219.346688,0.000000
127.720000,72.770851,26.593450,0.064127,429.812707,-199.491035,559.739425,39.388255,-8.284287,96093.138160,0.038800,-0.043856,0.026144,-219.346669,0.000000
127.760000,72.772735,26.593127,0.063607,429.649321,-199.992380,558.815584,39.388251,-8.284289,96103.745330,0.038500,-0.043361,0.026143,-219.346651,0.000000
127.800000,72.774601,26.592796,0.063092,429.485997,-200.493794,557.891784,39.388246,-8.284291,96114.352019,0.038202,-0.042870,0.026142,-219.346635,0.000000
127.840000,72.776449,26.592458,0.062583,429.322734,-200.995277,556.968026,39.388242,-8.284293,96124.958228,0.037907,-0.042385,0.026140,-219.346621,0.000000
127.880000,72.778280,26.592113,0.062081,429.159531,-201.496828,556.044310,39.388237,-8.284295,96135.563957,0.037614,-0.041904,0.026139,-219.346609,0.000000
127.920000,72.780093,26.591761,0.061584,428.996389,-201.998445,555.120636,39.388233,-8.284297,96146.169205,0.037325,-0.041428,0.026138,-219.346598,0.000000
127.960000,72.781888,26.591403,0.061093,428.833306,-202.500129,554.197003,39.388228,-8.284299,96156.773974,0.037039,-0.040956,0.026136,-219.346588,0.000000
128.000000,72.783666,26.591037,0.060608,428.670283,-203.001879,553.273413,39.388224,-8.284301,96167.378262,0.036755,-0.040490,0.026135,-219.346580,0.000000
128.040000,72.785427,26.590665,0.060129,428.507318,-203.503693,552.349864,39.388219,-8.284303,96177.982070,0.036474,-0.040027,0.026134,-219.346573,0.000000
128.080000,72.787171,26.590286,0.059656,428.344412,-204.005571,551.426357,39.388215,-8.284305,96188.585398,0.036196,-0.039570,0.026133,-219.346568,0.000000
128.120000,72.788898,26.589900,0.059188,428.181564,-204.507513,550.502892,39.388210,-8.284306,96199.188246,0.035920,-0.039116,0.026132,-219.346563,0.000000
128.160000,72.790609,26.589508,0.058726,428.018773,-205.009517,549.579469,39.388206,-8.284308,96209.790614,0.035648,-0.038667,0.026130,-219.346559,0.000000
128.200000,72.792303,26.589109,0.058269,427.856039,-205.511583,548.656087,39.388201,-8.284310,96220.392502,0.035377,-0.038223,0.026129,-219.346556,0.000000
128.240000,72.793981,26.588703,0.057818,427.693362,-206.013710,547.732747,39.388197,-8.284312,96230.993910,0.035110,-0.037783,0.026128,-219.346554,0.000000
128.280000,72.795642,26.588292,0.057372,427.530741,-206.515898,546.809449,39.388192,-8.284314,96241.594838,0.034845,-0.037347,0.026127,-219.346553,0.000000
128.320000,72.797288,26.587874,0.056932,427.368175,-207.018146,545.886193,39.388188,-8.284316,96252.195286,0.034583,-0.036915,0.026126,-219.346552,0.000000
128.360000,72.798918,26.587449,0.056497,427.205665,-207.520452,544.962979,39.388183,-8.284318,96262.795254,0.034323,-0.036488,0.026125,-219.346551,0.000000
128.400000,72.800532,26.587019,0.056068,427.043210,-208.022817,544.039806,39.388179,-8.284320,96273.394742,0.034066,-0.036065,0.026124,-219.346551,0.000000
128.440000,72.802130,26.586582,0.055643,426.880810,-208.525240,543.116676,39.388174,-8.284322,96283.993750,0.033811,-0.035645,0.026123,-219.346552,0.000000
128.480000,72.803713,26.586139,0.055224,426.718463,-209.027719,542.193587,39.388170,-8.284323,96294.592279,0.033559,-0.035230,0.026122,-219.346552,0.000000
128.520000,72.805281,26.585690,0.054810,426.556170,-209.530255,541.270539,39.388165,-8.284325,96305.190327,0.033309,-0.034819,0.026121,-219.346553,0.000000
128.560000,72.806834,26.585235,0.054402,426.393931,-210.032847,540.347534,39.388161,-8.284327,96315.787896,0.033061,-0.034413,0.026120,-219.346555,0.000000
128.600000,72.808371,26.584774,0.053998,426.231744,-210.535494,539.424570,39.388156,-8.284329,96326.384984,0.032816,-0.034010,0.026119,-219.346556,0.000000
128.640000,72.809894,26.584307,0.053599,426.069610,-211.038195,538.501649,39.388152,-8.284331,96336.981593,0.032574,-0.033610,0.026118,-219.346557,0.000000
128.680000,72.811402,26.583835,0.053206,425.907528,-211.540950,537.578769,39.388147,-8.284333,96347.577722,0.032334,-0.033215,0.026117,-219.346558,0.000000
128.720000,72.812896,26.583356,0.052817,425.745498,-212.043758,536.655931,39.388143,-8.284335,96358.173371,0.032096,-0.032824,0.026116,-219.346560,0.000000
128.760000,72.814375,26.582872,0.052433,425.583519,-212.546619,535.733134,39.388138,-8.284337,96368.768541,0.031860,-0.032437,0.026115,-219.346561,0.000000
128.800000,72.815840,26.582382,0.052054,425.421591,-213.049531,534.810380,39.388133,-8.284339,96379.363231,0.031627,-0.032053,0.026114,-219.346562,0.000000
128.840000,72.817291,26.581887,0.051680,425.259714,-213.552495,533.887667,39.388129,-8.284340,96389.957441,0.031396,-0.031673,0.026113,-219.346562,0.000000
128.880000,72.818728,26.581386,0.051310,425.097887,-214.055509,532.964996,39.388124,-8.284342,96400.551171,0.031167,-0.031297,0.026112,-219.346563,0.000000
128.920000,72.820151,26.580879,0.050945,424.936110,-214.558574,532.042366,39.388120,-8.284344,96411.144422,0.030941,-0.030924,0.026111,-219.346563,0.000000
128.960000,72.821560,26.580367,0.050585,424.774382,-215.061688,531.119779,39.388115,-8.284346,96421.737192,0.030716,-0.030555,0.026110,-219.346563,0.000000
129.000000,72.822956,26.579850,0.050230,424.612704,-215.564851,530.197233,39.388111,-8.284348,96432.329484,0.030494,-0.030190,0.026109,-219.346562,0.000000
129.040000,72.824338,26.579327,0.049879,424.451074,-216.068062,529.274729,39.388106,-8.284350,96442.921295,0.030274,-0.029828,0.026108,-219.346561,0.000000
129.080000,72.825707,26.578799,0.049532,424.289493,-216.571321,528.352267,39.388102,-8.284352,96453.512627,0.030056,-0.029470,0.026107,-219.346560,0.000000
129.120000,72.827062,26.578265,0.049190,424.127960,-217.074627,527.429847,39.388097,-8.284354,96464.103480,0.029841,-0.029115,0.026106,-219.346558,0.000000
129.160000,72.828405,26.577727,0.048853,423.966474,-217.577980,526.507468,39.388093,-8.284356,96474.693853,0.029627,-0.028764,0.026105,-219.346555,0.000000
129.200000,72.829734,26.577183,0.048520,423.805036,-218.081379,525.585131,39.388088,-8.284357,96485.283746,0.029416,-0.028416,0.026104,-219.346552,0.000000
129.240000,72.831051,26.576634,0.048191,423.643645,-218.584823,524.662836,39.388084,-8.284359,96495.873159,0.029206,-0.028071,0.026103,-219.346549,0.000000
129.280000,72.832355,26.576080,0.047866,423.482301,-219.088312,523.740583,39.388079,-8.284361,96506.462094,0.028999,-0.027730,0.026102,-219.346544,0.000000
129.320000,72.833646,26.575521,0.047546,423.321003,-219.591845,522.818371,39.388075,-8.284363,96517.050548,0.028793,-0.027392,0.026101,-219.346539,0.000000
129.360000,72.834925,26.574957,0.047230,423.159751,-220.095423,521.896201,39.388070,-8.284365,96527.638524,0.028590,-0.027058,0.026099,-219.346534,0.000000
129.400000,72.836192,26.574389,0.046918,422.998545,-220.599043,520.974073,39.388066,-8.284367,96538.226019,0.028388,-0.026727,0.026098,-219.346527,0.000000
129.440000,72.837446,26.573815,0.046611,422.837385,-221.102706,520.051987,39.388061,-8.284369,96548.813036,0.028189,-0.026399,0.026097,-219.346520,0.000000
129.480000,72.838688,26.573236,0.046307,422.676269,-221.606412,519.129942,39.388056,-8.284371,96559.399572,0.027991,-0.026074,0.026096,-219.346512,0.000000
129.520000,72.839918,26.572653,0.046008,422.515198,-222.110159,518.207940,39.388052,-8.284372,96569.985630,0.027796,-0.025752,0.026095,-219.346504,0.000000
129.560000,72.841137,26.572065,0.045712,422.354172,-222.613948,517.285979,39.388047,-8.284374,96580.571208,0.027602,-0.025434,0.026093,-219.346494,0.000000
129.600000,72.842343,26.571473,0.045421,422.193190,-223.117777,516.364059,39.388043,-8.284376,96591.156307,0.027410,-0.025119,0.026092,-219.346484,0.000000
129.640000,72.843538,26.570875,0.045133,422.032252,-223.621646,515.442182,39.388038,-8.284378,96601.740926,0.027220,-0.024806,0.026091,-219.346473,0.000000
129.680000,72.844722,26.570273,0.044850,421.871357,-224.125556,514.520346,39.388034,-8.284380,96612.325066,0.027032,-0.024497,0.026089,-219.346461,0.000000
129.720000,72.845893,26.569667,0.044570,421.710506,-224.629504,513.598552,39.388029,-8.284382,96622.908727,0.026846,-0.024191,0.026088,-219.346448,0.000000
129.760000,72.847054,26.569056,0.044294,421.549697,-225.133491,512.676800,39.388025,-8.284384,96633.491909,0.026661,-0.023888,0.026087,-219.346434,0.000000
129.800000,72.848203,26.568440,0.044022,421.388931,-225.637516,511.755089,39.388020,-8.284386,96644.074611,0.026479,-0.023587,0.026085,-219.346420,0.000000
129.840000,72.849342,26.567821,0.043754,421.228208,-226.141579,510.833420,39.388016,-8.284387,96654.656834,0.026298,-0.023290,0.026084,-219.346404,0.000000
129.880000,72.850469,26.567196,0.043489,421.067526,-226.645679,509.911793,39.388011,-8.284389,96665.238578,0.026119,-0.022996,0.026083,-219.346388,0.000000
129.920000,72.851585,26.566568,0.043228,420.906887,-227.149816,508.990208,39.388007,-8.284391,96675.819843,0.025941,-0.022704,0.026081,-219.346370,0.000000
129.960000,72.852691,26.565935,0.042970,420.746289,-227.653990,508.068664,39.388002,-8.284393,96686.400629,0.025766,-0.022415,0.026080,-219.346352,0.000000
130.000000,72.853786,26.565298,0.042717,420.585732,-228.158199,507.147162,39.387998,-8.284395,96696.980935,0.025592,-0.022129,0.026078,-219.346332,0.000000
130.040000,72.854870,26.564657,0.042466,420.425216,-228.662443,506.225702,39.387993,-8.284397,96707.560763,0.025420,-0.021846,0.026077,-219.346312,0.000000
130.080000,72.855944,26.564011,0.042220,420.264741,-229.166723,505.304283,39.387988,-8.284399,96718.140112,0.025249,-0.021566,0.026075,-219.346290,0.000000
130.120000,72.857007,26.563361,0.041976,420.104306,-229.671037,504.382907,39.387984,-8.284400,96728.718981,0.025080,-0.021288,0.026073,-219.346268,0.000000
130.160000,72.858060,26.562708,0.041737,419.943911,-230.175385,503.461572,39.387979,-8.284402,96739.297372,0.024913,-0.021013,0.026072,-219.346245,0.000000
130.200000,72.859103,26.562050,0.041500,419.783556,-230.679767,502.540278,39.387975,-8.284404,96749.875283,0.024747,-0.020741,0.026070,-219.346220,0.000000
130.240000,72.860136,26.561388,0.041267,419.623241,-231.184182,501.619027,39.387970,-8.284406,96760.452716,0.024583,-0.020472,0.026068,-219.346195,0.000000
130.280000,72.861159,26.560723,0.041038,419.462965,-231.688629,500.697817,39.387966,-8.284408,96771.029670,0.024421,-0.020205,0.026067,-219.346169,0.000000
130.320000,72.862172,26.560053,0.040811,419.302728,-232.193109,499.776649,39.387961,-8.284410,96781.606144,0.024260,-0.019940,0.026065,-219.346141,0.000000
130.360000,72.863175,26.559380,0.040588,419.142530,-232.697621,498.855522,39.387957,-8.284412,96792.182141,0.024100,-0.019679,0.026063,-219.346113,0.000000
130.400000,72.864169,26.558702,0.040368,418.982371,-233.202165,497.934437,39.387952,-8.284414,96802.757658,0.023943,-0.019419,0.026062,-219.346083,0.000000
130.440000,72.865152,26.558021,0.040151,418.822250,-233.706739,497.013394,39.387948,-8.284415,96813.332696,0.023787,-0.019163,0.026060,-219.346053,0.000000
130.480000,72.866127,26.557336,0.039938,418.662167,-234.211344,496.092393,39.387943,-8.284417,96823.907256,0.023632,-0.018909,0.026058,-219.346021,0.000000
130.520000,72.867092,26.556647,0.039727,418.502121,-234.715980,495.171433,39.387939,-8.284419,96834.481337,0.023479,-0.018657,0.026056,-219.345988,0.000000
130.560000,72.868047,26.555955,0.039520,418.342114,-235.220645,494.250515,39.387934,-8.284421,96845.054940,0.023327,-0.018408,0.026054,-219.345955,0.000000
130.600000,72.868994,26.555259,0.039316,418.182143,-235.725340,493.329639,39.387929,-8.284423,96855.628063,0.023177,-0.018161,0.026052,-219.345920,0.000000
130.640000,72.869931,26.554559,0.039114,418.022210,-236.230063,492.408804,39.387925,-8.284425,96866.200708,0.023028,-0.017917,0.026050,-219.345884,0.000000
130.680000,72.870859,26.553856,0.038916,417.862313,-236.734816,491.488011,39.387920,-8.284427,96876.772875,0.022881,-0.017675,0.026048,-219.345847,0.000000
130.720000,72.871778,26.553149,0.038720,417.702453,-237.239597,490.567260,39.387916,-8.284428,96887.344563,0.022735,-0.017435,0.026046,-219.345809,0.000000
130.760000,72.872688,26.552439,0.038528,417.542630,-237.744405,489.646551,39.387911,-8.284430,96897.915773,0.022590,-0.017198,0.026044,-219.345771,0.000000
130.800000,72.873590,26.551725,0.038338,417.382843,-238.249241,488.725883,39.387907,-8.284432,96908.486504,0.022447,-0.016963,0.026042,-219.345731,0.000000
130.840000,72.874482,26.551008,0.038152,417.223091,-238.754105,487.805256,39.387902,-8.284434,96919.056757,0.022306,-0.016730,0.026040,-219.345690,0.000000
130.880000,72.875366,26.550287,0.037968,417.063375,-239.258995,486.884672,39.387898,-8.284436,96929.626531,0.022165,-0.016500,0.026038,-219.345647,0.000000
130.920000,72.876242,26.549563,0.037786,416.903695,-239.763911,485.964129,39.387893,-8.284438,96940.195827,0.022026,-0.016272,0.026036,-219.345604,0.000000
130.960000,72.877109,26.548836,0.037608,416.744050,-240.268853,485.043628,39.387889,-8.284440,96950.764645,0.021889,-0.016046,0.026034,-219.345560,0.000000
131.000000,72.877967,26.548105,0.037432,416.584440,-240.773822,484.123168,39.387884,-8.284441,96961.332984,0.021753,-0.015822,0.026032,-219.345515,0.000000
131.040000,72.878818,26.547371,0.037259,416.424865,-241.278815,483.202750,39.387880,-8.284443,96971.900846,0.021618,-0.015601,0.026030,-219.345469,0.000000
131.080000,72.879660,26.546634,0.037089,416.265324,-241.783833,482.282374,39.387875,-8.284445,96982.468229,0.021484,-0.015381,0.026027,-219.345422,0.000000
131.120000,72.880493,26.545894,0.036921,416.105818,-242.288876,481.362039,39.387870,-8.284447,96993.035134,0.021352,-0.015164,0.026025,-219.345373,0.000000
131.160000,72.881319,26.545150,0.036756,415.946346,-242.793944,480.441746,39.387866,-8.284449,97003.601560,0.021221,-0.014949,0.026023,-219.345324,0.000000
131.200000,72.882137,26.544403,0.036593,415.786908,-243.299035,479.521495,39.387861,-8.284451,97014.167509,0.021091,-0.014736,0.026021,-219.345274,0.000000
131.240000,72.882947,26.543653,0.036433,415.627504,-243.804150,478.601285,39.387857,-8.284453,97024.732980,0.020963,-0.014525,0.026018,-219.345222,0.000000
131.280000,72.883749,26.542900,0.036275,415.468133,-244.309288,477.681117,39.387852,-8.284454,97035.297973,0.020835,-0.014316,0.026016,-219.345170,0.000000
131.320000,72.884543,26.542144,0.036120,415.308795,-244.814449,476.760990,39.387848,-8.284456,97045.862488,0.020709,-0.014109,0.026014,-219.345117,0.000000
131.360000,72.885330,26.541385,0.035967,415.149491,-245.319632,475.840905,39.387843,-8.284458,97056.426525,0.020585,-0.013905,0.026011,-219.345063,0.000000
131.400000,72.886109,26.540623,0.035817,414.990219,-245.824838,474.920862,39.387839,-8.284460,97066.990084,0.020461,-0.013702,0.026009,-219.345007,0.000000
131.440000,72.886880,26.539858,0.035669,414.830981,-246.330066,474.000860,39.387834,-8.284462,97077.553165,0.020339,-0.013501,0.026006,-219.344951,0.000000
131.480000,72.887644,26.539090,0.035523,414.671775,-246.835315,473.080900,39.387830,-8.284464,97088.115769,0.020218,-0.013302,0.026004,-219.344894,0.000000
131.520000,72.888401,26.538319,0.035380,414.512601,-247.340585,472.160982,39.387825,-8.284466,97098.677895,0.020098,-0.013105,0.026001,-219.344835,0.000000
131.560000,72.889150,26.537546,0.035239,414.353459,-247.845877,471.241105,39.387820,-8.284467,97109.239543,0.019979,-0.012910,0.025999,-219.344776,0.000000
131.600000,72.889892,26.536769,0.035100,414.194349,-248.351189,470.321270,39.387816,-8.284469,97119.800713,0.019861,-0.012717,0.025996,-219.344716,0.000000
131.640000,72.890627,26.535990,0.034963,414.035271,-248.856522,469.401476,39.387811,-8.284471,97130.361407,0.019745,-0.012526,0.025994,-219.344655,0.000000
131.680000,72.891354,26.535207,0.034829,413.876225,-249.361874,468.481724,39.387807,-8.284473,97140.921622,0.019629,-0.012337,0.025991,-219.344593,0.000000
131.720000,72.892075,26.534423,0.034696,413.717210,-249.867247,467.562014,39.387802,-8.284475,97151.481360,0.019515,-0.012149,0.025988,-219.344529,0.000000
131.760000,72.892788,26.533635,0.034566,413.558227,-250.372638,466.642345,39.387798,-8.284477,97162.040621,0.019402,-0.011964,0.025986,-219.344465,0.000000
131.800000,72.893495,26.532845,0.034438,413.399274,-250.878049,465.722717,39.387793,-8.284479,97172.599404,0.019290,-0.011780,0.025983,-219.344401,0.000000
131.840000,72.894195,26.532051,0.034312,413.240352,-251.383479,464.803132,39.387789,-8.284480,97183.157710,0.019179,-0.011598,0.025980,-219.344335,0.000000
131.880000,72.894888,26.531256,0.034188,413.081462,-251.888928,463.883588,39.387784,-8.284482,97193.715533,0.019069,-0.011418,0.025978,-219.344268,0.000000
131.920000,72.895572,26.530457,0.034067,412.922611,-252.394400,462.964099,39.387780,-8.284484,97204.272731,0.018961,-0.011240,0.025975,-219.344201,0.000000
131.960000,72.896251,26.529655,0.033947,412.763783,-252.899886,462.044641,39.387775,-8.284486,97214.829566,0.018853,-0.011063,0.025972,-219.344132,0.000000
132.000000,72.896925,26.528852,0.033829,412.604981,-253.405387,461.125219,39.387770,-8.284488,97225.385993,0.018746,-0.010888,0.025969,-219.344062,0.000000
132.040000,72.897591,26.528046,0.033713,412.446210,-253.910906,460.205840,39.387766,-8.284490,97235.941919,0.018641,-0.010715,0.025967,-219.343992,0.000000
132.080000,72.898251,26.527238,0.033598,412.287470,-254.416443,459.286505,39.387761,-8.284491,97246.497356,0.018536,-0.010543,0.025964,-219.343921,0.000000
132.120000,72.898905,26.526427,0.033486,412.128760,-254.921996,458.367210,39.387757,-8.284493,97257.052322,0.018432,-0.010373,0.025961,-219.343849,0.000000
132.160000,72.899553,26.525613,0.033376,411.970078,-255.427567,457.447956,39.387752,-8.284495,97267.606811,0.018330,-0.010205,0.025958,-219.343776,0.000000
132.200000,72.900194,26.524797,0.033267,411.811427,-255.933153,456.528745,39.387748,-8.284497,97278.160823,0.018228,-0.010038,0.025955,-219.343702,0.000000
132.240000,72.900828,26.523979,0.033160,411.652804,-256.438756,455.609574,39.387743,-8.284499,97288.714359,0.018127,-0.009873,0.025952,-219.343627,0.000000
132.280000,72.901457,26.523158,0.033055,411.494210,-256.944374,454.690446,39.387739,-8.284501,97299.267418,0.018028,-0.009710,0.025949,-219.343551,0.000000
132.320000,72.902080,26.522335,0.032952,411.335645,-257.450008,453.771358,39.387734,-8.284503,97309.820000,0.017929,-0.009548,0.025946,-219.343475,0.000000
132.360000,72.902696,26.521510,0.032850,411.177109,-257.955657,452.852313,39.387730,-8.284504,97320.372105,0.017831,-0.009388,0.025943,-219.343397,0.000000
132.400000,72.903307,26.520682,0.032750,411.018602,-258.461321,451.933309,39.387725,-8.284506,97330.923734,0.017735,-0.009229,0.025940,-219.343319,0.000000
132.440000,72.903912,26.519852,0.032652,410.860122,-258.967000,451.014346,39.387720,-8.284508,97341.474886,0.017639,-0.009072,0.025937,-219.343240,0.000000
132.480000,72.904510,26.519020,0.032556,410.701671,-259.472694,450.095425,39.387716,-8.284510,97352.025562,0.017544,-0.008916,0.025934,-219.343161,0.000000
132.520000,72.905103,26.518185,0.032461,410.543248,-259.978401,449.176545,39.387711,-8.284512,97362.575762,0.017450,-0.008762,0.025931,-219.343080,0.000000
132.560000,72.905691,26.517348,0.032368,410.384853,-260.484123,448.257707,39.387707,-8.284514,97373.125485,0.017357,-0.008610,0.025928,-219.342999,0.000000
132.600000,72.906272,26.516509,0.032276,410.226486,-260.989859,447.338910,39.387702,-8.284515,97383.674731,0.017265,-0.008459,0.025925,-219.342917,0.000000
132.640000,72.906848,26.515668,0.032186,410.068147,-261.495608,446.420155,39.387698,-8.284517,97394.223502,0.017173,-0.008309,0.025922,-219.342834,0.000000
132.680000,72.907418,26.514825,0.032097,409.909834,-262.001370,445.501441,39.387693,-8.284519,97404.771796,0.017083,-0.008161,0.025919,-219.342750,0.000000
132.720000,72.907983,26.513980,0.032010,409.751550,-262.507146,444.582769,39.387689,-8.284521,97415.319614,0.016994,-0.008014,0.025916,-219.342666,0.000000
132.760000,72.908543,26.513132,0.031924,409.593292,-263.012934,443.664138,39.387684,-8.284523,97425.866956,0.016905,-0.007869,0.025912,-219.342581,0.000000
132.800000,72.909096,26.512282,0.031840,409.435061,-263.518735,442.745549,39.387679,-8.284525,97436.413822,0.016817,-0.007725,0.025909,-219.342495,0.000000
132.840000,72.909645,26.511431,0.031757,409.276858,-264.024548,441.827001,39.387675,-8.284527,97446.960212,0.016730,-0.007583,0.025906,-219.342400,0.000000
132.880000,72.910188,26.510577,0.031684,409.118681,-264.530373,440.908494,39.387670,-8.284528,97457.506126,0.016644,-0.007442,0.025911,-219.342638,0.000000
132.920000,72.910726,26.509721,0.031572,408.960531,-265.036211,439.990029,39.387666,-8.284530,97468.051565,0.016559,-0.007302,0.025876,-219.341306,0.000000
132.960000,72.911259,26.508864,0.031528,408.802407,-265.542060,439.071606,39.387661,-8.284532,97478.596527,0.016475,-0.007164,0.025907,-219.342568,0.000000
133.000000,72.911786,26.508004,0.031440,408.644309,-266.047920,438.153223,39.387657,-8.284534,97489.141014,0.016391,-0.007027,0.025893,-219.342054,0.000000
133.040000,72.912309,26.507142,0.031255,408.486238,-266.553792,437.234883,39.387652,-8.284536,97499.685025,0.016308,-0.006892,0.025780,-219.337691,0.000000
133.080000,72.912826,26.506277,0.032011,408.328193,-267.059674,436.316583,39.387648,-8.284538,97510.228560,0.016228,-0.006758,0.026607,-219.369949,0.000000
133.120000,72.913338,26.505430,0.020459,408.170174,-267.565568,435.398326,39.387643,-8.284539,97520.771621,0.016115,-0.006613,0.015124,-218.922867,0.000000
133.160000,72.913845,26.505855,-0.814690,408.012181,-268.071472,434.480106,39.387639,-8.284541,97531.314235,0.013716,-0.005622,-0.820024,-186.403781,0.000000
133.200000,72.914348,26.503676,0.031074,407.854213,-268.577386,433.561934,39.387634,-8.284543,97541.856314,0.015985,-0.006363,0.025876,-219.341596,0.000000
133.240000,72.914845,26.492350,6.785062,407.696271,-269.083311,432.643821,39.387629,-8.284545,97552.397708,0.034660,-0.013186,6.780482,-482.353519,0.000000
133.280000,72.915338,26.528606,-17.199426,407.538354,-269.589246,431.725655,39.387625,-8.284547,97562.939718,-0.032016,0.011630,-17.205899,451.631898,0.000000
133.320000,72.915826,26.411721,57.739863,407.380464,-270.095190,430.807836,39.387620,-8.284549,97573.477741,0.175992,-0.065381,57.739572,-2466.606656,0.000000
133.360000,72.916310,26.752017,-162.648751,407.222596,-270.601143,429.889145,39.387616,-8.284550,97584.025772,-0.436040,0.161599,-162.666976,6115.617995,0.000000
133.400000,72.916777,25.404191,50.309256,407.064800,-271.107123,428.987430,39.387611,-8.284552,97594.378894,0.154814,-0.056867,50.308986,-2177.313516,0.000000
133.440000,72.917192,23.867389,41.300880,406.907229,-271.613186,428.158105,39.387607,-8.284554,97603.900856,0.129117,-0.046635,41.300652,-1826.594200,0.000000
133.480000,72.917548,22.627947,34.439929,406.749866,-272.119324,427.395132,39.387602,-8.284556,97612.660998,0.109490,-0.038873,34.439733,-1559.470724,0.000000
133.520000,72.917847,21.614117,29.102050,406.592679,-272.625524,426.687491,39.387598,-8.284558,97620.785851,0.094175,-0.032855,29.101879,-1351.639994,0.000000
133.560000,72.918092,20.774439,24.866073,406.435642,-273.131777,426.026555,39.387593,-8.284560,97628.374446,0.081983,-0.028094,24.865922,-1186.707157,0.000000
133.600000,72.918282,20.071560,21.449201,406.278737,-273.638074,425.405510,39.387588,-8.284561,97635.505024,0.072116,-0.024266,21.449066,-1053.663554,0.000000
133.640000,72.918421,19.477696,18.653906,406.121948,-274.144411,424.818868,39.387584,-8.284563,97642.240606,0.064015,-0.021141,18.653784,-944.819723,0.000000
133.680000,72.918510,18.971777,16.338788,405.965261,-274.650782,424.262137,39.387579,-8.284565,97648.632760,0.057280,-0.018558,16.338677,-854.670972,0.000000
133.720000,72.918552,18.537596,14.400544,405.808666,-275.157182,423.731602,39.387575,-8.284567,97654.724154,0.051618,-0.016398,14.400442,-779.195661,0.000000
133.760000,72.918548,18.162458,12.761993,405.652154,-275.663609,423.224142,39.387570,-8.284569,97660.550603,0.046811,-0.014573,12.761899,-715.389021,0.000000
133.800000,72.918502,17.836432,11.365235,405.495717,-276.170059,422.737140,39.387566,-8.284571,97666.142158,0.042693,-0.013019,11.365147,-660.996868,0.000000
133.840000,72.918415,17.551499,10.165245,405.339348,-276.676530,422.268346,39.387561,-8.284572,97671.524655,0.039137,-0.011682,10.165163,-614.266288,0.000000
133.880000,72.918290,17.301244,9.127271,405.183042,-277.183020,421.815839,39.387557,-8.284574,97676.720160,0.036044,-0.010525,9.127194,-573.844213,0.000000
133.920000,72.918129,17.080442,8.223869,405.026794,-277.689526,421.377953,39.387552,-8.284576,97681.747780,0.033337,-0.009516,8.223796,-538.662184,0.000000
133.960000,72.917936,16.884797,7.433116,404.870598,-278.196048,420.953239,39.387547,-8.284578,97686.624176,0.030951,-0.008630,7.433046,-507.866546,0.000000
134.000000,72.917711,16.710787,6.737510,404.714453,-278.702583,420.540432,39.387543,-8.284580,97691.363856,0.028838,-0.007848,6.737444,-480.775932,0.000000
134.040000,72.917459,16.555448,6.122652,404.558354,-279.209131,420.138412,39.387538,-8.284581,97695.979678,0.026957,-0.007154,6.122588,-456.829660,0.000000
134.080000,72.917180,16.416345,5.576973,404.402298,-279.715691,419.746203,39.387534,-8.284583,97700.482861,0.025273,-0.006535,5.576912,-435.577292,0.000000
134.120000,72.916878,16.291385,5.090734,404.246282,-280.222261,419.362925,39.387529,-8.284585,97704.883510,0.023761,-0.005980,5.090675,-416.639570,0.000000
134.160000,72.916554,16.178814,4.655917,404.090304,-280.728841,418.987797,39.387525,-8.284587,97709.190568,0.022396,-0.005480,4.655860,-399.704379,0.000000
134.200000,72.916211,16.077140,4.265820,403.934362,-281.235429,418.620126,39.387520,-8.284589,97713.412017,0.021159,-0.005028,4.265764,-384.510651,0.000000
134.240000,72.915851,15.985082,3.914772,403.778454,-281.742026,418.259285,39.387516,-8.284591,97717.555044,0.020035,-0.004618,3.914718,-370.837639,0.000000
134.280000,72.915475,15.901542,3.597984,403.622579,-282.248629,417.904712,39.387511,-8.284592,97721.626104,0.019010,-0.004244,3.597931,-358.498832,0.000000
134.320000,72.915087,15.825572,3.311378,403.466733,-282.755240,417.555900,39.387506,-8.284594,97725.631021,0.018071,-0.003903,3.311327,-347.335467,0.000000
134.360000,72.914686,15.756350,3.051459,403.310917,-283.261857,417.212390,39.387502,-8.284596,97729.575067,0.017210,-0.003589,3.051409,-337.211396,0.000000
134.400000,72.914276,15.693162,2.815225,403.155128,-283.768480,416.873765,39.387497,-8.284598,97733.463018,0.016417,-0.003301,2.815175,-328.009726,0.000000
134.440000,72.913858,15.635382,2.600075,402.999365,-284.275107,416.539647,39.387493,-8.284600,97737.299222,0.015685,-0.003035,2.600026,-319.629207,0.000000
134.480000,72.913432,15.582464,2.403757,402.843627,-284.781740,416.209692,39.387488,-8.284601,97741.087633,0.015008,-0.002788,2.403709,-311.982137,0.000000
134.520000,72.913002,15.533926,2.224308,402.687914,-285.288377,415.883585,39.387484,-8.284603,97744.831861,0.014380,-0.002560,2.224260,-304.992043,0.000000
134.560000,72.912567,15.489344,2.060010,402.532223,-285.795019,415.561039,39.387479,-8.284605,97748.535204,0.013797,-0.002347,2.059962,-298.592039,0.000000
134.600000,72.912130,15.448342,1.909355,402.376555,-286.301664,415.241790,39.387475,-8.284607,97752.200684,0.013253,-0.002149,1.909308,-292.723402,0.000000
134.640000,72.911691,15.410587,1.771015,402.220908,-286.808312,414.925598,39.387470,-8.284609,97755.831071,0.012745,-0.001963,1.770968,-287.334414,0.000000
134.680000,72.911251,15.375782,1.643817,402.065281,-287.314964,414.612241,39.387465,-8.284610,97759.428906,0.012270,-0.001790,1.643770,-282.379375,0.000000
134.720000,72.910811,15.343662,1.526719,401.909673,-287.821619,414.301516,39.387461,-8.284612,97762.996529,0.011825,-0.001627,1.526673,-277.817758,0.000000
134.760000,72.910373,15.313990,1.418798,401.754085,-288.328276,413.993234,39.387456,-8.284614,97766.536092,0.011408,-0.001473,1.418751,-273.613541,0.000000
134.800000,72.909937,15.286555,1.319227,401.598515,-288.834935,413.687224,39.387452,-8.284616,97770.049579,0.011015,-0.001329,1.319181,-269.734598,0.000000
134.840000,72.909503,15.261165,1.227271,401.442963,-289.341597,413.383325,39.387447,-8.284618,97773.538821,0.010646,-0.001193,1.227224,-266.152221,0.000000
134.880000,72.909072,15.237648,1.142267,401.287427,-289.848260,413.081390,39.387443,-8.284620,97777.005508,0.010297,-0.001064,1.142220,-262.840639,0.000000
134.920000,72.908646,15.215850,1.063623,401.131908,-290.354926,412.781284,39.387438,-8.284621,97780.451202,0.009968,-0.000942,1.063576,-259.776800,0.000000
134.960000,72.908224,15.195630,0.990805,400.976405,-290.861592,412.482881,39.387434,-8.284623,97783.877347,0.009656,-0.000827,0.990757,-256.939886,0.000000
135.000000,72.907807,15.176861,0.923329,400.820918,-291.368260,412.186063,39.387429,-8.284625,97787.285284,0.009362,-0.000717,0.923282,-254.311098,0.000000
135.040000,72.907395,15.159428,0.860762,400.665445,-291.874930,411.890724,39.387424,-8.284627,97790.676252,0.009082,-0.000613,0.860713,-251.873457,0.000000
135.080000,72.906989,15.143225,0.802706,400.509987,-292.381600,411.596762,39.387420,-8.284629,97794.051401,0.008817,-0.000514,0.802658,-249.611587,0.000000
135.120000,72.906589,15.128158,0.748805,400.354544,-292.888271,411.304085,39.387415,-8.284630,97797.411798,0.008565,-0.000420,0.748756,-247.511536,0.000000
135.160000,72.906196,15.114139,0.698732,400.199113,-293.394943,411.012607,39.387411,-8.284632,97800.758435,0.008326,-0.000330,0.698682,-245.560606,0.000000
135.200000,72.905809,15.101088,0.652190,400.043696,-293.901615,410.722246,39.387406,-8.284634,97804.092230,0.008098,-0.000244,0.652140,-243.747241,0.000000
135.240000,72.905429,15.088933,0.608909,399.888293,-294.408287,410.432930,39.387402,-8.284636,97807.414041,0.007881,-0.000162,0.608858,-242.060899,0.000000
135.280000,72.905056,15.077607,0.568642,399.732901,-294.914960,410.144588,39.387397,-8.284638,97810.724662,0.007674,-0.000083,0.568590,-240.491951,0.000000
135.320000,72.904690,15.067049,0.531162,399.577522,-295.421633,409.857157,39.387393,-8.284639,97814.024834,0.007476,-0.000008,0.531109,-239.031589,0.000000
135.360000,72.904331,15.057202,0.496262,399.422155,-295.928306,409.570575,39.387388,-8.284641,97817.315244,0.007287,0.000064,0.496209,-237.671741,0.000000
135.400000,72.903979,15.048016,0.463753,399.266800,-296.434979,409.284788,39.387383,-8.284643,97820.596536,0.007107,0.000133,0.463698,-236.405008,0.000000
135.440000,72.903635,15.039442,0.433459,399.111456,-296.941652,408.999743,39.387379,-8.284645,97823.869306,0.006934,0.000199,0.433403,-235.224590,0.000000
135.480000,72.903299,15.031437,0.405221,398.956123,-297.448324,408.715392,39.387374,-8.284647,97827.134110,0.006769,0.000263,0.405164,-234.124240,0.000000
135.520000,72.902969,15.023960,0.378890,398.800801,-297.954996,408.431689,39.387370,-8.284648,97830.391469,0.006611,0.000324,0.378832,-233.098206,0.000000
135.560000,72.902647,15.016975,0.354331,398.645489,-298.461668,408.148593,39.387365,-8.284650,97833.641866,0.006459,0.000382,0.354272,-232.141190,0.000000
135.600000,72.902333,15.010446,0.331418,398.490188,-298.968339,407.866063,39.387361,-8.284652,97836.885751,0.006314,0.000439,0.331357,-231.248306,0.000000
135.640000,72.902026,15.004343,0.310035,398.334897,-299.475009,407.584064,39.387356,-8.284654,97840.123548,0.006174,0.000493,0.309973,-230.415042,0.000000
135.680000,72.901726,14.998635,0.290076,398.179616,-299.981678,407.302562,39.387352,-8.284656,97843.355648,0.006040,0.000545,0.290013,-229.637231,0.000000
135.720000,72.901433,14.993295,0.271441,398.024344,-300.488347,407.021523,39.387347,-8.284658,97846.582418,0.005912,0.000595,0.271376,-228.911021,0.000000
135.760000,72.901148,14.988298,0.254040,397.869082,-300.995014,406.740919,39.387342,-8.284659,97849.804200,0.005788,0.000644,0.253973,-228.232847,0.000000
135.800000,72.900870,14.983622,0.237787,397.713830,-301.501681,406.460721,39.387338,-8.284661,97853.021313,0.005670,0.000690,0.237718,-227.599432,0.000000
135.840000,72.900599,14.979243,0.222604,397.558586,-302.008346,406.180904,39.387333,-8.284663,97856.234058,0.005556,0.000735,0.222533,-227.007690,0.000000
135.880000,72.900335,14.975142,0.208418,397.403351,-302.515010,405.901443,39.387329,-8.284665,97859.442714,0.005446,0.000779,0.208345,-226.454771,0.000000
135.920000,72.900077,14.971300,0.195160,397.248125,-303.021673,405.622316,39.387324,-8.284667,97862.647542,0.005340,0.000820,0.195085,-225.938044,0.000000
135.960000,72.899827,14.967700,0.182769,397.092907,-303.528335,405.343500,39.387320,-8.284668,97865.848786,0.005239,0.000861,0.182692,-225.455084,0.000000
136.000000,72.899583,14.964326,0.171187,396.937698,-304.034995,405.064977,39.387315,-8.284670,97869.046672,0.005141,0.000900,0.171107,-225.003611,0.000000
136.040000,72.899345,14.961161,0.160359,396.782497,-304.541654,404.786728,39.387310,-8.284672,97872.241414,0.005047,0.000937,0.160277,-224.581520,0.000000
136.080000,72.899114,14.958194,0.150234,396.627304,-305.048311,404.508736,39.387306,-8.284674,97875.433210,0.004956,0.000973,0.150149,-224.186851,0.000000
136.120000,72.898889,14.955410,0.140767,396.472119,-305.554967,404.230983,39.387301,-8.284676,97878.622247,0.004868,0.001008,0.140679,-223.817784,0.000000
136.160000,72.898671,14.952798,0.131914,396.316942,-306.061621,403.953456,39.387297,-8.284677,97881.808698,0.004784,0.001042,0.131823,-223.472616,0.000000
136.200000,72.898458,14.950345,0.123633,396.161773,-306.568274,403.676140,39.387292,-8.284679,97884.992728,0.004703,0.001075,0.123539,-223.149765,0.000000
136.240000,72.898251,14.948042,0.115887,396.006611,-307.074925,403.399022,39.387288,-8.284681,97888.174487,0.004624,0.001106,0.115790,-222.847761,0.000000
136.280000,72.898050,14.945879,0.108642,395.851456,-307.581574,403.122089,39.387283,-8.284683,97891.354118,0.004549,0.001137,0.108541,-222.565234,0.000000
136.320000,72.897855,14.943847,0.101864,395.696309,-308.088221,402.845330,39.387279,-8.284685,97894.531755,0.004476,0.001166,0.101759,-222.300906,0.000000
136.360000,72.897666,14.941937,0.095522,395.541168,-308.594866,402.568733,39.387274,-8.284686,97897.707521,0.004406,0.001195,0.095413,-222.053584,0.000000
136.400000,72.897481,14.940140,0.089589,395.386035,-309.101510,402.292289,39.387269,-8.284688,97900.881534,0.004338,0.001222,0.089475,-221.822158,0.000000
136.440000,72.897302,14.938451,0.084037,395.230909,-309.608151,402.015989,39.387265,-8.284690,97904.053903,0.004272,0.001249,0.083919,-221.605591,0.000000
136.480000,72.897128,14.936861,0.078841,395.075790,-310.114791,401.739823,39.387260,-8.284692,97907.224730,0.004209,0.001275,0.078719,-221.402917,0.000000
136.520000,72.896959,14.935365,0.073980,394.920677,-310.621428,401.463783,39.387256,-8.284694,97910.394110,0.004148,0.001300,0.073852,-221.213235,0.000000
136.560000,72.896796,14.933956,0.069430,394.765571,-311.128063,401.187861,39.387251,-8.284695,97913.562132,0.004089,0.001324,0.069297,-221.035700,0.000000
136.600000,72.896636,14.932628,0.065173,394.610472,-311.634697,400.912050,39.387247,-8.284697,97916.728882,0.004032,0.001347,0.065034,-220.869524,0.000000
136.640000,72.896482,14.931377,0.061188,394.455379,-312.141328,400.636343,39.387242,-8.284699,97919.894436,0.003977,0.001369,0.061043,-220.713972,0.000000
136.680000,72.896332,14.930197,0.057459,394.300292,-312.647957,400.360733,39.387238,-8.284701,97923.058868,0.003924,0.001391,0.057307,-220.568366,0.000000
136.720000,72.896186,14.929084,0.053968,394.145212,-313.154583,400.085216,39.387233,-8.284703,97926.222246,0.003873,0.001412,0.053811,-220.432063,0.000000
136.760000,72.896045,14.928034,0.050702,393.990138,-313.661208,399.809785,39.387228,-8.284704,97929.384636,0.003823,0.001433,0.050537,-220.304457,0.000000
136.800000,72.895908,14.927042,0.047644,393.835070,-314.167830,399.534434,39.387224,-8.284706,97932.546098,0.003775,0.001452,0.047472,-220.184982,0.000000
136.840000,72.895775,14.926104,0.044782,393.680008,-314.674450,399.259159,39.387219,-8.284708,97935.706688,0.003729,0.001471,0.044602,-220.073124,0.000000
136.880000,72.895646,14.925218,0.042103,393.524952,-315.181067,398.983956,39.387215,-8.284710,97938.866458,0.003684,0.001490,0.041915,-219.968394,0.000000
136.920000,72.895521,14.924380,0.039596,393.369902,-315.687682,398.708820,39.387210,-8.284712,97942.025458,0.003641,0.001508,0.039400,-219.870333,0.000000
136.960000,72.895400,14.923586,0.037248,393.214858,-316.194295,398.433746,39.387206,-8.284714,97945.183744,0.003599,0.001525,0.037042,-219.778425,0.000000
137.000000,72.895282,14.922834,0.035048,393.059819,-316.700905,398.158731,39.387201,-8.284715,97948.341356,0.003559,0.001542,0.034833,-219.692296,0.000000
137.040000,72.895168,14.922120,0.032989,392.904786,-317.207513,397.883772,39.387197,-8.284717,97951.498325,0.003520,0.001558,0.032764,-219.611661,0.000000
137.080000,72.895057,14.921445,0.031065,392.749759,-317.714118,397.608866,39.387192,-8.284719,97954.654683,0.003482,0.001574,0.030829,-219.536229,0.000000
137.120000,72.894950,14.920804,0.029266,392.594737,-318.220720,397.334010,39.387187,-8.284721,97957.810466,0.003445,0.001589,0.029019,-219.465659,0.000000
137.160000,72.894846,14.920195,0.027582,392.439721,-318.727321,397.059200,39.387183,-8.284723,97960.965718,0.003410,0.001603,0.027323,-219.399557,0.000000
137.200000,72.894745,14.919617,0.026005,392.284710,-319.233918,396.784434,39.387178,-8.284724,97964.120472,0.003376,0.001618,0.025734,-219.337614,0.000000
137.240000,72.894647,14.919066,0.024530,392.129705,-319.740513,396.509709,39.387174,-8.284726,97967.274752,0.003343,0.001631,0.024246,-219.279613,0.000000
137.280000,72.894553,14.918542,0.023151,391.974705,-320.247106,396.235023,39.387169,-8.284728,97970.428583,0.003311,0.001645,0.022854,-219.225322,0.000000
137.320000,72.894461,14.918043,0.021861,391.819711,-320.753695,395.960374,39.387165,-8.284730,97973.581992,0.003280,0.001658,0.021550,-219.174492,0.000000
137.360000,72.894372,14.917567,0.020655,391.664721,-321.260283,395.685759,39.387160,-8.284732,97976.735005,0.003250,0.001670,0.020329,-219.126886,0.000000
137.400000,72.894285,14.917113,0.019527,391.509737,-321.766867,395.411177,39.387156,-8.284733,97979.887644,0.003222,0.001682,0.019185,-219.082308,0.000000
137.440000,72.894202,14.916679,0.018472,391.354758,-322.273449,395.136626,39.387151,-8.284735,97983.039930,0.003194,0.001694,0.018115,-219.040562,0.000000
137.480000,72.894121,14.916264,0.017485,391.199784,-322.780028,394.862103,39.387146,-8.284737,97986.191884,0.003167,0.001705,0.017111,-219.001452,0.000000
137.520000,72.894042,14.915867,0.016563,391.044815,-323.286604,394.587608,39.387142,-8.284739,97989.343525,0.003141,0.001716,0.016172,-218.964816,0.000000
137.560000,72.893966,14.915487,0.015701,390.889852,-323.793178,394.313139,39.387137,-8.284741,97992.494867,0.003115,0.001726,0.015292,-218.930509,0.000000
137.600000,72.893892,14.915122,0.014896,390.734893,-324.299749,394.038694,39.387133,-8.284742,97995.645929,0.003091,0.001737,0.014468,-218.898377,0.000000
137.640000,72.893821,14.914772,0.014143,390.579939,-324.806317,393.764273,39.387128,-8.284744,97998.796724,0.003067,0.001747,0.013696,-218.868284,0.000000
137.680000,72.893751,14.914435,0.013440,390.424990,-325.312882,393.489873,39.387124,-8.284746,98001.947267,0.003044,0.001756,0.012973,-218.840095,0.000000
137.720000,72.893684,14.914111,0.012784,390.270046,-325.819444,393.215494,39.387119,-8.284748,98005.097571,0.003022,0.001766,0.012296,-218.813707,0.000000
137.760000,72.893619,14.913800,0.012172,390.115107,-326.326004,392.941135,39.387115,-8.284750,98008.247649,0.003001,0.001774,0.011662,-218.788982,0.000000
137.800000,72.893556,14.913499,0.011599,389.960172,-326.832561,392.666795,39.387110,-8.284751,98011.397516,0.002980,0.001783,0.011067,-218.765805,0.000000
137.840000,72.893495,14.913209,0.011066,389.805242,-327.339115,392.392472,39.387105,-8.284753,98014.547178,0.002960,0.001792,0.010511,-218.744100,0.000000
137.880000,72.893436,14.912928,0.010568,389.650318,-327.845666,392.118166,39.387101,-8.284755,98017.696645,0.002941,0.001800,0.009990,-218.723786,0.000000
137.920000,72.893379,14.912657,0.010104,389.495397,-328.352214,391.843876,39.387096,-8.284757,98020.845927,0.002922,0.001808,0.009502,-218.704767,0.000000
137.960000,72.893324,14.912395,0.009672,389.340482,-328.858759,391.569602,39.387092,-8.284759,98023.995035,0.002904,0.001815,0.009045,-218.686952,0.000000
138.000000,72.893270,14.912141,0.009268,389.185571,-329.365302,391.295341,39.387087,-8.284760,98027.143977,0.002886,0.001823,0.008617,-218.670263,0.000000
138.040000,72.893218,14.911894,0.008893,389.030665,-329.871841,391.021095,39.387083,-8.284762,98030.292761,0.002869,0.001830,0.008216,-218.654632,0.000000
138.080000,72.893167,14.911655,0.008543,388.875763,-330.378378,390.746862,39.387078,-8.284764,98033.441393,0.002853,0.001837,0.007841,-218.639990,0.000000
138.120000,72.893119,14.911422,0.008218,388.720866,-330.884911,390.472641,39.387074,-8.284766,98036.589881,0.002837,0.001843,0.007489,-218.626279,0.000000
138.160000,72.893071,14.911195,0.007915,388.565973,-331.391442,390.198433,39.387069,-8.284768,98039.738232,0.002822,0.001850,0.007159,-218.613433,0.000000
138.200000,72.893025,14.910974,0.007632,388.411085,-331.897969,389.924236,39.387064,-8.284769,98042.886452,0.002807,0.001856,0.006851,-218.601393,0.000000
138.240000,72.892981,14.910758,0.007370,388.256201,-332.404494,389.650049,39.387060,-8.284771,98046.034545,0.002792,0.001862,0.006561,-218.590117,0.000000
138.280000,72.892938,14.910548,0.007126,388.101322,-332.911016,389.375874,39.387055,-8.284773,98049.182518,0.002778,0.001868,0.006291,-218.579559,0.000000
138.320000,72.892897,14.910342,0.006899,387.946448,-333.417535,389.101708,39.387051,-8.284775,98052.330374,0.002765,0.001874,0.006037,-218.569672,0.000000
138.360000,72.892856,14.910141,0.006689,387.791577,-333.924050,388.827552,39.387046,-8.284777,98055.478120,0.002752,0.001879,0.005800,-218.560410,0.000000
138.400000,72.892817,14.909944,0.006493,387.636711,-334.430563,388.553406,39.387042,-8.284778,98058.625759,0.002739,0.001885,0.005577,-218.551736,0.000000
138.440000,72.892779,14.909751,0.006311,387.481850,-334.937073,388.279268,39.387037,-8.284780,98061.773296,0.002727,0.001890,0.005369,-218.543611,0.000000
138.480000,72.892743,14.909561,0.006142,387.326993,-335.443580,388.005139,39.387033,-8.284782,98064.920734,0.002715,0.001895,0.005174,-218.535997,0.000000
138.520000,72.892707,14.909375,0.005985,387.172140,-335.950083,387.731018,39.387028,-8.284784,98068.068077,0.002704,0.001900,0.004991,-218.528864,0.000000
138.560000,72.892673,14.909192,0.005840,387.017292,-336.456584,387.456905,39.387023,-8.284786,98071.215328,0.002693,0.001904,0.004819,-218.522183,0.000000
138.600000,72.892640,14.909012,0.005704,386.862447,-336.963081,387.182800,39.387019,-8.284787,98074.362491,0.002682,0.001909,0.004659,-218.515927,0.000000
138.640000,72.892608,14.908835,0.005579,386.707608,-337.469576,386.908702,39.387014,-8.284789,98077.509568,0.002671,0.001913,0.004509,-218.510066,0.000000
138.680000,72.892577,14.908661,0.005462,386.552772,-337.976067,386.634612,39.387010,-8.284791,98080.656562,0.002661,0.001917,0.004368,-218.504576,0.000000
138.720000,72.892546,14.908489,0.005354,386.397941,-338.482556,386.360528,39.387005,-8.284793,98083.803475,0.002652,0.001922,0.004236,-218.499435,0.000000
138.760000,72.892517,14.908320,0.005254,386.243114,-338.989041,386.086452,39.387001,-8.284795,98086.950312,0.002642,0.001926,0.004112,-218.494615,0.000000
138.800000,72.892489,14.908152,0.005160,386.088291,-339.495523,385.812381,39.386996,-8.284796,98090.097073,0.002633,0.001929,0.003996,-218.490097,0.000000
138.840000,72.892461,14.907987,0.005073,385.933472,-340.002003,385.538318,39.386992,-8.284798,98093.243760,0.002624,0.001933,0.003888,-218.485865,0.000000
138.880000,72.892435,14.907823,0.004993,385.778658,-340.508479,385.264260,39.386987,-8.284800,98096.390376,0.002616,0.001937,0.003786,-218.481905,0.000000
138.920000,72.892409,14.907662,0.004918,385.623847,-341.014952,384.990209,39.386982,-8.284802,98099.536921,0.002608,0.001940,0.003691,-218.478198,0.000000
138.960000,72.892384,14.907501,0.004849,385.469041,-341.521422,384.716163,39.386978,-8.284804,98102.683399,0.002600,0.001944,0.003602,-218.474724,0.000000
139.000000,72.892360,14.907343,0.004784,385.314239,-342.027888,384.442124,39.386973,-8.284805,98105.829811,0.002592,0.001947,0.003519,-218.471469,0.000000
139.040000,72.892337,14.907186,0.004724,385.159442,-342.534352,384.168089,39.386969,-8.284807,98108.976158,0.002584,0.001950,0.003440,-218.468419,0.000000
139.080000,72.892314,14.907030,0.004668,385.004648,-343.040812,383.894061,39.386964,-8.284809,98112.122442,0.002577,0.001953,0.003367,-218.465564,0.000000
139.120000,72.892293,14.906876,0.004617,384.849859,-343.547270,383.620038,39.386960,-8.284811,98115.268664,0.002570,0.001956,0.003299,-218.462889,0.000000
139.160000,72.892271,14.906723,0.004568,384.695073,-344.053724,383.346020,39.386955,-8.284813,98118.414825,0.002563,0.001959,0.003234,-218.460383,0.000000
139.200000,72.892251,14.906571,0.004523,384.540292,-344.560175,383.072007,39.386951,-8.284814,98121.560927,0.002557,0.001962,0.003174,-218.458036,0.000000
139.240000,72.892231,14.906420,0.004481,384.385515,-345.066623,382.797999,39.386946,-8.284816,98124.706970,0.002550,0.001964,0.003118,-218.455838,0.000000
139.280000,72.892212,14.906270,0.004442,384.230742,-345.573068,382.523997,39.386941,-8.284818,98127.852956,0.002544,0.001967,0.003065,-218.453776,0.000000
139.320000,72.892193,14.906120,0.004406,384.075973,-346.079510,382.249999,39.386937,-8.284820,98130.998886,0.002538,0.001969,0.003015,-218.451845,0.000000
139.360000,72.892175,14.905972,0.004372,383.921208,-346.585948,381.976006,39.386932,-8.284822,98134.144761,0.002533,0.001972,0.002969,-218.450036,0.000000
139.400000,72.892158,14.905825,0.004341,383.766447,-347.092384,381.702018,39.386928,-8.284823,98137.290581,0.002527,0.001974,0.002926,-218.448343,0.000000
139.440000,72.892141,14.905678,0.004311,383.611690,-347.598816,381.428034,39.386923,-8.284825,98140.436347,0.002522,0.001976,0.002885,-218.446756,0.000000
139.480000,72.892125,14.905532,0.004284,383.456937,-348.105245,381.154055,39.386919,-8.284827,98143.582060,0.002516,0.001979,0.002847,-218.445270,0.000000
139.520000,72.892109,14.905387,0.004258,383.302188,-348.611671,380.880081,39.386914,-8.284829,98146.727721,0.002511,0.001981,0.002811,-218.443878,0.000000
139.560000,72.892093,14.905242,0.004234,383.147443,-349.118094,380.606111,39.386910,-8.284831,98149.873330,0.002506,0.001983,0.002778,-218.442573,0.000000
139.600000,72.892079,14.905098,0.004212,382.992702,-349.624513,380.332146,39.386905,-8.284832,98153.018888,0.002502,0.001985,0.002746,-218.441351,0.000000
139.640000,72.892064,14.904954,0.004191,382.837966,-350.130930,380.058185,39.386900,-8.284834,98156.164396,0.002497,0.001987,0.002717,-218.440206,0.000000
139.680000,72.892050,14.904811,0.004171,382.683233,-350.637343,379.784228,39.386896,-8.284836,98159.309854,0.002493,0.001989,0.002689,-218.439133,0.000000
139.720000,72.892037,14.904668,0.004153,382.528504,-351.143753,379.510276,39.386891,-8.284838,98162.455262,0.002488,0.001990,0.002663,-218.438128,0.000000
139.760000,72.892024,14.904526,0.004136,382.373779,-351.650160,379.236328,39.386887,-8.284840,98165.600621,0.002484,0.001992,0.002639,-218.437186,0.000000
139.800000,72.892011,14.904384,0.004120,382.219058,-352.156563,378.962384,39.386882,-8.284842,98168.745932,0.002480,0.001994,0.002617,-218.436303,0.000000
139.840000,72.891999,14.904243,0.004105,382.064341,-352.662964,378.688444,39.386878,-8.284843,98171.891195,0.002476,0.001995,0.002595,-218.435476,0.000000
139.880000,72.891987,14.904102,0.004091,381.909628,-353.169361,378.414509,39.386873,-8.284845,98175.036410,0.002473,0.001997,0.002576,-218.434702,0.000000
139.920000,72.891976,14.903961,0.004078,381.754919,-353.675755,378.140577,39.386869,-8.284847,98178.181578,0.002469,0.001998,0.002557,-218.433976,0.000000
139.960000,72.891965,14.903821,0.004065,381.600214,-354.182146,377.866650,39.386864,-8.284849,98181.326699,0.002465,0.002000,0.002539,-218.433296,0.000000
140.000000,72.891954,14.903681,0.004054,381.445513,-354.688534,377.592727,39.386859,-8.284851,98184.471773,0.002462,0.002001,0.002523,-218.432658,0.000000
140.040000,72.891944,14.903541,0.004043,381.290816,-355.194918,377.318808,39.386855,-8.284852,98187.616801,0.002459,0.002003,0.002508,-218.432061,0.000000
140.080000,72.891934,14.903401,0.004033,381.136123,-355.701300,377.044892,39.386850,-8.284854,98190.761783,0.002455,0.002004,0.002493,-218.431501,0.000000
140.120000,72.891924,14.903262,0.004023,380.981434,-356.207678,376.770981,39.386846,-8.284856,98193.906719,0.002452,0.002005,0.002480,-218.430977,0.000000
140.160000,72.891914,14.903123,0.004014,380.826748,-356.714053,376.497074,39.386841,-8.284858,98197.051609,0.002449,0.002007,0.002467,-218.430485,0.000000
140.200000,72.891905,14.902984,0.004006,380.672067,-357.220424,376.223171,39.386837,-8.284860,98200.196454,0.002446,0.002008,0.002455,-218.430025,0.000000
140.240000,72.891896,14.902846,0.003998,380.517389,-357.726793,375.949271,39.386832,-8.284861,98203.341254,0.002444,0.002009,0.002444,-218.429593,0.000000
140.280000,72.891888,14.902707,0.003990,380.362716,-358.233158,375.675376,39.386828,-8.284863,98206.486009,0.002441,0.002010,0.002434,-218.429189,0.000000
140.320000,72.891880,14.902569,0.003983,380.208046,-358.739520,375.401484,39.386823,-8.284865,98209.630720,0.002438,0.002011,0.002424,-218.428809,0.000000
140.360000,72.891872,14.902431,0.003977,380.053380,-359.245879,375.127597,39.386818,-8.284867,98212.775386,0.002436,0.002012,0.002415,-218.428452,0.000000
140.400000,72.891864,14.902293,0.003970,379.898718,-359.752234,374.853713,39.386814,-8.284869,98215.920007,0.002433,0.002013,0.002406,-218.428116,0.000000
140.440000,72.891856,14.902155,0.003965,379.744060,-360.258587,374.579833,39.386809,-8.284870,98219.064585,0.002431,0.002014,0.002398,-218.427802,0.000000
140.480000,72.891849,14.902017,0.003959,379.589406,-360.764936,374.305957,39.386805,-8.284872,98222.209118,0.002428,0.002015,0.002391,-218.427507,0.000000
140.520000,72.891842,14.901880,0.003954,379.434756,-361.271282,374.032084,39.386800,-8.284874,98225.353608,0.002426,0.002016,0.002384,-218.427231,0.000000
140.560000,72.891835,14.901742,0.003949,379.280110,-361.777624,373.758216,39.386796,-8.284876,98228.498053,0.002424,0.002017,0.002377,-218.426971,0.000000
140.600000,72.891829,14.901605,0.003944,379.125467,-362.283964,373.484351,39.386791,-8.284878,98231.642455,0.002422,0.002018,0.002371,-218.426729,0.000000
140.640000,72.891822,14.901468,0.003940,378.970829,-362.790300,373.210490,39.386787,-8.284879,98234.786813,0.002420,0.002019,0.002365,-218.426503,0.000000
140.680000,72.891816,14.901330,0.003936,378.816194,-363.296633,372.936633,39.386782,-8.284881,98237.931128,0.002418,0.002020,0.002359,-218.426292,0.000000
140.720000,72.891810,14.901193,0.003932,378.661563,-363.802963,372.662780,39.386777,-8.284883,98241.075399,0.002416,0.002020,0.002354,-218.426094,0.000000
140.760000,72.891804,14.901056,0.003929,378.506936,-364.309289,372.388930,39.386773,-8.284885,98244.219627,0.002414,0.002021,0.002350,-218.425909,0.000000
140.800000,72.891799,14.900920,0.003925,378.352313,-364.815613,372.115085,39.386768,-8.284887,98247.363812,0.002412,0.002022,0.002345,-218.425735,0.000000
140.840000,72.891793,14.900783,0.003922,378.197694,-365.321933,371.841243,39.386764,-8.284888,98250.507954,0.002411,0.002023,0.002341,-218.425572,0.000000
140.880000,72.891788,14.900646,0.003919,378.043078,-365.828250,371.567404,39.386759,-8.284890,98253.652053,0.002409,0.002023,0.002337,-218.425419,0.000000
140.920000,72.891783,14.900509,0.003916,377.888467,-366.334563,371.293570,39.386755,-8.284892,98256.796108,0.002407,0.002024,0.002333,-218.425275,0.000000
140.960000,72.891778,14.900373,0.003913,377.733859,-366.840873,371.019739,39.386750,-8.284894,98259.940121,0.002406,0.002025,0.002330,-218.425140,0.000000
141.000000,72.891773,14.900236,0.003911,377.579255,-367.347181,370.745912,39.386746,-8.284896,98263.084092,0.002404,0.002025,0.002327,-218.425013,0.000000
141.040000,72.891768,14.900100,0.003908,377.424655,-367.853484,370.472088,39.386741,-8.284897,98266.228019,0.002403,0.002026,0.002323,-218.424894,0.000000
141.080000,72.891764,14.899963,0.003906,377.270059,-368.359785,370.198269,39.386736,-8.284899,98269.371904,0.002401,0.002026,0.002321,-218.424782,0.000000
141.120000,72.891760,14.899827,0.003904,377.115466,-368.866082,369.924453,39.386732,-8.284901,98272.515746,0.002400,0.002027,0.002318,-218.424677,0.000000
141.160000,72.891755,14.899691,0.003902,376.960878,-369.372377,369.650641,39.386727,-8.284903,98275.659546,0.002398,0.002027,0.002315,-218.424578,0.000000
141.200000,72.891751,14.899554,0.003900,376.806293,-369.878668,369.376832,39.386723,-8.284905,98278.803303,0.002397,0.002028,0.002313,-218.424485,0.000000
141.240000,72.891747,14.899418,0.003898,376.651713,-370.384955,369.103027,39.386718,-8.284906,98281.947018,0.002396,0.002028,0.002311,-218.424398,0.000000
141.280000,72.891743,14.899282,0.003896,376.497136,-370.891240,368.829226,39.386714,-8.284908,98285.090690,0.002395,0.002029,0.002308,-218.424315,0.000000
141.320000,72.891740,14.899146,0.003894,376.342562,-371.397521,368.555429,39.386709,-8.284910,98288.234320,0.002393,0.002029,0.002306,-218.424238,0.000000
141.360000,72.891736,14.899009,0.003893,376.187993,-371.903799,368.281635,39.386705,-8.284912,98291.377907,0.002392,0.002030,0.002305,-218.424165,0.000000
141.400000,72.891733,14.898873,0.003891,376.033428,-372.410073,368.007845,39.386700,-8.284914,98294.521452,0.002391,0.002030,0.002303,-218.424097,0.000000
141.440000,72.891729,14.898737,0.003890,375.878866,-372.916345,367.734058,39.386695,-8.284915,98297.664955,0.002390,0.002031,0.002301,-218.424033,0.000000
141.480000,72.891726,14.898601,0.003889,375.724308,-373.422613,367.460276,39.386691,-8.284917,98300.808415,0.002389,0.002031,0.002300,-218.423973,0.000000
141.520000,72.891723,14.898465,0.003887,375.569754,-373.928878,367.186497,39.386686,-8.284919,98303.951833,0.002388,0.002032,0.002298,-218.423916,0.000000
141.560000,72.891720,14.898329,0.003886,375.415204,-374.435140,366.912721,39.386682,-8.284921,98307.095209,0.002387,0.002032,0.002297,-218.423863,0.000000
141.600000,72.891717,14.898193,0.003885,375.260657,-374.941398,366.638950,39.386677,-8.284922,98310.238543,0.002386,0.002032,0.002295,-218.423813,0.000000
141.640000,72.891714,14.898057,0.003884,375.106115,-375.447653,366.365182,39.386673,-8.284924,98313.381835,0.002385,0.002033,0.002294,-218.423765,0.000000
141.680000,72.891711,14.897921,0.003883,374.951576,-375.953905,366.091417,39.386668,-8.284926,98316.525084,0.002384,0.002033,0.002293,-218.423721,0.000000
141.720000,72.891709,14.897785,0.003882,374.797041,-376.460154,365.817657,39.386664,-8.284928,98319.668292,0.002383,0.002033,0.002292,-218.423679,0.000000
141.760000,72.891706,14.897649,0.003881,374.642510,-376.966399,365.543900,39.386659,-8.284930,98322.811457,0.002383,0.002034,0.002291,-218.423640,0.000000
141.800000,72.891703,14.897513,0.003880,374.487983,-377.472641,365.270147,39.386654,-8.284931,98325.954580,0.002382,0.002034,0.002290,-218.423603,0.000000
141.840000,72.891701,14.897377,0.003879,374.333459,-377.978880,364.996397,39.386650,-8.284933,98329.097661,0.002381,0.002034,0.002289,-218.423568,0.000000
141.880000,72.891699,14.897242,0.003878,374.178940,-378.485116,364.722651,39.386645,-8.284935,98332.240700,0.002380,0.002034,0.002288,-218.423535,0.000000
141.920000,72.891696,14.897106,0.003877,374.024424,-378.991348,364.448909,39.386641,-8.284937,98335.383697,0.002380,0.002035,0.002287,-218.423504,0.000000
141.960000,72.891694,14.896970,0.003877,373.869912,-379.497577,364.175170,39.386636,-8.284939,98338.526652,0.002379,0.002035,0.002286,-218.423474,0.000000
142.000000,72.891692,14.896834,0.003876,373.715403,-380.003803,363.901435,39.386632,-8.284940,98341.669565,0.002378,0.002035,0.002286,-218.423447,0.000000
142.040000,72.891690,14.896698,0.003875,373.560899,-380.510026,363.627704,39.386627,-8.284942,98344.812436,0.002377,0.002036,0.002285,-218.423421,0.000000
142.080000,72.891688,14.896562,0.003875,373.406398,-381.016245,363.353976,39.386623,-8.284944,98347.955265,0.002377,0.002036,0.002284,-218.423396,0.000000
142.120000,72.891686,14.896427,0.003874,373.251901,-381.522461,363.080252,39.386618,-8.284946,98351.098052,0.002376,0.002036,0.002284,-218.423372,0.000000
142.160000,72.891684,14.896291,0.003873,373.097408,-382.028674,362.806531,39.386613,-8.284948,98354.240797,0.002376,0.002036,0.002283,-218.423350,0.000000
142.200000,72.891682,14.896155,0.003873,372.942919,-382.534884,362.532815,39.386609,-8.284949,98357.383500,0.002375,0.002036,0.002283,-218.423329,0.000000
142.240000,72.891680,14.896019,0.003872,372.788434,-383.041090,362.259102,39.386604,-8.284951,98360.526161,0.002374,0.002037,0.002282,-218.423309,0.000000
142.280000,72.891679,14.895883,0.003872,372.633952,-383.547293,361.985392,39.386600,-8.284953,98363.668781,0.002374,0.002037,0.002282,-218.423291,0.000000
142.320000,72.891677,14.895748,0.003871,372.479474,-384.053493,361.711686,39.386595,-8.284955,98366.811358,0.002373,0.002037,0.002281,-218.423273,0.000000
142.360000,72.891675,14.895612,0.003871,372.325000,-384.559690,361.437984,39.386591,-8.284957,98369.953894,0.002373,0.002037,0.002281,-218.423256,0.000000
142.400000,72.891674,14.895476,0.003870,372.170530,-385.065883,361.164286,39.386586,-8.284958,98373.096387,0.002372,0.002037,0.002280,-218.423240,0.000000
142.440000,72.891672,14.895341,0.003870,372.016063,-385.572073,360.890591,39.386582,-8.284960,98376.238839,0.002372,0.002038,0.002280,-218.423224,0.000000
142.480000,72.891671,14.895205,0.003869,371.861601,-386.078260,360.616900,39.386577,-8.284962,98379.381248,0.002371,0.002038,0.002279,-218.423210,0.000000
142.520000,72.891669,14.895069,0.003869,371.707142,-386.584443,360.343212,39.386573,-8.284964,98382.523616,0.002371,0.002038,0.002279,-218.423196,0.000000
142.560000,72.891668,14.894933,0.003868,371.552687,-387.090624,360.069528,39.386568,-8.284966,98385.665942,0.002370,0.002038,0.002279,-218.423183,0.000000
142.600000,72.891667,14.894798,0.003868,371.398235,-387.596801,359.795848,39.386563,-8.284967,98388.808227,0.002370,0.002038,0.002278,-218.423170,0.000000
142.640000,72.891665,14.894662,0.003868,371.243788,-388.102974,359.522172,39.386559,-8.284969,98391.950469,0.002370,0.002038,0.002278,-218.423158,0.000000
142.680000,72.891664,14.894526,0.003867,371.089344,-388.609145,359.248499,39.386554,-8.284971,98395.092669,0.002369,0.002038,0.002278,-218.423147,0.000000
142.720000,72.891663,14.894391,0.003867,370.934904,-389.115312,358.974829,39.386550,-8.284973,98398.234828,0.002369,0.002039,0.002277,-218.423136,0.000000
142.760000,72.891662,14.894255,0.003867,370.780468,-389.621476,358.701164,39.386545,-8.284975,98401.376945,0.002368,0.002039,0.002277,-218.423125,0.000000
142.800000,72.891661,14.894119,0.003866,370.626036,-390.127637,358.427502,39.386541,-8.284976,98404.519020,0.002368,0.002039,0.002277,-218.423115,0.000000
142.840000,72.891660,14.893984,0.003866,370.471607,-390.633794,358.153843,39.386536,-8.284978,98407.661053,0.002368,0.002039,0.002276,-218.423105,0.000000
142.880000,72.891658,14.893848,0.003866,370.317182,-391.139948,357.880189,39.386532,-8.284980,98410.803044,0.002367,0.002039,0.002276,-218.423096,0.000000
142.920000,72.891657,14.893712,0.003865,370.162761,-391.646099,357.606537,39.386527,-8.284982,98413.944994,0.002367,0.002039,0.002276,-218.423087,0.000000
142.960000,72.891656,14.893577,0.003865,370.008344,-392.152247,357.332890,39.386522,-8.284984,98417.086901,0.002367,0.002039,0.002276,-218.423078,0.000000
143.000000,72.891655,14.893441,0.003865,369.853931,-392.658391,357.059246,39.386518,-8.284985,98420.228767,0.002366,0.002039,0.002275,-218.423070,0.000000
143.040000,72.891654,14.893305,0.003864,369.699521,-393.164532,356.785606,39.386513,-8.284987,98423.370591,0.002366,0.002039,0.002275,-218.423062,0.000000
143.080000,72.891654,14.893170,0.003864,369.545115,-393.670670,356.511969,39.386509,-8.284989,98426.512373,0.002366,0.002040,0.002275,-218.423054,0.000000
143.120000,72.891653,14.893034,0.003864,369.390713,-394.176805,356.238337,39.386504,-8.284991,98429.654114,0.002365,0.002040,0.002275,-218.423047,0.000000
143.160000,72.891652,14.892898,0.003864,369.236315,-394.682936,355.964707,39.386500,-8.284993,98432.795813,0.002365,0.002040,0.002275,-218.423039,0.000000
143.200000,72.891651,14.892763,0.003863,369.081921,-395.189064,355.691082,39.386495,-8.284994,98435.937469,0.002365,0.002040,0.002274,-218.423032,0.000000
143.240000,72.891650,14.892627,0.003863,368.927530,-395.695189,355.417460,39.386491,-8.284996,98439.079085,0.002364,0.002040,0.002274,-218.423026,0.000000
143.280000,72.891649,14.892492,0.003863,368.773143,-396.201310,355.143841,39.386486,-8.284998,98442.220658,0.002364,0.002040,0.002274,-218.423019,0.000000
143.320000,72.891649,14.892356,0.003863,368.618760,-396.707429,354.870227,39.386481,-8.285000,98445.362190,0.002364,0.002040,0.002274,-218.423013,0.000000
143.360000,72.891648,14.892220,0.003862,368.464381,-397.213544,354.596616,39.386477,-8.285002,98448.503679,0.002364,0.002040,0.002274,-218.423006,0.000000
143.400000,72.891647,14.892085,0.003862,368.310005,-397.719655,354.323008,39.386472,-8.285003,98451.645127,0.002363,0.002040,0.002273,-218.423000,0.000000
143.440000,72.891646,14.891949,0.003862,368.155633,-398.225764,354.049404,39.386468,-8.285005,98454.786534,0.002363,0.002040,0.002273,-218.422994,0.000000
143.480000,72.891646,14.891813,0.003862,368.001265,-398.731869,353.775804,39.386463,-8.285007,98457.927898,0.002363,0.002040,0.002273,-218.422989,0.000000
143.520000,72.891645,14.891678,0.003862,367.846901,-399.237971,353.502208,39.386459,-8.285009,98461.069221,0.002363,0.002040,0.002273,-218.422983,0.000000
143.560000,72.891644,14.891542,0.003861,367.692541,-399.744070,353.228615,39.386454,-8.285011,98464.210502,0.002363,0.002040,0.002273,-218.422977,0.000000
143.600000,72.891644,14.891407,0.003861,367.538184,-400.250165,352.955026,39.386450,-8.285012,98467.351741,0.002362,0.002040,0.002273,-218.422972,0.000000
143.640000,72.891643,14.891271,0.003861,367.383831,-400.756257,352.681440,39.386445,-8.285014,98470.492939,0.002362,0.002040,0.002272,-218.422967,0.000000
143.680000,72.891643,14.891136,0.003861,367.229482,-401.262346,352.407858,39.386440,-8.285016,98473.634094,0.002362,0.002041,0.002272,-218.422961,0.000000
143.720000,72.891642,14.891000,0.003861,367.075137,-401.768432,352.134280,39.386436,-8.285018,98476.775208,0.002362,0.002041,0.002272,-218.422956,0.000000
143.760000,72.891641,14.890864,0.003860,366.920795,-402.274514,351.860705,39.386431,-8.285020,98479.916281,0.002362,0.002041,0.002272,-218.422951,0.000000
143.800000,72.891641,14.890729,0.003860,366.766457,-402.780593,351.587134,39.386427,-8.285021,98483.057311,0.002361,0.002041,0.002272,-218.422946,0.000000
143.840000,72.891640,14.890593,0.003860,366.612123,-403.286669,351.313567,39.386422,-8.285023,98486.198300,0.002361,0.002041,0.002272,-218.422942,0.000000
143.880000,72.891640,14.890458,0.003860,366.457793,-403.792742,351.040003,39.386418,-8.285025,98489.339247,0.002361,0.002041,0.002271,-218.422937,0.000000
143.920000,72.891639,14.890322,0.003860,366.303467,-404.298811,350.766443,39.386413,-8.285027,98492.480152,0.002361,0.002041,0.002271,-218.422932,0.000000
143.960000,72.891639,14.890187,0.003860,366.149144,-404.804877,350.492886,39.386409,-8.285029,98495.621016,0.002361,0.002041,0.002271,-218.422927,0.000000
144.000000,72.891638,14.890051,0.003859,365.994825,-405.310940,350.219333,39.386404,-8.285030,98498.761838,0.002361,0.002041,0.002271,-218.422923,0.000000
144.040000,72.891638,14.889916,0.003859,365.840510,-405.816999,349.945784,39.386400,-8.285032,98501.902618,0.002360,0.002041,0.002271,-218.422918,0.000000
144.080000,72.891638,14.889780,0.003859,365.686199,-406.323056,349.672238,39.386395,-8.285034,98505.043356,0.002360,0.002041,0.002271,-218.422914,0.000000
144.120000,72.891637,14.889644,0.003859,365.531891,-406.829109,349.398697,39.386390,-8.285036,98508.184053,0.002360,0.002041,0.002271,-218.422909,0.000000
144.160000,72.891637,14.889509,0.003859,365.377588,-407.335158,349.125158,39.386386,-8.285038,98511.324708,0.002360,0.002041,0.002270,-218.422905,0.000000
144.200000,72.891636,14.889373,0.003859,365.223288,-407.841205,348.851623,39.386381,-8.285039,98514.465322,0.002360,0.002041,0.002270,-218.422901,0.000000
144.240000,72.891636,14.889238,0.003858,365.068991,-408.347248,348.578092,39.386377,-8.285041,98517.605893,0.002360,0.002041,0.002270,-218.422896,0.000000
144.280000,72.891636,14.889102,0.003858,364.914699,-408.853288,348.304565,39.386372,-8.285043,98520.746423,0.002360,0.002041,0.002270,-218.422892,0.000000
144.320000,72.891635,14.888967,0.003858,364.760410,-409.359324,348.031041,39.386368,-8.285045,98523.886911,0.002359,0.002041,0.002270,-218.422888,0.000000
144.360000,72.891635,14.888831,0.003858,364.606125,-409.865358,347.757521,39.386363,-8.285047,98527.027358,0.002359,0.002041,0.002270,-218.422884,0.000000
144.400000,72.891634,14.888696,0.003858,364.451844,-410.371388,347.484004,39.386359,-8.285048,98530.167763,0.002359,0.002041,0.002270,-218.422880,0.000000
144.440000,72.891634,14.888560,0.003858,364.297567,-410.877415,347.210491,39.386354,-8.285050,98533.308126,0.002359,0.002041,0.002270,-218.422876,0.000000
144.480000,72.891634,14.888425,0.003858,364.143293,-411.383438,346.936982,39.386349,-8.285052,98536.448447,0.002359,0.002041,0.002269,-218.422871,0.000000
144.520000,72.891633,14.888289,0.003857,363.989024,-411.889459,346.663476,39.386345,-8.285054,98539.588727,0.002359,0.002041,0.002269,-218.422867,0.000000
144.560000,72.891633,14.888154,0.003857,363.834758,-412.395476,346.389974,39.386340,-8.285056,98542.728965,0.002359,0.002041,0.002269,-218.422863,0.000000
144.600000,72.891633,14.888018,0.003857,363.680495,-412.901490,346.116476,39.386336,-8.285057,98545.869161,0.002359,0.002041,0.002269,-218.422859,0.000000
144.640000,72.891633,14.887883,0.003857,363.526237,-413.407500,345.842981,39.386331,-8.285059,98549.009316,0.002358,0.002041,0.002269,-218.422855,0.000000
144.680000,72.891632,14.887747,0.003857,363.371982,-413.913507,345.569490,39.386327,-8.285061,98552.149429,0.002358,0.002041,0.002269,-218.422851,0.000000
144.720000,72.891632,14.887612,0.003857,363.217731,-414.419511,345.296003,39.386322,-8.285063,98555.289500,0.002358,0.002041,0.002269,-218.422847,0.000000
144.760000,72.891632,14.887476,0.003857,363.063484,-414.925512,345.022519,39.386318,-8.285064,98558.429530,0.002358,0.002041,0.002269,-218.422843,0.000000
144.800000,72.891631,14.887341,0.003856,362.909241,-415.431510,344.749038,39.386313,-8.285066,98561.569518,0.002358,0.002041,0.002268,-218.422839,0.000000
144.840000,72.891631,14.887205,0.003856,362.755001,-415.937504,344.475562,39.386308,-8.285068,98564.709464,0.002358,0.002041,0.002268,-218.422836,0.000000
144.880000,72.891631,14.887070,0.003856,362.600765,-416.443495,344.202089,39.386304,-8.285070,98567.849369,0.002358,0.002041,0.002268,-218.422832,0.000000
144.920000,72.891631,14.886934,0.003856,362.446533,-416.949482,343.928620,39.386299,-8.285072,98570.989232,0.002358,0.002041,0.002268,-218.422828,0.000000
144.960000,72.891630,14.886799,0.003856,362.292305,-417.455467,343.655154,39.386295,-8.285073,98574.129053,0.002358,0.002041,0.002268,-218.422824,0.000000
145.000000,72.891630,14.886664,0.003856,362.138080,-417.961448,343.381692,39.386290,-8.285075,98577.268833,0.002358,0.002041,0.002268,-218.422820,0.000000
145.040000,72.891630,14.886528,0.003856,361.983860,-418.467426,343.108233,39.386286,-8.285077,98580.408571,0.002358,0.002041,0.002268,-218.422816,0.000000
145.080000,72.891630,14.886393,0.003856,361.829643,-418.973400,342.834778,39.386281,-8.285079,98583.548267,0.002357,0.002041,0.002267,-218.422812,0.000000
145.120000,72.891629,14.886257,0.003855,361.675430,-419.479372,342.561327,39.386277,-8.285081,98586.687922,0.002357,0.002041,0.002267,-218.422808,0.000000
145.160000,72.891629,14.886122,0.003855,361.521220,-419.985340,342.287880,39.386272,-8.285082,98589.827535,0.002357,0.002041,0.002267,-218.422805,0.000000
145.200000,72.891629,14.885986,0.003855,361.367014,-420.491305,342.014436,39.386268,-8.285084,98592.967106,0.002357,0.002041,0.002267,-218.422801,0.000000
145.240000,72.891629,14.885851,0.003855,361.212813,-420.997266,341.740995,39.386263,-8.285086,98596.106636,0.002357,0.002041,0.002267,-218.422797,0.000000
145.280000,72.891629,14.885715,0.003855,361.058614,-421.503224,341.467559,39.386258,-8.285088,98599.246124,0.002357,0.002041,0.002267,-218.422793,0.000000
145.320000,72.891628,14.885580,0.003855,360.904420,-422.009179,341.194125,39.386254,-8.285090,98602.385570,0.002357,0.002041,0.002267,-218.422789,0.000000
145.360000,72.891628,14.885445,0.003855,360.750230,-422.515131,340.920696,39.386249,-8.285091,98605.524975,0.002357,0.002041,0.002267,-218.422786,0.000000
145.400000,72.891628,14.885309,0.003855,360.596043,-423.021080,340.647270,39.386245,-8.285093,98608.664338,0.002357,0.002041,0.002267,-218.422782,0.000000
145.440000,72.891628,14.885174,0.003854,360.441860,-423.527025,340.373848,39.386240,-8.285095,98611.803659,0.002357,0.002041,0.002266,-218.422778,0.000000
145.480000,72.891628,14.885038,0.003854,360.287680,-424.032967,340.100429,39.386236,-8.285097,98614.942939,0.002357,0.002041,0.002266,-218.422774,0.000000
145.520000,72.891628,14.884903,0.003854,360.133505,-424.538905,339.827014,39.386231,-8.285099,98618.082178,0.002357,0.002041,0.002266,-218.422771,0.000000
145.560000,72.891627,14.884768,0.003854,359.979333,-425.044841,339.553603,39.386227,-8.285100,98621.221374,0.002357,0.002041,0.002266,-218.422767,0.000000
145.600000,72.891627,14.884632,0.003854,359.825165,-425.550773,339.280195,39.386222,-8.285102,98624.360529,0.002356,0.002041,0.002266,-218.422763,0.000000
145.640000,72.891627,14.884497,0.003854,359.671001,-426.056702,339.006791,39.386217,-8.285104,98627.499642,0.002356,0.002041,0.002266,-218.422759,0.000000
145.680000,72.891627,14.884361,0.003854,359.516841,-426.562627,338.733391,39.386213,-8.285106,98630.638714,0.002356,0.002041,0.002266,-218.422756,0.000000
145.720000,72.891627,14.884226,0.003854,359.362684,-427.068550,338.459994,39.386208,-8.285108,98633.777744,0.002356,0.002041,0.002266,-218.422752,0.000000
145.760000,72.891627,14.884091,0.003853,359.208531,-427.574469,338.186601,39.386204,-8.285109,98636.916733,0.002356,0.002041,0.002265,-218.422748,0.000000
145.800000,72.891626,14.883955,0.003853,359.054382,-428.080385,337.913211,39.386199,-8.285111,98640.055680,0.002356,0.002041,0.002265,-218.422744,0.000000
145.840000,72.891626,14.883820,0.003853,358.900237,-428.586297,337.639825,39.386195,-8.285113,98643.194585,0.002356,0.002041,0.002265,-218.422741,0.000000
145.880000,72.891626,14.883684,0.003853,358.746095,-429.092207,337.366443,39.386190,-8.285115,98646.333448,0.002356,0.002041,0.002265,-218.422737,0.000000
145.920000,72.891626,14.883549,0.003853,358.591958,-429.598113,337.093064,39.386186,-8.285117,98649.472271,0.002356,0.002041,0.002265,-218.422733,0.000000
145.960000,72.891626,14.883414,0.003853,358.437824,-430.104015,336.819689,39.386181,-8.285118,98652.611051,0.002356,0.002041,0.002265,-218.422729,0.000000
146.000000,72.891626,14.883278,0.003853,358.283693,-430.609915,336.546318,39.386176,-8.285120,98655.749790,0.002356,0.002041,0.002265,-218.422726,0.000000
146.040000,72.891626,14.883143,0.003853,358.129567,-431.115811,336.272950,39.386172,-8.285122,98658.888487,0.002356,0.002041,0.002265,-218.422722,0.000000
146.080000,72.891625,14.883008,0.003853,357.975444,-431.621704,335.999586,39.386167,-8.285124,98662.027143,0.002356,0.002041,0.002264,-218.422718,0.000000
146.120000,72.891625,14.882872,0.003852,357.821325,-432.127594,335.726225,39.386163,-8.285125,98665.165757,0.002356,0.002041,0.002264,-218.422715,0.000000
146.160000,72.891625,14.882737,0.003852,357.667210,-432.633480,335.452868,39.386158,-8.285127,98668.304329,0.002356,0.002041,0.002264,-218.422711,0.000000
146.200000,72.891625,14.882602,0.003852,357.513099,-433.139363,335.179515,39.386154,-8.285129,98671.442860,0.002356,0.002041,0.002264,-218.422707,0.000000
146.240000,72.891625,14.882466,0.003852,357.358991,-433.645243,334.906165,39.386149,-8.285131,98674.581349,0.002356,0.002041,0.002264,-218.422704,0.000000
146.280000,72.891625,14.882331,0.003852,357.204887,-434.151120,334.632819,39.386145,-8.285133,98677.719797,0.002356,0.002041,0.002264,-218.422700,0.000000
146.320000,72.891625,14.882196,0.003852,357.050787,-434.656993,334.359477,39.386140,-8.285134,98680.858203,0.002355,0.002041,0.002264,-218.422696,0.000000
146.360000,72.891625,14.882060,0.003852,356.896691,-435.162863,334.086138,39.386136,-8.285136,98683.996567,0.002355,0.002041,0.002264,-218.422692,0.000000
146.400000,72.891624,14.881925,0.003852,356.742598,-435.668730,333.812802,39.386131,-8.285138,98687.134890,0.002355,0.002041,0.002263,-218.422689,0.000000
146.440000,72.891624,14.881790,0.003852,356.588509,-436.174594,333.539471,39.386126,-8.285140,98690.273171,0.002355,0.002041,0.002263,-218.422685,0.000000
146.480000,72.891624,14.881654,0.003851,356.434424,-436.680454,333.266143,39.386122,-8.285142,98693.411411,0.002355,0.002041,0.002263,-218.422681,0.000000
146.520000,72.891624,14.881519,0.003851,356.280343,-437.186311,332.992818,39.386117,-8.285143,98696.549609,0.002355,0.002041,0.002263,-218.422678,0.000000
146.560000,72.891624,14.881384,0.003851,356.126266,-437.692165,332.719498,39.386113,-8.285145,98699.687766,0.002355,0.002041,0.002263,-218.422674,0.000000
146.600000,72.891624,14.881248,0.003851,355.972192,-438.198015,332.446181,39.386108,-8.285147,98702.825881,0.002355,0.002041,0.002263,-218.422670,0.000000
146.640000,72.891624,14.881113,0.003851,355.818122,-438.703863,332.172867,39.386104,-8.285149,98705.963954,0.002355,0.002040,0.002263,-218.422667,0.000000
146.680000,72.891624,14.880978,0.003851,355.664056,-439.209707,331.899557,39.386099,-8.285151,98709.101986,0.002355,0.002040,0.002263,-218.422663,0.000000
146.720000,72.891624,14.880842,0.003851,355.509993,-439.715547,331.626251,39.386095,-8.285152,98712.239976,0.002355,0.002040,0.002263,-218.422659,0.000000
146.760000,72.891623,14.880707,0.003851,355.355935,-440.221385,331.352948,39.386090,-8.285154,98715.377925,0.002355,0.002040,0.002262,-218.422655,0.000000
146.800000,72.891623,14.880572,0.003851,355.201880,-440.727219,331.079649,39.386085,-8.285156,98718.515832,0.002355,0.002040,0.002262,-218.422652,0.000000
146.840000,72.891623,14.880437,0.003850,355.047829,-441.233050,330.806354,39.386081,-8.285158,98721.653698,0.002355,0.002040,0.002262,-218.422648,0.000000
146.880000,72.891623,14.880301,0.003850,354.893781,-441.738878,330.533062,39.386076,-8.285160,98724.791522,0.002355,0.002040,0.002262,-218.422644,0.000000
146.920000,72.891623,14.880166,0.003850,354.739738,-442.244702,330.259774,39.386072,-8.285161,98727.929304,0.002355,0.002040,0.002262,-218.422641,0.000000
146.960000,72.891623,14.880031,0.003850,354.585698,-442.750523,329.986489,39.386067,-8.285163,98731.067045,0.002355,0.002040,0.002262,-218.422637,0.000000
147.000000,72.891623,14.879895,0.003850,354.431662,-443.256341,329.713209,39.386063,-8.285165,98734.204745,0.002355,0.002040,0.002262,-218.422633,0.000000
147.040000,72.891623,14.879760,0.003850,354.277630,-443.762156,329.439931,39.386058,-8.285167,98737.342402,0.002355,0.002040,0.002262,-218.422630,0.000000
147.080000,72.891623,14.879625,0.003850,354.123601,-444.267967,329.166658,39.386054,-8.285169,98740.480019,0.002355,0.002040,0.002261,-218.422626,0.000000
147.120000,72.891623,14.879490,0.003850,353.969577,-444.773775,328.893387,39.386049,-8.285170,98743.617593,0.002355,0.002040,0.002261,-218.422622,0.000000
147.160000,72.891623,14.879354,0.003850,353.815556,-445.279580,328.620121,39.386045,-8.285172,98746.755127,0.002355,0.002040,0.002261,-218.422619,0.000000
147.200000,72.891622,14.879219,0.003849,353.661538,-445.785381,328.346858,39.386040,-8.285174,98749.892618,0.002354,0.002040,0.002261,-218.422615,0.000000
147.240000,72.891622,14.879084,0.003849,353.507525,-446.291180,328.073599,39.386035,-8.285176,98753.030068,0.002354,0.002040,0.002261,-218.422611,0.000000
147.280000,72.891622,14.878949,0.003849,353.353515,-446.796975,327.800343,39.386031,-8.285178,98756.167477,0.002354,0.002040,0.002261,-218.422608,0.000000
147.320000,72.891622,14.878813,0.003849,353.199509,-447.302767,327.527091,39.386026,-8.285179,98759.304844,0.002354,0.002040,0.002261,-218.422604,0.000000
147.360000,72.891622,14.878678,0.003849,353.045507,-447.808555,327.253843,39.386022,-8.285181,98762.442170,0.002354,0.002040,0.002261,-218.422600,0.000000
147.400000,72.891622,14.878543,0.003849,352.891509,-448.314340,326.980598,39.386017,-8.285183,98765.579454,0.002354,0.002040,0.002260,-218.422597,0.000000
147.440000,72.891622,14.878408,0.003849,352.737514,-448.820122,326.707357,39.386013,-8.285185,98768.716696,0.002354,0.002040,0.002260,-218.422593,0.000000
147.480000,72.891622,14.878272,0.003849,352.583524,-449.325901,326.434120,39.386008,-8.285186,98771.853897,0.002354,0.002040,0.002260,-218.422589,0.000000
147.520000,72.891622,14.878137,0.003849,352.429537,-449.831676,326.160886,39.386004,-8.285188,98774.991056,0.002354,0.002040,0.002260,-218.422585,0.000000
147.560000,72.891622,14.878002,0.003848,352.275553,-450.337449,325.887655,39.385999,-8.285190,98778.128174,0.002354,0.002040,0.002260,-218.422582,0.000000
147.600000,72.891622,14.877867,0.003848,352.121574,-450.843217,325.614429,39.385994,-8.285192,98781.265251,0.002354,0.002040,0.002260,-218.422578,0.000000
147.640000,72.891622,14.877732,0.003848,351.967598,-451.348983,325.341206,39.385990,-8.285194,98784.402286,0.002354,0.002040,0.002260,-218.422574,0.000000
147.680000,72.891621,14.877596,0.003848,351.813626,-451.854745,325.067986,39.385985,-8.285195,98787.539279,0.002354,0.002040,0.002260,-218.422571,0.000000
147.720000,72.891621,14.877461,0.003848,351.659658,-452.360505,324.794770,39.385981,-8.285197,98790.676231,0.002354,0.002040,0.002260,-218.422567,0.000000
147.760000,72.891621,14.877326,0.003848,351.505693,-452.866260,324.521558,39.385976,-8.285199,98793.813141,0.002354,0.002040,0.002259,-218.422563,0.000000
147.800000,72.891621,14.877191,0.003848,351.351733,-453.372013,324.248350,39.385972,-8.285201,98796.950010,0.002354,0.002040,0.002259,-218.422560,0.000000
147.840000,72.891621,14.877056,0.003848,351.197776,-453.877762,323.975145,39.385967,-8.285203,98800.086837,0.002354,0.002040,0.002259,-218.422556,0.000000
147.880000,72.891621,14.876920,0.003848,351.043822,-454.383508,323.701943,39.385963,-8.285204,98803.223623,0.002354,0.002040,0.002259,-218.422552,0.000000
147.920000,72.891621,14.876785,0.003848,350.889873,-454.889251,323.428746,39.385958,-8.285206,98806.360368,0.002354,0.002040,0.002259,-218.422549,0.000000
147.960000,72.891621,14.876650,0.003847,350.735927,-455.394991,323.155551,39.385954,-8.285208,98809.497070,0.002354,0.002040,0.002259,-218.422545,0.000000
148.000000,72.891621,14.876515,0.003847,350.581986,-455.900727,322.882361,39.385949,-8.285210,98812.633732,0.002354,0.002040,0.002259,-218.422541,0.000000
148.040000,72.891621,14.876380,0.003847,350.428048,-456.406460,322.609174,39.385944,-8.285212,98815.770352,0.002354,0.002040,0.002259,-218.422538,0.000000
148.080000,72.891621,14.876245,0.003847,350.274113,-456.912190,322.335991,39.385940,-8.285213,98818.906930,0.002354,0.002040,0.002258,-218.422534,0.000000
148.120000,72.891621,14.876109,0.003847,350.120183,-457.417916,322.062811,39.385935,-8.285215,98822.043467,0.002354,0.002040,0.002258,-218.422530,0.000000
148.160000,72.891621,14.875974,0.003847,349.966256,-457.923639,321.789635,39.385931,-8.285217,98825.179962,0.002354,0.002040,0.002258,-218.422527,0.000000
148.200000,72.891620,14.875839,0.003847,349.812333,-458.429359,321.516463,39.385926,-8.285219,98828.316416,0.002354,0.002040,0.002258,-218.422523,0.000000
148.240000,72.891620,14.875704,0.003847,349.658414,-458.935076,321.243294,39.385922,-8.285221,98831.452828,0.002353,0.002040,0.002258,-218.422519,0.000000
148.280000,72.891620,14.875569,0.003847,349.504498,-459.440790,320.970129,39.385917,-8.285222,98834.589199,0.002353,0.002040,0.002258,-218.422516,0.000000
148.320000,72.891620,14.875434,0.003846,349.350586,-459.946500,320.696967,39.385913,-8.285224,98837.725529,0.002353,0.002039,0.002258,-218.422512,0.000000
148.360000,72.891620,14.875298,0.003846,349.196678,-460.452207,320.423809,39.385908,-8.285226,98840.861817,0.002353,0.002039,0.002258,-218.422508,0.000000
148.400000,72.891620,14.875163,0.003846,349.042774,-460.957910,320.150655,39.385904,-8.285228,98843.998063,0.002353,0.002039,0.002257,-218.422505,0.000000
148.440000,72.891620,14.875028,0.003846,348.888874,-461.463611,319.877504,39.385899,-8.285229,98847.134268,0.002353,0.002039,0.002257,-218.422501,0.000000
148.480000,72.891620,14.874893,0.003846,348.734977,-461.969308,319.604357,39.385894,-8.285231,98850.270432,0.002353,0.002039,0.002257,-218.422497,0.000000
148.520000,72.891620,14.874758,0.003846,348.581084,-462.475002,319.331213,39.385890,-8.285233,98853.406554,0.002353,0.002039,0.002257,-218.422494,0.000000
148.560000,72.891620,14.874623,0.003846,348.427195,-462.980692,319.058073,39.385885,-8.285235,98856.542635,0.002353,0.002039,0.002257,-218.422490,0.000000
148.600000,72.891620,14.874488,0.003846,348.273310,-463.486379,318.784937,39.385881,-8.285237,98859.678674,0.002353,0.002039,0.002257,-218.422486,0.000000
148.640000,72.891620,14.874353,0.003846,348.119428,-463.992064,318.511804,39.385876,-8.285238,98862.814671,0.002353,0.002039,0.002257,-218.422483,0.000000
148.680000,72.891620,14.874217,0.003846,347.965550,-464.497744,318.238675,39.385872,-8.285240,98865.950628,0.002353,0.002039,0.002257,-218.422479,0.000000
148.720000,72.891620,14.874082,0.003845,347.811676,-465.003422,317.965549,39.385867,-8.285242,98869.086542,0.002353,0.002039,0.002257,-218.422475,0.000000
148.760000,72.891620,14.873947,0.003845,347.657806,-465.509096,317.692428,39.385863,-8.285244,98872.222416,0.002353,0.002039,0.002256,-218.422472,0.000000
148.800000,72.891619,14.873812,0.003845,347.503939,-466.014767,317.419309,39.385858,-8.285246,98875.358248,0.002353,0.002039,0.002256,-218.422468,0.000000
148.840000,72.891619,14.873677,0.003845,347.350076,-466.520435,317.146195,39.385853,-8.285247,98878.494038,0.002353,0.002039,0.002256,-218.422464,0.000000
148.880000,72.891619,14.873542,0.003845,347.196217,-467.026099,316.873084,39.385849,-8.285249,98881.629787,0.002353,0.002039,0.002256,-218.422461,0.000000
148.920000,72.891619,14.873407,0.003845,347.042362,-467.531761,316.599976,39.385844,-8.285251,98884.765495,0.002353,0.002039,0.002256,-218.422457,0.000000
148.960000,72.891619,14.873272,0.003845,346.888511,-468.037419,316.326872,39.385840,-8.285253,98887.901161,0.002353,0.002039,0.002256,-218.422453,0.000000
149.000000,72.891619,14.873137,0.003845,346.734663,-468.543073,316.053772,39.385835,-8.285255,98891.036785,0.002353,0.002039,0.002256,-218.422450,0.000000
149.040000,72.891619,14.873002,0.003845,346.580819,-469.048725,315.780675,39.385831,-8.285256,98894.172369,0.002353,0.002039,0.002256,-218.422446,0.000000
149.080000,72.891619,14.872867,0.003845,346.426979,-469.554373,315.507582,39.385826,-8.285258,98897.307910,0.002353,0.002039,0.002255,-218.422442,0.000000
149.120000,72.891619,14.872732,0.003844,346.273142,-470.060018,315.234493,39.385822,-8.285260,98900.443411,0.002353,0.002039,0.002255,-218.422439,0.000000
149.160000,72.891619,14.872596,0.003844,346.119310,-470.565659,314.961407,39.385817,-8.285262,98903.578870,0.002353,0.002039,0.002255,-218.422435,0.000000
149.200000,72.891619,14.872461,0.003844,345.965481,-471.071298,314.688325,39.385813,-8.285264,98906.714287,0.002353,0.002039,0.002255,-218.422431,0.000000
149.240000,72.891619,14.872326,0.003844,345.811655,-471.576933,314.415247,39.385808,-8.285265,98909.849663,0.002353,0.002039,0.002255,-218.422428,0.000000
149.280000,72.891619,14.872191,0.003844,345.657834,-472.082565,314.142172,39.385803,-8.285267,98912.984998,0.002353,0.002039,0.002255,-218.422424,0.000000
149.320000,72.891619,14.872056,0.003844,345.504016,-472.588193,313.869100,39.385799,-8.285269,98916.120291,0.002353,0.002039,0.002255,-218.422420,0.000000
149.360000,72.891619,14.871921,0.003844,345.350203,-473.093819,313.596032,39.385794,-8.285271,98919.255543,0.002353,0.002039,0.002255,-218.422417,0.000000
149.400000,72.891618,14.871786,0.003844,345.196393,-473.599441,313.322968,39.385790,-8.285272,98922.390753,0.002353,0.002039,0.002255,-218.422413,0.000000
149.440000,72.891618,14.871651,0.003844,345.042586,-474.105060,313.049908,39.385785,-8.285274,98925.525922,0.002352,0.002039,0.002254,-218.422409,0.000000
149.480000,72.891618,14.871516,0.003843,344.888784,-474.610675,312.776851,39.385781,-8.285276,98928.661050,0.002352,0.002039,0.002254,-218.422406,0.000000
149.520000,72.891618,14.871381,0.003843,344.734985,-475.116287,312.503798,39.385776,-8.285278,98931.796136,0.002352,0.002039,0.002254,-218.422402,0.000000
149.560000,72.891618,14.871246,0.003843,344.581190,-475.621896,312.230748,39.385772,-8.285280,98934.931181,0.002352,0.002039,0.002254,-218.422398,0.000000
149.600000,72.891618,14.871111,0.003843,344.427399,-476.127502,311.957702,39.385767,-8.285281,98938.066184,0.002352,0.002039,0.002254,-218.422395,0.000000
149.640000,72.891618,14.870976,0.003843,344.273611,-476.633105,311.684659,39.385763,-8.285283,98941.201146,0.002352,0.002039,0.002254,-218.422391,0.000000
149.680000,72.891618,14.870841,0.003843,344.119827,-477.138704,311.411620,39.385758,-8.285285,98944.336066,0.002352,0.002039,0.002254,-218.422388,0.000000
149.720000,72.891618,14.870706,0.003843,343.966047,-477.644300,311.138585,39.385753,-8.285287,98947.470945,0.002352,0.002039,0.002254,-218.422384,0.000000
149.760000,72.891618,14.870571,0.003843,343.812271,-478.149893,310.865553,39.385749,-8.285289,98950.605783,0.002352,0.002039,0.002253,-218.422380,0.000000
149.800000,72.891618,14.870436,0.003843,343.658499,-478.655482,310.592525,39.385744,-8.285290,98953.740579,0.002352,0.002039,0.002253,-218.422377,0.000000
149.840000,72.891618,14.870301,0.003843,343.504730,-479.161068,310.319501,39.385740,-8.285292,98956.875334,0.002352,0.002039,0.002253,-218.422373,0.000000
149.880000,72.891618,14.870166,0.003842,343.350965,-479.666651,310.046480,39.385735,-8.285294,98960.010048,0.002352,0.002038,0.002253,-218.422369,0.000000
149.920000,72.891618,14.870031,0.003842,343.197204,-480.172231,309.773463,39.385731,-8.285296,98963.144720,0.002352,0.002038,0.002253,-218.422366,0.000000
149.960000,72.891618,14.869896,0.003842,343.043447,-480.677807,309.500449,39.385726,-8.285298,98966.279351,0.002352,0.002038,0.002253,-218.422362,0.000000
150.000000,72.891618,14.869761,0.003842,342.889693,-481.183380,309.227439,39.385722,-8.285299,98969.413940,0.002352,0.002038,0.002253,-218.422358,0.000000
150.040000,72.891617,14.869626,0.003842,342.735943,-481.688950,308.954432,39.385717,-8.285301,98972.548488,0.002352,0.002038,0.002253,-218.422355,0.000000
150.080000,72.891617,14.869491,0.003842,342.582197,-482.194517,308.681430,39.385712,-8.285303,98975.682995,0.002352,0.002038,0.002252,-218.422351,0.000000
150.120000,72.891617,14.869356,0.003842,342.428455,-482.700080,308.408430,39.385708,-8.285305,98978.817460,0.002352,0.002038,0.002252,-218.422347,0.000000
150.160000,72.891617,14.869221,0.003842,342.274716,-483.205640,308.135435,39.385703,-8.285306,98981.951884,0.002352,0.002038,0.002252,-218.422344,0.000000
150.200000,72.891617,14.869086,0.003842,342.120981,-483.711197,307.862443,39.385699,-8.285308,98985.086266,0.002352,0.002038,0.002252,-218.422340,0.000000
150.240000,72.891617,14.868951,0.003842,341.967250,-484.216751,307.589454,39.385694,-8.285310,98988.220607,0.002352,0.002038,0.002252,-218.422336,0.000000
150.280000,72.891617,14.868816,0.003841,341.813523,-484.722301,307.316469,39.385690,-8.285312,98991.354907,0.002352,0.002038,0.002252,-218.422333,0.000000
150.320000,72.891617,14.868681,0.003841,341.659799,-485.227848,307.043488,39.385685,-8.285314,98994.489165,0.002352,0.002038,0.002252,-218.422329,0.000000
150.360000,72.891617,14.868546,0.003841,341.506080,-485.733392,306.770511,39.385681,-8.285315,98997.623382,0.002352,0.002038,0.002252,-218.422325,0.000000
150.400000,72.891617,14.868411,0.003841,341.352364,-486.238933,306.497537,39.385676,-8.285317,99000.757558,0.002352,0.002038,0.002252,-218.422322,0.000000
150.440000,72.891617,14.868276,0.003841,341.198651,-486.744470,306.224566,39.385672,-8.285319,99003.891692,0.002352,0.002038,0.002251,-218.422318,0.000000
150.480000,72.891617,14.868141,0.003841,341.044943,-487.250004,305.951599,39.385667,-8.285321,99007.025785,0.002352,0.002038,0.002251,-218.422314,0.000000
150.520000,72.891617,14.868006,0.003841,340.891238,-487.755535,305.678636,39.385662,-8.285323,99010.159837,0.002352,0.002038,0.002251,-218.422311,0.000000
150.560000,72.891617,14.867872,0.003841,340.737537,-488.261062,305.405677,39.385658,-8.285324,99013.293847,0.002352,0.002038,0.002251,-218.422307,0.000000
150.600000,72.891617,14.867737,0.003841,340.583840,-488.766586,305.132721,39.385653,-8.285326,99016.427816,0.002352,0.002038,0.002251,-218.422303,0.000000
150.640000,72.891617,14.867602,0.003840,340.430147,-489.272107,304.859768,39.385649,-8.285328,99019.561743,0.002352,0.002038,0.002251,-218.422300,0.000000
150.680000,72.891617,14.867467,0.003840,340.276457,-489.777625,304.586819,39.385644,-8.285330,99022.695629,0.002351,0.002038,0.002251,-218.422296,0.000000
150.720000,72.891616,14.867332,0.003840,340.122771,-490.283139,304.313874,39.385640,-8.285332,99025.829474,0.002351,0.002038,0.002251,-218.422293,0.000000
150.760000,72.891616,14.867197,0.003840,339.969089,-490.788651,304.040933,39.385635,-8.285333,99028.963277,0.002351,0.002038,0.002250,-218.422289,0.000000
150.800000,72.891616,14.867062,0.003840,339.815410,-491.294159,303.767995,39.385631,-8.285335,99032.097040,0.002351,0.002038,0.002250,-218.422285,0.000000
150.840000,72.891616,14.866927,0.003840,339.661736,-491.799663,303.495060,39.385626,-8.285337,99035.230760,0.002351,0.002038,0.002250,-218.422282,0.000000
150.880000,72.891616,14.866792,0.003840,339.508065,-492.305165,303.222129,39.385622,-8.285339,99038.364440,0.002351,0.002038,0.002250,-218.422278,0.000000
150.920000,72.891616,14.866657,0.003840,339.354398,-492.810663,302.949202,39.385617,-8.285340,99041.498078,0.002351,0.002038,0.002250,-218.422274,0.000000
150.960000,72.891616,14.866522,0.003840,339.200735,-493.316158,302.676279,39.385612,-8.285342,99044.631675,0.002351,0.002038,0.002250,-218.422271,0.000000
151.000000,72.891616,14.866387,0.003840,339.047075,-493.821649,302.403359,39.385608,-8.285344,99047.765230,0.002351,0.002038,0.002250,-218.422267,0.000000
151.040000,72.891616,14.866253,0.003839,338.893419,-494.327138,302.130442,39.385603,-8.285346,99050.898744,0.002351,0.002038,0.002250,-218.422263,0.000000
151.080000,72.891616,14.866118,0.003839,338.739767,-494.832623,301.857529,39.385599,-8.285348,99054.032217,0.002351,0.002038,0.002250,-218.422260,0.000000
151.120000,72.891616,14.865983,0.003839,338.586119,-495.338105,301.584620,39.385594,-8.285349,99057.165648,0.002351,0.002038,0.002249,-218.422256,0.000000
151.160000,72.891616,14.865848,0.003839,338.432474,-495.843583,301.311715,39.385590,-8.285351,99060.299038,0.002351,0.002038,0.002249,-218.422252,0.000000
151.200000,72.891616,14.865713,0.003839,338.278834,-496.349058,301.038812,39.385585,-8.285353,99063.432387,0.002351,0.002038,0.002249,-218.422249,0.000000
151.240000,72.891616,14.865578,0.003839,338.125197,-496.854531,300.765914,39.385581,-8.285355,99066.565695,0.002351,0.002038,0.002249,-218.422245,0.000000
151.280000,72.891616,14.865443,0.003839,337.971563,-497.359999,300.493019,39.385576,-8.285357,99069.698961,0.002351,0.002038,0.002249,-218.422241,0.000000
151.320000,72.891616,14.865308,0.003839,337.817934,-497.865465,300.220128,39.385572,-8.285358,99072.832186,0.002351,0.002038,0.002249,-218.422238,0.000000
151.360000,72.891616,14.865174,0.003839,337.664308,-498.370927,299.947240,39.385567,-8.285360,99075.965369,0.002351,0.002037,0.002249,-218.422234,0.000000
151.400000,72.891615,14.865039,0.003839,337.510686,-498.876386,299.674356,39.385562,-8.285362,99079.098511,0.002351,0.002037,0.002249,-218.422231,0.000000
151.440000,72.891615,14.864904,0.003838,337.357068,-499.381842,299.401476,39.385558,-8.285364,99082.231612,0.002351,0.002037,0.002248,-218.422227,0.000000
151.480000,72.891615,14.864769,0.003838,337.203454,-499.887294,299.128599,39.385553,-8.285365,99085.364672,0.002351,0.002037,0.002248,-218.422223,0.000000
151.520000,72.891615,14.864634,0.003838,337.049843,-500.392744,298.855726,39.385549,-8.285367,99088.497690,0.002351,0.002037,0.002248,-218.422220,0.000000
151.560000,72.891615,14.864499,0.003838,336.896236,-500.898190,298.582856,39.385544,-8.285369,99091.630667,0.002351,0.002037,0.002248,-218.422216,0.000000
151.600000,72.891615,14.864365,0.003838,336.742633,-501.403632,298.309990,39.385540,-8.285371,99094.763603,0.002351,0.002037,0.002248,-218.422212,0.000000
151.640000,72.891615,14.864230,0.003838,336.589034,-501.909072,298.037128,39.385535,-8.285373,99097.896497,0.002351,0.002037,0.002248,-218.422209,0.000000
151.680000,72.891615,14.864095,0.003838,336.435438,-502.414508,297.764269,39.385531,-8.285374,99101.029350,0.002351,0.002037,0.002248,-218.422205,0.000000
151.720000,72.891615,14.863960,0.003838,336.281846,-502.919941,297.491414,39.385526,-8.285376,99104.162162,0.002351,0.002037,0.002248,-218.422201,0.000000
151.760000,72.891615,14.863825,0.003838,336.128258,-503.425371,297.218562,39.385522,-8.285378,99107.294933,0.002351,0.002037,0.002247,-218.422198,0.000000
151.800000,72.891615,14.863690,0.003837,335.974674,-503.930797,296.945714,39.385517,-8.285380,99110.427662,0.002351,0.002037,0.002247,-218.422194,0.000000
151.840000,72.891615,14.863556,0.003837,335.821093,-504.436220,296.672870,39.385512,-8.285382,99113.560350,0.002351,0.002037,0.002247,-218.422190,0.000000
151.880000,72.891615,14.863421,0.003837,335.667516,-504.941640,296.400029,39.385508,-8.285383,99116.692997,0.002351,0.002037,0.002247,-218.422187,0.000000
151.920000,72.891615,14.863286,0.003837,335.513943,-505.447057,296.127192,39.385503,-8.285385,99119.825602,0.002351,0.002037,0.002247,-218.422183,0.000000
151.960000,72.891615,14.863151,0.003837,335.360374,-505.952470,295.854358,39.385499,-8.285387,99122.958166,0.002350,0.002037,0.002247,-218.422180,0.000000
152.000000,72.891615,14.863016,0.003837,335.206808,-506.457880,295.581528,39.385494,-8.285389,99126.090689,0.002350,0.002037,0.002247,-218.422176,0.000000
152.040000,72.891615,14.862882,0.003837,335.053247,-506.963287,295.308701,39.385490,-8.285391,99129.223171,0.002350,0.002037,0.002247,-218.422172,0.000000
152.080000,72.891614,14.862747,0.003837,334.899689,-507.468691,295.035878,39.385485,-8.285392,99132.355611,0.002350,0.002037,0.002247,-218.422169,0.000000
152.120000,72.891614,14.862612,0.003837,334.746134,-507.974091,294.763059,39.385481,-8.285394,99135.488010,0.002350,0.002037,0.002246,-218.422165,0.000000
152.160000,72.891614,14.862477,0.003837,334.592584,-508.479488,294.490244,39.385476,-8.285396,99138.620368,0.002350,0.002037,0.002246,-218.422161,0.000000
152.200000,72.891614,14.862342,0.003836,334.439037,-508.984882,294.217431,39.385471,-8.285398,99141.752684,0.002350,0.002037,0.002246,-218.422158,0.000000
152.240000,72.891614,14.862208,0.003836,334.285494,-509.490273,293.944623,39.385467,-8.285399,99144.884959,0.002350,0.002037,0.002246,-218.422154,0.000000
152.280000,72.891614,14.862073,0.003836,334.131955,-509.995660,293.671818,39.385462,-8.285401,99148.017193,0.002350,0.002037,0.002246,-218.422150,0.000000
152.320000,72.891614,14.861938,0.003836,333.978419,-510.501044,293.399017,39.385458,-8.285403,99151.149386,0.002350,0.002037,0.002246,-218.422147,0.000000
152.360000,72.891614,14.861803,0.003836,333.824888,-511.006425,293.126219,39.385453,-8.285405,99154.281537,0.002350,0.002037,0.002246,-218.422143,0.000000
152.400000,72.891614,14.861669,0.003836,333.671360,-511.511802,292.853425,39.385449,-8.285407,99157.413648,0.002350,0.002037,0.002246,-218.422140,0.000000
152.440000,72.891614,14.861534,0.003836,333.517836,-512.017177,292.580634,39.385444,-8.285408,99160.545717,0.002350,0.002037,0.002245,-218.422136,0.000000
152.480000,72.891614,14.861399,0.003836,333.364315,-512.522548,292.307847,39.385440,-8.285410,99163.677744,0.002350,0.002037,0.002245,-218.422132,0.000000
152.520000,72.891614,14.861264,0.003836,333.210799,-513.027915,292.035064,39.385435,-8.285412,99166.809731,0.002350,0.002037,0.002245,-218.422129,0.000000
152.560000,72.891614,14.861130,0.003836,333.057286,-513.533280,291.762284,39.385431,-8.285414,99169.941676,0.002350,0.002037,0.002245,-218.422125,0.000000
152.600000,72.891614,14.860995,0.003835,332.903777,-514.038641,291.489508,39.385426,-8.285416,99173.073580,0.002350,0.002037,0.002245,-218.422121,0.000000
152.640000,72.891614,14.860860,0.003835,332.750271,-514.543999,291.216736,39.385421,-8.285417,99176.205443,0.002350,0.002037,0.002245,-218.422118,0.000000
152.680000,72.891614,14.860725,0.003835,332.596770,-515.049354,290.943967,39.385417,-8.285419,99179.337264,0.002350,0.002037,0.002245,-218.422114,0.000000
152.720000,72.891614,14.860591,0.003835,332.443272,-515.554705,290.671201,39.385412,-8.285421,99182.469044,0.002350,0.002037,0.002245,-218.422110,0.000000
152.760000,72.891613,14.860456,0.003835,332.289778,-516.060054,290.398439,39.385408,-8.285423,99185.600783,0.002350,0.002037,0.002245,-218.422107,0.000000
152.800000,72.891613,14.860321,0.003835,332.136287,-516.565398,290.125681,39.385403,-8.285424,99188.732481,0.002350,0.002037,0.002244,-218.422103,0.000000
152.840000,72.891613,14.860186,0.003835,331.982801,-517.070740,289.852927,39.385399,-8.285426,99191.864137,0.002350,0.002036,0.002244,-218.422100,0.000000
152.880000,72.891613,14.860052,0.003835,331.829318,-517.576079,289.580175,39.385394,-8.285428,99194.995753,0.002350,0.002036,0.002244,-218.422096,0.000000
152.920000,72.891613,14.859917,0.003835,331.675839,-518.081414,289.307428,39.385390,-8.285430,99198.127327,0.002350,0.002036,0.002244,-218.422092,0.000000
152.960000,72.891613,14.859782,0.003835,331.522364,-518.586746,289.034684,39.385385,-8.285432,99201.258860,0.002350,0.002036,0.002244,-218.422089,0.000000
153.000000,72.891613,14.859648,0.003834,331.368892,-519.092074,288.761944,39.385381,-8.285433,99204.390351,0.002350,0.002036,0.002244,-218.422085,0.000000
153.040000,72.891613,14.859513,0.003834,331.215424,-519.597400,288.489207,39.385376,-8.285435,99207.521802,0.002350,0.002036,0.002244,-218.422081,0.000000
153.080000,72.891613,14.859378,0.003834,331.061960,-520.102722,288.216474,39.385371,-8.285437,99210.653211,0.002350,0.002036,0.002244,-218.422078,0.000000
153.120000,72.891613,14.859244,0.003834,330.908500,-520.608041,287.943745,39.385367,-8.285439,99213.784579,0.002350,0.002036,0.002243,-218.422074,0.000000
153.160000,72.891613,14.859109,0.003834,330.755044,-521.113356,287.671019,39.385362,-8.285441,99216.915906,0.002350,0.002036,0.002243,-218.422071,0.000000
153.200000,72.891613,14.858974,0.003834,330.601591,-521.618669,287.398297,39.385358,-8.285442,99220.047191,0.002350,0.002036,0.002243,-218.422067,0.000000
153.240000,72.891613,14.858840,0.003834,330.448142,-522.123978,287.125578,39.385353,-8.285444,99223.178436,0.002349,0.002036,0.002243,-218.422063,0.000000
153.280000,72.891613,14.858705,0.003834,330.294697,-522.629284,286.852863,39.385349,-8.285446,99226.309639,0.002349,0.002036,0.002243,-218.422060,0.000000
153.320000,72.891613,14.858570,0.003834,330.141255,-523.134586,286.580151,39.385344,-8.285448,99229.440801,0.002349,0.002036,0.002243,-218.422056,0.000000
153.360000,72.891613,14.858435,0.003833,329.987818,-523.639886,286.307443,39.385340,-8.285449,99232.571921,0.002349,0.002036,0.002243,-218.422052,0.000000
153.400000,72.891613,14.858301,0.003833,329.834384,-524.145182,286.034739,39.385335,-8.285451,99235.703001,0.002349,0.002036,0.002243,-218.422049,0.000000
153.440000,72.891613,14.858166,0.003833,329.680953,-524.650475,285.762038,39.385331,-8.285453,99238.834039,0.002349,0.002036,0.002243,-218.422045,0.000000
153.480000,72.891612,14.858032,0.003833,329.527527,-525.155764,285.489341,39.385326,-8.285455,99241.965036,0.002349,0.002036,0.002242,-218.422041,0.000000
153.520000,72.891612,14.857897,0.003833,329.374104,-525.661050,285.216647,39.385321,-8.285457,99245.095992,0.002349,0.002036,0.002242,-218.422038,0.000000
153.560000,72.891612,14.857762,0.003833,329.220686,-526.166333,284.943957,39.385317,-8.285458,99248.226907,0.002349,0.002036,0.002242,-218.422034,0.000000
153.600000,72.891612,14.857628,0.003833,329.067270,-526.671613,284.671271,39.385312,-8.285460,99251.357780,0.002349,0.002036,0.002242,-218.422031,0.000000
153.640000,72.891612,14.857493,0.003833,328.913859,-527.176890,284.398588,39.385308,-8.285462,99254.488613,0.002349,0.002036,0.002242,-218.422027,0.000000
153.680000,72.891612,14.857358,0.003833,328.760451,-527.682163,284.125909,39.385303,-8.285464,99257.619404,0.002349,0.002036,0.002242,-218.422023,0.000000
153.720000,72.891612,14.857224,0.003833,328.607047,-528.187433,283.853233,39.385299,-8.285466,99260.750154,0.002349,0.002036,0.002242,-218.422020,0.000000
153.760000,72.891612,14.857089,0.003832,328.453647,-528.692700,283.580561,39.385294,-8.285467,99263.880863,0.002349,0.002036,0.002242,-218.422016,0.000000
153.800000,72.891612,14.856954,0.003832,328.300251,-529.197963,283.307893,39.385290,-8.285469,99267.011530,0.002349,0.002036,0.002241,-218.422012,0.000000
153.840000,72.891612,14.856820,0.003832,328.146858,-529.703224,283.035228,39.385285,-8.285471,99270.142157,0.002349,0.002036,0.002241,-218.422009,0.000000
153.880000,72.891612,14.856685,0.003832,327.993470,-530.208481,282.762566,39.385281,-8.285473,99273.272742,0.002349,0.002036,0.002241,-218.422005,0.000000
153.920000,72.891612,14.856551,0.003832,327.840085,-530.713734,282.489909,39.385276,-8.285474,99276.403286,0.002349,0.002036,0.002241,-218.422002,0.000000
153.960000,72.891612,14.856416,0.003832,327.686703,-531.218985,282.217254,39.385271,-8.285476,99279.533789,0.002349,0.002036,0.002241,-218.421998,0.000000
154.000000,72.891612,14.856281,0.003832,327.533326,-531.724232,281.944604,39.385267,-8.285478,99282.664251,0.002349,0.002036,0.002241,-218.421994,0.000000
154.040000,72.891612,14.856147,0.003832,327.379952,-532.229476,281.671957,39.385262,-8.285480,99285.794672,0.002349,0.002036,0.002241,-218.421991,0.000000
154.080000,72.891612,14.856012,0.003832,327.226582,-532.734717,281.399314,39.385258,-8.285482,99288.925051,0.002349,0.002036,0.002241,-218.421987,0.000000
154.120000,72.891612,14.855877,0.003832,327.073216,-533.239954,281.126674,39.385253,-8.285483,99292.055389,0.002349,0.002036,0.002241,-218.421983,0.000000
154.160000,72.891611,14.855743,0.003831,326.919853,-533.745188,280.854038,39.385249,-8.285485,99295.185686,0.002349,0.002036,0.002240,-218.421980,0.000000
154.200000,72.891611,14.855608,0.003831,326.766494,-534.250419,280.581405,39.385244,-8.285487,99298.315942,0.002349,0.002036,0.002240,-218.421976,0.000000
154.240000,72.891611,14.855474,0.003831,326.613139,-534.755647,280.308776,39.385240,-8.285489,99301.446157,0.002349,0.002036,0.002240,-218.421973,0.000000
154.280000,72.891611,14.855339,0.003831,326.459788,-535.260871,280.036150,39.385235,-8.285491,99304.576331,0.002349,0.002036,0.002240,-218.421969,0.000000
154.320000,72.891611,14.855205,0.003831,326.306441,-535.766092,279.763529,39.385231,-8.285492,99307.706463,0.002349,0.002036,0.002240,-218.421965,0.000000
154.360000,72.891611,14.855070,0.003831,326.153097,-536.271310,279.490910,39.385226,-8.285494,99310.836555,0.002349,0.002035,0.002240,-218.421962,0.000000
154.400000,72.891611,14.854935,0.003831,325.999757,-536.776525,279.218295,39.385222,-8.285496,99313.966605,0.002349,0.002035,0.002240,-218.421958,0.000000
154.440000,72.891611,14.854801,0.003831,325.846421,-537.281736,278.945684,39.385217,-8.285498,99317.096614,0.002349,0.002035,0.002240,-218.421954,0.000000
154.480000,72.891611,14.854666,0.003831,325.693088,-537.786945,278.673077,39.385212,-8.285499,99320.226582,0.002349,0.002035,0.002239,-218.421951,0.000000
154.520000,72.891611,14.854532,0.003831,325.539759,-538.292149,278.400473,39.385208,-8.285501,99323.356509,0.002349,0.002035,0.002239,-218.421947,0.000000
154.560000,72.891611,14.854397,0.003830,325.386434,-538.797351,278.127872,39.385203,-8.285503,99326.486394,0.002348,0.002035,0.002239,-218.421944,0.000000
154.600000,72.891611,14.854263,0.003830,325.233113,-539.302549,277.855276,39.385199,-8.285505,99329.616239,0.002348,0.002035,0.002239,-218.421940,0.000000
154.640000,72.891611,14.854128,0.003830,325.079796,-539.807744,277.582682,39.385194,-8.285507,99332.746042,0.002348,0.002035,0.002239,-218.421936,0.000000
154.680000,72.891611,14.853993,0.003830,324.926482,-540.312936,277.310093,39.385190,-8.285508,99335.875804,0.002348,0.002035,0.002239,-218.421933,0.000000
154.720000,72.891611,14.853859,0.003830,324.773172,-540.818125,277.037507,39.385185,-8.285510,99339.005525,0.002348,0.002035,0.002239,-218.421929,0.000000
154.760000,72.891611,14.853724,0.003830,324.619866,-541.323310,276.764924,39.385181,-8.285512,99342.135205,0.002348,0.002035,0.002239,-218.421926,0.000000
154.800000,72.891611,14.853590,0.003830,324.466564,-541.828492,276.492345,39.385176,-8.285514,99345.264844,0.002348,0.002035,0.002239,-218.421922,0.000000
154.840000,72.891610,14.853455,0.003830,324.313265,-542.333671,276.219770,39.385172,-8.285516,99348.394442,0.002348,0.002035,0.002238,-218.421918,0.000000
154.880000,72.891610,14.853321,0.003830,324.159970,-542.838847,275.947198,39.385167,-8.285517,99351.523999,0.002348,0.002035,0.002238,-218.421915,0.000000
154.920000,72.891610,14.853186,0.003829,324.006679,-543.344019,275.674630,39.385162,-8.285519,99354.653514,0.002348,0.002035,0.002238,-218.421911,0.000000
154.960000,72.891610,14.853052,0.003829,323.853392,-543.849188,275.402066,39.385158,-8.285521,99357.782988,0.002348,0.002035,0.002238,-218.421907,0.000000
155.000000,72.891610,14.852917,0.003829,323.700108,-544.354354,275.129505,39.385153,-8.285523,99360.912422,0.002348,0.002035,0.002238,-218.421904,0.000000
155.040000,72.891610,14.852783,0.003829,323.546828,-544.859516,274.856947,39.385149,-8.285524,99364.041814,0.002348,0.002035,0.002238,-218.421900,0.000000
155.080000,72.891610,14.852648,0.003829,323.393552,-545.364676,274.584394,39.385144,-8.285526,99367.171165,0.002348,0.002035,0.002238,-218.421897,0.000000
155.120000,72.891610,14.852514,0.003829,323.240280,-545.869832,274.311843,39.385140,-8.285528,99370.300475,0.002348,0.002035,0.002238,-218.421893,0.000000
155.160000,72.891610,14.852379,0.003829,323.087011,-546.374985,274.039297,39.385135,-8.285530,99373.429744,0.002348,0.002035,0.002237,-218.421889,0.000000
155.200000,72.891610,14.852245,0.003829,322.933746,-546.880134,273.766754,39.385131,-8.285532,99376.558971,0.002348,0.002035,0.002237,-218.421886,0.000000
155.240000,72.891610,14.852110,0.003829,322.780485,-547.385280,273.494214,39.385126,-8.285533,99379.688158,0.002348,0.002035,0.002237,-218.421882,0.000000
155.280000,72.891610,14.851976,0.003829,322.627228,-547.890423,273.221678,39.385122,-8.285535,99382.817303,0.002348,0.002035,0.002237,-218.421879,0.000000
155.320000,72.891610,14.851841,0.003828,322.473974,-548.395563,272.949146,39.385117,-8.285537,99385.946408,0.002348,0.002035,0.002237,-218.421875,0.000000
155.360000,72.891610,14.851707,0.003828,322.320725,-548.900700,272.676617,39.385112,-8.285539,99389.075471,0.002348,0.002035,0.002237,-218.421871,0.000000
155.400000,72.891610,14.851572,0.003828,322.167479,-549.405833,272.404092,39.385108,-8.285541,99392.204493,0.002348,0.002035,0.002237,-218.421868,0.000000
155.440000,72.891610,14.851438,0.003828,322.014236,-549.910963,272.131570,39.385103,-8.285542,99395.333475,0.002348,0.002035,0.002237,-218.421864,0.000000
155.480000,72.891610,14.851303,0.003828,321.860998,-550.416090,271.859052,39.385099,-8.285544,99398.462415,0.002348,0.002035,0.002237,-218.421860,0.000000
155.520000,72.891610,14.851169,0.003828,321.707763,-550.921213,271.586538,39.385094,-8.285546,99401.591314,0.002348,0.002035,0.002236,-218.421857,0.000000
155.560000,72.891609,14.851034,0.003828,321.554532,-551.426333,271.314027,39.385090,-8.285548,99404.720171,0.002348,0.002035,0.002236,-218.421853,0.000000
155.600000,72.891609,14.850900,0.003828,321.401305,-551.931450,271.041520,39.385085,-8.285549,99407.848988,0.002348,0.002035,0.002236,-218.421850,0.000000
155.640000,72.891609,14.850766,0.003828,321.248081,-552.436564,270.769016,39.385081,-8.285551,99410.977764,0.002348,0.002035,0.002236,-218.421846,0.000000
155.680000,72.891609,14.850631,0.003828,321.094861,-552.941674,270.496516,39.385076,-8.285553,99414.106499,0.002348,0.002035,0.002236,-218.421842,0.000000
155.720000,72.891609,14.850497,0.003827,320.941645,-553.446782,270.224019,39.385072,-8.285555,99417.235192,0.002348,0.002035,0.002236,-218.421839,0.000000
155.760000,72.891609,14.850362,0.003827,320.788433,-553.951885,269.951526,39.385067,-8.285557,99420.363845,0.002348,0.002035,0.002236,-218.421835,0.000000
155.800000,72.891609,14.850228,0.003827,320.635225,-554.456986,269.679037,39.385062,-8.285558,99423.492456,0.002348,0.002035,0.002236,-218.421832,0.000000
155.840000,72.891609,14.850093,0.003827,320.482020,-554.962084,269.406551,39.385058,-8.285560,99426.621027,0.002347,0.002034,0.002235,-218.421828,0.000000
155.880000,72.891609,14.849959,0.003827,320.328819,-555.467178,269.134069,39.385053,-8.285562,99429.749556,0.002347,0.002034,0.002235,-218.421824,0.000000
155.920000,72.891609,14.849824,0.003827,320.175622,-555.972269,268.861590,39.385049,-8.285564,99432.878044,0.002347,0.002034,0.002235,-218.421821,0.000000
155.960000,72.891609,14.849690,0.003827,320.022428,-556.477356,268.589115,39.385044,-8.285565,99436.006491,0.002347,0.002034,0.002235,-218.421817,0.000000
156.000000,72.891609,14.849556,0.003827,319.869239,-556.982441,268.316643,39.385040,-8.285567,99439.134897,0.002347,0.002034,0.002235,-218.421814,0.000000
156.040000,72.891609,14.849421,0.003827,319.716053,-557.487522,268.044176,39.385035,-8.285569,99442.263262,0.002347,0.002034,0.002235,-218.421810,0.000000
156.080000,72.891609,14.849287,0.003827,319.562870,-557.992600,267.771711,39.385031,-8.285571,99445.391586,0.002347,0.002034,0.002235,-218.421806,0.000000
156.120000,72.891609,14.849152,0.003826,319.409692,-558.497674,267.499250,39.385026,-8.285573,99448.519869,0.002347,0.002034,0.002235,-218.421803,0.000000
156.160000,72.891609,14.849018,0.003826,319.256517,-559.002746,267.226793,39.385022,-8.285574,99451.648111,0.002347,0.002034,0.002235,-218.421799,0.000000
156.200000,72.891609,14.848884,0.003826,319.103346,-559.507814,266.954340,39.385017,-8.285576,99454.776312,0.002347,0.002034,0.002234,-218.421795,0.000000
156.240000,72.891608,14.848749,0.003826,318.950179,-560.012879,266.681889,39.385012,-8.285578,99457.904472,0.002347,0.002034,0.002234,-218.421792,0.000000
156.280000,72.891608,14.848615,0.003826,318.797016,-560.517941,266.409443,39.385008,-8.285580,99461.032591,0.002347,0.002034,0.002234,-218.421788,0.000000
156.320000,72.891608,14.848480,0.003826,318.643856,-561.022999,266.137000,39.385003,-8.285582,99464.160668,0.002347,0.002034,0.002234,-218.421785,0.000000
156.360000,72.891608,14.848346,0.003826,318.490700,-561.528054,265.864561,39.384999,-8.285583,99467.288705,0.002347,0.002034,0.002234,-218.421781,0.000000
156.400000,72.891608,14.848212,0.003826,318.337548,-562.033106,265.592125,39.384994,-8.285585,99470.416701,0.002347,0.002034,0.002234,-218.421777,0.000000
156.440000,72.891608,14.848077,0.003826,318.184400,-562.538154,265.319693,39.384990,-8.285587,99473.544655,0.002347,0.002034,0.002234,-218.421774,0.000000
156.480000,72.891608,14.847943,0.003826,318.031255,-563.043200,265.047264,39.384985,-8.285589,99476.672569,0.002347,0.002034,0.002234,-218.421770,0.000000
156.520000,72.891608,14.847808,0.003825,317.878114,-563.548242,264.774839,39.384981,-8.285590,99479.800441,0.002347,0.002034,0.002233,-218.421767,0.000000
156.560000,72.891608,14.847674,0.003825,317.724977,-564.053281,264.502418,39.384976,-8.285592,99482.928273,0.002347,0.002034,0.002233,-218.421763,0.000000
156.600000,72.891608,14.847540,0.003825,317.571844,-564.558316,264.230000,39.384972,-8.285594,99486.056063,0.002347,0.002034,0.002233,-218.421759,0.000000
156.640000,72.891608,14.847405,0.003825,317.418714,-565.063349,263.957585,39.384967,-8.285596,99489.183813,0.002347,0.002034,0.002233,-218.421756,0.000000
156.680000,72.891608,14.847271,0.003825,317.265588,-565.568378,263.685175,39.384963,-8.285598,99492.311521,0.002347,0.002034,0.002233,-218.421752,0.000000
156.720000,72.891608,14.847137,0.003825,317.112466,-566.073404,263.412767,39.384958,-8.285599,99495.439188,0.002347,0.002034,0.002233,-218.421749,0.000000
156.760000,72.891608,14.847002,0.003825,316.959348,-566.578426,263.140364,39.384953,-8.285601,99498.566815,0.002347,0.002034,0.002233,-218.421745,0.000000
156.800000,72.891608,14.846868,0.003825,316.806233,-567.083445,262.867964,39.384949,-8.285603,99501.694400,0.002347,0.002034,0.002233,-218.421741,0.000000
156.840000,72.891608,14.846734,0.003825,316.653122,-567.588462,262.595567,39.384944,-8.285605,99504.821944,0.002347,0.002034,0.002233,-218.421738,0.000000
156.880000,72.891608,14.846599,0.003825,316.500015,-568.093474,262.323174,39.384940,-8.285606,99507.949448,0.002347,0.002034,0.002232,-218.421734,0.000000
156.920000,72.891608,14.846465,0.003824,316.346912,-568.598484,262.050785,39.384935,-8.285608,99511.076910,0.002347,0.002034,0.002232,-218.421731,0.000000
156.960000,72.891607,14.846331,0.003824,316.193812,-569.103490,261.778399,39.384931,-8.285610,99514.204331,0.002347,0.002034,0.002232,-218.421727,0.000000
157.000000,72.891607,14.846196,0.003824,316.040717,-569.608493,261.506017,39.384926,-8.285612,99517.331712,0.002347,0.002034,0.002232,-218.421723,0.000000
157.040000,72.891607,14.846062,0.003824,315.887624,-570.113493,261.233639,39.384922,-8.285614,99520.459051,0.002347,0.002034,0.002232,-218.421720,0.000000
157.080000,72.891607,14.845928,0.003824,315.734536,-570.618490,260.961264,39.384917,-8.285615,99523.586349,0.002347,0.002034,0.002232,-218.421716,0.000000
157.120000,72.891607,14.845793,0.003824,315.581452,-571.123483,260.688892,39.384913,-8.285617,99526.713606,0.002346,0.002034,0.002232,-218.421713,0.000000
157.160000,72.891607,14.845659,0.003824,315.428371,-571.628473,260.416524,39.384908,-8.285619,99529.840823,0.002346,0.002034,0.002232,-218.421709,0.000000
157.200000,72.891607,14.845525,0.003824,315.275294,-572.133460,260.144160,39.384903,-8.285621,99532.967998,0.002346,0.002034,0.002231,-218.421705,0.000000
157.240000,72.891607,14.845390,0.003824,315.122220,-572.638443,259.871799,39.384899,-8.285623,99536.095132,0.002346,0.002034,0.002231,-218.421702,0.000000
157.280000,72.891607,14.845256,0.003824,314.969151,-573.143423,259.599442,39.384894,-8.285624,99539.222226,0.002346,0.002034,0.002231,-218.421698,0.000000
157.320000,72.891607,14.845122,0.003823,314.816085,-573.648401,259.327088,39.384890,-8.285626,99542.349278,0.002346,0.002033,0.002231,-218.421695,0.000000
157.360000,72.891607,14.844987,0.003823,314.663023,-574.153374,259.054738,39.384885,-8.285628,99545.476289,0.002346,0.002033,0.002231,-218.421691,0.000000
157.400000,72.891607,14.844853,0.003823,314.509965,-574.658345,258.782392,39.384881,-8.285630,99548.603260,0.002346,0.002033,0.002231,-218.421687,0.000000
157.440000,72.891607,14.844719,0.003823,314.356910,-575.163312,258.510049,39.384876,-8.285631,99551.730189,0.002346,0.002033,0.002231,-218.421684,0.000000
157.480000,72.891607,14.844585,0.003823,314.203859,-575.668276,258.237710,39.384872,-8.285633,99554.857077,0.002346,0.002033,0.002231,-218.421680,0.000000
157.520000,72.891607,14.844450,0.003823,314.050812,-576.173237,257.965374,39.384867,-8.285635,99557.983925,0.002346,0.002033,0.002231,-218.421677,0.000000
157.560000,72.891607,14.844316,0.003823,313.897769,-576.678194,257.693042,39.384863,-8.285637,99561.110731,0.002346,0.002033,0.002230,-218.421673,0.000000
157.600000,72.891607,14.844182,0.003823,313.744730,-577.183149,257.420713,39.384858,-8.285639,99564.237497,0.002346,0.002033,0.002230,-218.421669,0.000000
157.640000,72.891607,14.844047,0.003823,313.591694,-577.688100,257.148388,39.384854,-8.285640,99567.364221,0.002346,0.002033,0.002230,-218.421666,0.000000
157.680000,72.891606,14.843913,0.003822,313.438662,-578.193047,256.876067,39.384849,-8.285642,99570.490905,0.002346,0.002033,0.002230,-218.421662,0.000000
157.720000,72.891606,14.843779,0.003822,313.285634,-578.697992,256.603749,39.384844,-8.285644,99573.617547,0.002346,0.002033,0.002230,-218.421659,0.000000
157.760000,72.891606,14.843645,0.003822,313.132609,-579.202933,256.331434,39.384840,-8.285646,99576.744149,0.002346,0.002033,0.002230,-218.421655,0.000000
157.800000,72.891606,14.843510,0.003822,312.979588,-579.707871,256.059124,39.384835,-8.285647,99579.870710,0.002346,0.002033,0.002230,-218.421651,0.000000
157.840000,72.891606,14.843376,0.003822,312.826571,-580.212806,255.786816,39.384831,-8.285649,99582.997229,0.002346,0.002033,0.002230,-218.421648,0.000000
157.880000,72.891606,14.843242,0.003822,312.673558,-580.717737,255.514513,39.384826,-8.285651,99586.123708,0.002346,0.002033,0.002229,-218.421644,0.000000
157.920000,72.891606,14.843108,0.003822,312.520549,-581.222665,255.242213,39.384822,-8.285653,99589.250146,0.002346,0.002033,0.002229,-218.421641,0.000000
157.960000,72.891606,14.842973,0.003822,312.367543,-581.727590,254.969916,39.384817,-8.285655,99592.376542,0.002346,0.002033,0.002229,-218.421637,0.000000
158.000000,72.891606,14.842839,0.003822,312.214541,-582.232512,254.697623,39.384813,-8.285656,99595.502898,0.002346,0.002033,0.002229,-218.421633,0.000000
158.040000,72.891606,14.842705,0.003822,312.061543,-582.737430,254.425334,39.384808,-8.285658,99598.629213,0.002346,0.002033,0.002229,-218.421630,0.000000
158.080000,72.891606,14.842571,0.003821,311.908548,-583.242346,254.153048,39.384804,-8.285660,99601.755487,0.002346,0.002033,0.002229,-218.421626,0.000000
158.120000,72.891606,14.842437,0.003821,311.755558,-583.747258,253.880766,39.384799,-8.285662,99604.881720,0.002346,0.002033,0.002229,-218.421623,0.000000
158.160000,72.891606,14.842302,0.003821,311.602571,-584.252166,253.608487,39.384794,-8.285663,99608.007912,0.002346,0.002033,0.002229,-218.421619,0.000000
158.200000,72.891606,14.842168,0.003821,311.449587,-584.757072,253.336212,39.384790,-8.285665,99611.134063,0.002346,0.002033,0.002229,-218.421616,0.000000
158.240000,72.891606,14.842034,0.003821,311.296608,-585.261974,253.063940,39.384785,-8.285667,99614.260173,0.002346,0.002033,0.002228,-218.421612,0.000000
158.280000,72.891606,14.841900,0.003821,311.143632,-585.766873,252.791672,39.384781,-8.285669,99617.386243,0.002346,0.002033,0.002228,-218.421608,0.000000
158.320000,72.891606,14.841765,0.003821,310.990660,-586.271769,252.519408,39.384776,-8.285671,99620.512271,0.002346,0.002033,0.002228,-218.421605,0.000000
158.360000,72.891605,14.841631,0.003821,310.837692,-586.776661,252.247147,39.384772,-8.285672,99623.638258,0.002346,0.002033,0.002228,-218.421601,0.000000
158.400000,72.891605,14.841497,0.003821,310.684728,-587.281550,251.974890,39.384767,-8.285674,99626.764205,0.002346,0.002033,0.002228,-218.421598,0.000000
158.440000,72.891605,14.841363,0.003821,310.531767,-587.786436,251.702636,39.384763,-8.285676,99629.890110,0.002345,0.002033,0.002228,-218.421594,0.000000
158.480000,72.891605,14.841229,0.003820,310.378810,-588.291319,251.430386,39.384758,-8.285678,99633.015975,0.002345,0.002033,0.002228,-218.421590,0.000000
158.520000,72.891605,14.841094,0.003820,310.225857,-588.796198,251.158139,39.384754,-8.285680,99636.141798,0.002345,0.002033,0.002228,-218.421587,0.000000
158.560000,72.891605,14.840960,0.003820,310.072907,-589.301074,250.885896,39.384749,-8.285681,99639.267581,0.002345,0.002033,0.002228,-218.421583,0.000000
158.600000,72.891605,14.840826,0.003820,309.919962,-589.805947,250.613657,39.384744,-8.285683,99642.393323,0.002345,0.002033,0.002227,-218.421580,0.000000
158.640000,72.891605,14.840692,0.003820,309.767020,-590.310817,250.341421,39.384740,-8.285685,99645.519024,0.002345,0.002033,0.002227,-218.421576,0.000000
158.680000,72.891605,14.840558,0.003820,309.614082,-590.815683,250.069189,39.384735,-8.285687,99648.644684,0.002345,0.002033,0.002227,-218.421572,0.000000
158.720000,72.891605,14.840424,0.003820,309.461147,-591.320547,249.796960,39.384731,-8.285688,99651.770303,0.002345,0.002033,0.002227,-218.421569,0.000000
158.760000,72.891605,14.840289,0.003820,309.308217,-591.825407,249.524735,39.384726,-8.285690,99654.895881,0.002345,0.002033,0.002227,-218.421565,0.000000
158.800000,72.891605,14.840155,0.003820,309.155290,-592.330263,249.252513,39.384722,-8.285692,99658.021418,0.002345,0.002033,0.002227,-218.421562,0.000000
158.840000,72.891605,14.840021,0.003820,309.002366,-592.835117,248.980295,39.384717,-8.285694,99661.146914,0.002345,0.002032,0.002227,-218.421558,0.000000
158.880000,72.891605,14.839887,0.003819,308.849447,-593.339967,248.708080,39.384713,-8.285696,99664.272370,0.002345,0.002032,0.002227,-218.421555,0.000000
158.920000,72.891605,14.839753,0.003819,308.696531,-593.844814,248.435869,39.384708,-8.285697,99667.397784,0.002345,0.002032,0.002226,-218.421551,0.000000
158.960000,72.891605,14.839619,0.003819,308.543619,-594.349657,248.163662,39.384704,-8.285699,99670.523158,0.002345,0.002032,0.002226,-218.421547,0.000000
159.000000,72.891605,14.839485,0.003819,308.390711,-594.854498,247.891458,39.384699,-8.285701,99673.648491,0.002345,0.002032,0.002226,-218.421544,0.000000
159.040000,72.891605,14.839350,0.003819,308.237807,-595.359335,247.619258,39.384695,-8.285703,99676.773783,0.002345,0.002032,0.002226,-218.421540,0.000000
159.080000,72.891604,14.839216,0.003819,308.084906,-595.864169,247.347061,39.384690,-8.285704,99679.899033,0.002345,0.002032,0.002226,-218.421537,0.000000
159.120000,72.891604,14.839082,0.003819,307.932009,-596.368999,247.074868,39.384685,-8.285706,99683.024243,0.002345,0.002032,0.002226,-218.421533,0.000000
159.160000,72.891604,14.838948,0.003819,307.779116,-596.873827,246.802678,39.384681,-8.285708,99686.149413,0.002345,0.002032,0.002226,-218.421529,0.000000
159.200000,72.891604,14.838814,0.003819,307.626227,-597.378651,246.530492,39.384676,-8.285710,99689.274541,0.002345,0.002032,0.002226,-218.421526,0.000000
159.240000,72.891604,14.838680,0.003819,307.473341,-597.883472,246.258310,39.384672,-8.285712,99692.399628,0.002345,0.002032,0.002226,-218.421522,0.000000
159.280000,72.891604,14.838546,0.003818,307.320459,-598.388290,245.986131,39.384667,-8.285713,99695.524675,0.002345,0.002032,0.002225,-218.421519,0.000000
159.320000,72.891604,14.838412,0.003818,307.167581,-598.893104,245.713956,39.384663,-8.285715,99698.649680,0.002345,0.002032,0.002225,-218.421515,0.000000
159.360000,72.891604,14.838277,0.003818,307.014707,-599.397915,245.441784,39.384658,-8.285717,99701.774645,0.002345,0.002032,0.002225,-218.421512,0.000000
159.400000,72.891604,14.838143,0.003818,306.861836,-599.902723,245.169616,39.384654,-8.285719,99704.899569,0.002345,0.002032,0.002225,-218.421508,0.000000
159.440000,72.891604,14.838009,0.003818,306.708969,-600.407528,244.897451,39.384649,-8.285720,99708.024452,0.002345,0.002032,0.002225,-218.421504,0.000000
159.480000,72.891604,14.837875,0.003818,306.556106,-600.912329,244.625290,39.384645,-8.285722,99711.149294,0.002345,0.002032,0.002225,-218.421501,0.000000
159.520000,72.891604,14.837741,0.003818,306.403247,-601.417127,244.353132,39.384640,-8.285724,99714.274095,0.002345,0.002032,0.002225,-218.421497,0.000000
159.560000,72.891604,14.837607,0.003818,306.250391,-601.921922,244.080978,39.384636,-8.285726,99717.398855,0.002345,0.002032,0.002225,-218.421494,0.000000
159.600000,72.891604,14.837473,0.003818,306.097539,-602.426714,243.808828,39.384631,-8.285728,99720.523575,0.002345,0.002032,0.002224,-218.421490,0.000000
159.640000,72.891604,14.837339,0.003818,305.944691,-602.931502,243.536681,39.384626,-8.285729,99723.648254,0.002345,0.002032,0.002224,-218.421486,0.000000
159.680000,72.891604,14.837205,0.003817,305.791847,-603.436287,243.264538,39.384622,-8.285731,99726.772891,0.002345,0.002032,0.002224,-218.421483,0.000000
159.720000,72.891604,14.837071,0.003817,305.639006,-603.941069,242.992398,39.384617,-8.285733,99729.897488,0.002344,0.002032,0.002224,-218.421479,0.000000
159.760000,72.891604,14.836937,0.003817,305.486169,-604.445848,242.720262,39.384613,-8.285735,99733.022044,0.002344,0.002032,0.002224,-218.421476,0.000000
159.800000,72.891603,14.836802,0.003817,305.333336,-604.950623,242.448129,39.384608,-8.285736,99736.146559,0.002344,0.002032,0.002224,-218.421472,0.000000
159.840000,72.891603,14.836668,0.003817,305.180507,-605.455395,242.176000,39.384604,-8.285738,99739.271034,0.002344,0.002032,0.002224,-218.421469,0.000000
159.880000,72.891603,14.836534,0.003817,305.027681,-605.960164,241.903874,39.384599,-8.285740,99742.395467,0.002344,0.002032,0.002224,-218.421465,0.000000
159.920000,72.891603,14.836400,0.003817,304.874859,-606.464930,241.631753,39.384595,-8.285742,99745.519860,0.002344,0.002032,0.002224,-218.421461,0.000000
159.960000,72.891603,14.836266,0.003817,304.722041,-606.969692,241.359634,39.384590,-8.285744,99748.644212,0.002344,0.002032,0.002223,-218.421458,0.000000
160.000000,72.891603,14.836132,0.003817,304.569227,-607.474451,241.087519,39.384586,-8.285745,99751.768523,0.002344,0.002032,0.002223,-218.421454,0.000000
160.040000,72.891603,14.835998,0.003817,304.416416,-607.979207,240.815408,39.384581,-8.285747,99754.892793,0.002344,0.002032,0.002223,-218.421451,0.000000
160.080000,72.891603,14.835864,0.003816,304.263609,-608.483960,240.543300,39.384576,-8.285749,99758.017022,0.002344,0.002032,0.002223,-218.421447,0.000000
160.120000,72.891603,14.835730,0.003816,304.110806,-608.988709,240.271196,39.384572,-8.285751,99761.141210,0.002344,0.002032,0.002223,-218.421443,0.000000
160.160000,72.891603,14.835596,0.003816,303.958007,-609.493455,239.999095,39.384567,-8.285752,99764.265358,0.002344,0.002032,0.002223,-218.421440,0.000000
160.200000,72.891603,14.835462,0.003816,303.805211,-609.998198,239.726998,39.384563,-8.285754,99767.389465,0.002344,0.002032,0.002223,-218.421436,0.000000
160.240000,72.891603,14.835328,0.003816,303.652419,-610.502938,239.454905,39.384558,-8.285756,99770.513531,0.002344,0.002032,0.002223,-218.421433,0.000000
160.280000,72.891603,14.835194,0.003816,303.499631,-611.007674,239.182815,39.384554,-8.285758,99773.637556,0.002344,0.002032,0.002223,-218.421429,0.000000
160.320000,72.891603,14.835060,0.003816,303.346847,-611.512407,238.910729,39.384549,-8.285760,99776.761540,0.002344,0.002031,0.002222,-218.421426,0.000000
160.360000,72.891603,14.834926,0.003816,303.194066,-612.017137,238.638646,39.384545,-8.285761,99779.885483,0.002344,0.002031,0.002222,-218.421422,0.000000
160.400000,72.891603,14.834792,0.003816,303.041289,-612.521864,238.366566,39.384540,-8.285763,99783.009386,0.002344,0.002031,0.002222,-218.421418,0.000000
160.440000,72.891603,14.834658,0.003816,302.888516,-613.026587,238.094491,39.384536,-8.285765,99786.133248,0.002344,0.002031,0.002222,-218.421415,0.000000
160.480000,72.891602,14.834524,0.003815,302.735747,-613.531307,237.822419,39.384531,-8.285767,99789.257069,0.002344,0.002031,0.002222,-218.421411,0.000000
160.520000,72.891602,14.834390,0.003815,302.582981,-614.036024,237.550350,39.384527,-8.285768,99792.380849,0.002344,0.002031,0.002222,-218.421408,0.000000
160.560000,72.891602,14.834256,0.003815,302.430219,-614.540738,237.278285,39.384522,-8.285770,99795.504588,0.002344,0.002031,0.002222,-218.421404,0.000000
160.600000,72.891602,14.834122,0.003815,302.277461,-615.045448,237.006223,39.384517,-8.285772,99798.628286,0.002344,0.002031,0.002222,-218.421401,0.000000
160.640000,72.891602,14.833988,0.003815,302.124707,-615.550155,236.734165,39.384513,-8.285774,99801.751944,0.002344,0.002031,0.002221,-218.421397,0.000000
160.680000,72.891602,14.833854,0.003815,301.971956,-616.054859,236.462111,39.384508,-8.285776,99804.875561,0.002344,0.002031,0.002221,-218.421393,0.000000
160.720000,72.891602,14.833720,0.003815,301.819209,-616.559559,236.190060,39.384504,-8.285777,99807.999137,0.002344,0.002031,0.002221,-218.421390,0.000000
160.760000,72.891602,14.833586,0.003815,301.666466,-617.064257,235.918013,39.384499,-8.285779,99811.122672,0.002344,0.002031,0.002221,-218.421386,0.000000
160.800000,72.891602,14.833452,0.003815,301.513727,-617.568951,235.645969,39.384495,-8.285781,99814.246167,0.002344,0.002031,0.002221,-218.421383,0.000000
160.840000,72.891602,14.833318,0.003815,301.360991,-618.073642,235.373929,39.384490,-8.285783,99817.369621,0.002344,0.002031,0.002221,-218.421379,0.000000
160.880000,72.891602,14.833184,0.003814,301.208259,-618.578329,235.101892,39.384486,-8.285784,99820.493033,0.002344,0.002031,0.002221,-218.421376,0.000000
160.920000,72.891602,14.833050,0.003814,301.055531,-619.083014,234.829859,39.384481,-8.285786,99823.616405,0.002344,0.002031,0.002221,-218.421372,0.000000
160.960000,72.891602,14.832916,0.003814,300.902807,-619.587695,234.557830,39.384477,-8.285788,99826.739737,0.002344,0.002031,0.002221,-218.421368,0.000000
161.000000,72.891602,14.832782,0.003814,300.750086,-620.092373,234.285804,39.384472,-8.285790,99829.863027,0.002344,0.002031,0.002220,-218.421365,0.000000
161.040000,72.891602,14.832648,0.003814,300.597369,-620.597047,234.013781,39.384468,-8.285792,99832.986277,0.002343,0.002031,0.002220,-218.421361,0.000000
161.080000,72.891602,14.832514,0.003814,300.444656,-621.101719,233.741763,39.384463,-8.285793,99836.109486,0.002343,0.002031,0.002220,-218.421358,0.000000
161.120000,72.891602,14.832380,0.003814,300.291947,-621.606387,233.469747,39.384458,-8.285795,99839.232654,0.002343,0.002031,0.002220,-218.421354,0.000000
161.160000,72.891602,14.832246,0.003814,300.139241,-622.111052,233.197735,39.384454,-8.285797,99842.355781,0.002343,0.002031,0.002220,-218.421351,0.000000
161.200000,72.891601,14.832112,0.003814,299.986539,-622.615713,232.925727,39.384449,-8.285799,99845.478868,0.002343,0.002031,0.002220,-218.421347,0.000000
161.240000,72.891601,14.831978,0.003814,299.833841,-623.120372,232.653723,39.384445,-8.285800,99848.601914,0.002343,0.002031,0.002220,-218.421343,0.000000
161.280000,72.891601,14.831845,0.003813,299.681147,-623.625027,232.381721,39.384440,-8.285802,99851.724919,0.002343,0.002031,0.002220,-218.421340,0.000000
161.320000,72.891601,14.831711,0.003813,299.528456,-624.129679,232.109724,39.384436,-8.285804,99854.847883,0.002343,0.002031,0.002219,-218.421336,0.000000
161.360000,72.891601,14.831577,0.003813,299.375770,-624.634327,231.837730,39.384431,-8.285806,99857.970806,0.002343,0.002031,0.002219,-218.421333,0.000000
161.400000,72.891601,14.831443,0.003813,299.223086,-625.138973,231.565739,39.384427,-8.285808,99861.093689,0.002343,0.002031,0.002219,-218.421329,0.000000
161.440000,72.891601,14.831309,0.003813,299.070407,-625.643615,231.293753,39.384422,-8.285809,99864.216531,0.002343,0.002031,0.002219,-218.421326,0.000000
161.480000,72.891601,14.831175,0.003813,298.917731,-626.148254,231.021769,39.384418,-8.285811,99867.339332,0.002343,0.002031,0.002219,-218.421322,0.000000
161.520000,72.891601,14.831041,0.003813,298.765060,-626.652889,230.749789,39.384413,-8.285813,99870.462092,0.002343,0.002031,0.002219,-218.421318,0.000000
161.560000,72.891601,14.830907,0.003813,298.612391,-627.157522,230.477813,39.384409,-8.285815,99873.584812,0.002343,0.002031,0.002219,-218.421315,0.000000
161.600000,72.891601,14.830773,0.003813,298.459727,-627.662151,230.205840,39.384404,-8.285816,99876.707491,0.002343,0.002031,0.002219,-218.421311,0.000000
161.640000,72.891601,14.830639,0.003813,298.307066,-628.166777,229.933871,39.384399,-8.285818,99879.830129,0.002343,0.002031,0.002219,-218.421308,0.000000
161.680000,72.891601,14.830505,0.003812,298.154410,-628.671399,229.661906,39.384395,-8.285820,99882.952726,0.002343,0.002031,0.002218,-218.421304,0.000000
161.720000,72.891601,14.830372,0.003812,298.001756,-629.176019,229.389944,39.384390,-8.285822,99886.075283,0.002343,0.002031,0.002218,-218.421301,0.000000
161.760000,72.891601,14.830238,0.003812,297.849107,-629.680635,229.117985,39.384386,-8.285824,99889.197799,0.002343,0.002031,0.002218,-218.421297,0.000000
161.800000,72.891601,14.830104,0.003812,297.696461,-630.185248,228.846030,39.384381,-8.285825,99892.320274,0.002343,0.002031,0.002218,-218.421294,0.000000
161.840000,72.891601,14.829970,0.003812,297.543820,-630.689857,228.574079,39.384377,-8.285827,99895.442708,0.002343,0.002030,0.002218,-218.421290,0.000000
161.880000,72.891601,14.829836,0.003812,297.391181,-631.194464,228.302131,39.384372,-8.285829,99898.565102,0.002343,0.002030,0.002218,-218.421286,0.000000
161.920000,72.891600,14.829702,0.003812,297.238547,-631.699067,228.030187,39.384368,-8.285831,99901.687455,0.002343,0.002030,0.002218,-218.421283,0.000000
161.960000,72.891600,14.829568,0.003812,297.085916,-632.203667,227.758246,39.384363,-8.285832,99904.809767,0.002343,0.002030,0.002218,-218.421279,0.000000
162.000000,72.891600,14.829434,0.003812,296.933289,-632.708263,227.486309,39.384359,-8.285834,99907.932038,0.002343,0.002030,0.002218,-218.421276,0.000000
162.040000,72.891600,14.829301,0.003812,296.780666,-633.212857,227.214375,39.384354,-8.285836,99911.054269,0.002343,0.002030,0.002217,-218.421272,0.000000
162.080000,72.891600,14.829167,0.003811,296.628047,-633.717447,226.942445,39.384350,-8.285838,99914.176459,0.002343,0.002030,0.002217,-218.421269,0.000000
162.120000,72.891600,14.829033,0.003811,296.475431,-634.222034,226.670518,39.384345,-8.285840,99917.298608,0.002343,0.002030,0.002217,-218.421265,0.000000
162.160000,72.891600,14.828899,0.003811,296.322819,-634.726617,226.398595,39.384340,-8.285841,99920.420716,0.002343,0.002030,0.002217,-218.421261,0.000000
162.200000,72.891600,14.828765,0.003811,296.170211,-635.231198,226.126676,39.384336,-8.285843,99923.542784,0.002343,0.002030,0.002217,-218.421258,0.000000
162.240000,72.891600,14.828631,0.003811,296.017607,-635.735775,225.854760,39.384331,-8.285845,99926.664811,0.002343,0.002030,0.002217,-218.421254,0.000000
162.280000,72.891600,14.828497,0.003811,295.865006,-636.240349,225.582848,39.384327,-8.285847,99929.786797,0.002343,0.002030,0.002217,-218.421251,0.000000
162.320000,72.891600,14.828364,0.003811,295.712409,-636.744920,225.310939,39.384322,-8.285848,99932.908743,0.002343,0.002030,0.002217,-218.421247,0.000000
162.360000,72.891600,14.828230,0.003811,295.559816,-637.249487,225.039034,39.384318,-8.285850,99936.030648,0.002342,0.002030,0.002216,-218.421244,0.000000
162.400000,72.891600,14.828096,0.003811,295.407227,-637.754051,224.767132,39.384313,-8.285852,99939.152511,0.002342,0.002030,0.002216,-218.421240,0.000000
162.440000,72.891600,14.827962,0.003810,295.254641,-638.258612,224.495234,39.384309,-8.285854,99942.274333,0.002342,0.002030,0.002216,-218.421237,0.000000
162.480000,72.891600,14.827828,0.003810,295.102059,-638.763170,224.223339,39.384304,-8.285856,99945.396115,0.002342,0.002030,0.002216,-218.421233,0.000000
162.520000,72.891600,14.827695,0.003810,294.949481,-639.267724,223.951448,39.384300,-8.285857,99948.517863,0.002342,0.002030,0.002216,-218.421229,0.000000
162.560000,72.891600,14.827561,0.003810,294.796907,-639.772275,223.679560,39.384295,-8.285859,99951.639571,0.002342,0.002030,0.002216,-218.421226,0.000000
162.600000,72.891600,14.827427,0.003810,294.644336,-640.276823,223.407676,39.384291,-8.285861,99954.761221,0.002342,0.002030,0.002216,-218.421222,0.000000
162.640000,72.891599,14.827293,0.003810,294.491769,-640.781368,223.135796,39.384286,-8.285863,99957.882811,0.002342,0.002030,0.002216,-218.421219,0.000000
162.680000,72.891599,14.827159,0.003810,294.339206,-641.285909,222.863919,39.384281,-8.285864,99961.004390,0.002342,0.002030,0.002216,-218.421215,0.000000
162.720000,72.891599,14.827025,0.003810,294.186646,-641.790447,222.592046,39.384277,-8.285866,99964.126013,0.002342,0.002030,0.002215,-218.421212,0.000000
162.760000,72.891599,14.826892,0.003810,294.034091,-642.294982,222.320176,39.384272,-8.285868,99967.247596,0.002342,0.002030,0.002215,-218.421208,0.000000
162.800000,72.891599,14.826758,0.003810,293.881539,-642.799514,222.048309,39.384268,-8.285870,99970.368913,0.002342,0.002030,0.002215,-218.421204,0.000000
162.840000,72.891599,14.826624,0.003809,293.728991,-643.304042,221.776447,39.384263,-8.285872,99973.489915,0.002342,0.002030,0.002215,-218.421200,0.000000
162.880000,72.891599,14.826490,0.003809,293.576446,-643.808568,221.504587,39.384259,-8.285873,99976.611285,0.002342,0.002030,0.002215,-218.421197,0.000000
162.920000,72.891599,14.826357,0.003809,293.423906,-644.313089,221.232732,39.384254,-8.285875,99979.733802,0.002342,0.002030,0.002215,-218.421195,0.000000
162.960000,72.891600,14.826223,0.003809,293.271369,-644.817608,220.960880,39.384250,-8.285877,99982.856284,0.002342,0.002030,0.002215,-218.421194,0.000000
163.000000,72.891599,14.826089,0.003809,293.118835,-645.322124,220.689031,39.384245,-8.285879,99985.975588,0.002342,0.002030,0.002215,-218.421187,0.000000
163.040000,72.891597,14.825955,0.003809,292.966306,-645.826636,220.417186,39.384241,-8.285880,99989.091032,0.002342,0.002030,0.002214,-218.421173,0.000000
163.080000,72.891597,14.825821,0.003809,292.813780,-646.331145,220.145345,39.384236,-8.285882,99992.212119,0.002342,0.002030,0.002214,-218.421170,0.000000
163.120000,72.891598,14.825688,0.003809,292.661258,-646.835650,219.873507,39.384232,-8.285884,99995.337061,0.002342,0.002030,0.002214,-218.421173,0.000000
163.160000,72.891500,14.825555,0.003793,292.508740,-647.340153,219.601672,39.384227,-8.285886,99998.145799,0.002335,0.002023,0.002201,-218.420657,0.000000
163.200000,72.891103,14.825425,0.003731,292.356225,-647.844652,219.329841,39.384222,-8.285888,100000.000000,0.002305,0.001998,0.002148,-218.418569,0.000000
163.240000,72.890282,14.825299,0.003602,292.203714,-648.349148,219.058013,39.384218,-8.285889,100000.492003,0.002244,0.001945,0.002038,-218.414261,0.000000
163.280000,72.889226,14.825177,0.003438,292.051207,-648.853642,218.786189,39.384213,-8.285891,100000.192187,0.002165,0.001877,0.001899,-218.408786,0.000000
163.320000,72.888197,14.825060,0.003280,291.898703,-649.358132,218.514367,39.384209,-8.285893,99999.893916,0.002089,0.001810,0.001766,-218.403584,0.000000
163.360000,72.887294,14.824947,0.003145,291.746202,-649.862619,218.242548,39.384204,-8.285895,99999.895462,0.002022,0.001752,0.001655,-218.399191,0.000000
163.400000,72.886453,14.824838,0.003023,291.593705,-650.367104,217.970732,39.384200,-8.285896,100000.000000,0.001959,0.001698,0.001554,-218.395246,0.000000
163.440000,72.885616,14.824734,0.002902,291.441210,-650.871585,217.698918,39.384195,-8.285898,100000.035324,0.001897,0.001644,0.001457,-218.391427,0.000000
163.480000,72.884787,14.824634,0.002785,291.288719,-651.376065,217.427106,39.384191,-8.285900,100000.013798,0.001835,0.001591,0.001363,-218.387745,0.000000
163.520000,72.883984,14.824537,0.002673,291.136230,-651.880541,217.155297,39.384186,-8.285902,99999.992384,0.001776,0.001539,0.001275,-218.384291,0.000000
163.560000,72.883214,14.824445,0.002568,290.983745,-652.385016,216.883490,39.384182,-8.285903,99999.992495,0.001718,0.001489,0.001194,-218.381091,0.000000
163.600000,72.882470,14.824356,0.002468,290.831262,-652.889487,216.611684,39.384177,-8.285905,100000.000000,0.001663,0.001441,0.001118,-218.378107,0.000000
163.640000,72.881749,14.824271,0.002373,290.678782,-653.393957,216.339881,39.384173,-8.285907,100000.002536,0.001609,0.001395,0.001046,-218.375304,0.000000
163.680000,72.881050,14.824189,0.002282,290.526304,-653.898424,216.068079,39.384168,-8.285909,100000.000991,0.001557,0.001350,0.000979,-218.372672,0.000000
163.720000,72.880374,14.824110,0.002195,290.373829,-654.402889,215.796279,39.384163,-8.285911,99999.999453,0.001507,0.001306,0.000917,-218.370208,0.000000
163.760000,72.879719,14.824035,0.002112,290.221356,-654.907352,215.524480,39.384159,-8.285912,99999.999461,0.001459,0.001264,0.000858,-218.367904,0.000000
163.800000,72.879086,14.823962,0.002033,290.068886,-655.411813,215.252683,39.384154,-8.285914,100000.000000,0.001411,0.001223,0.000803,-218.365747,0.000000
163.840000,72.878473,14.823893,0.001958,289.916418,-655.916272,214.980887,39.384150,-8.285916,100000.000182,0.001366,0.001184,0.000752,-218.363727,0.000000
163.880000,72.877880,14.823826,0.001885,289.763952,-656.420729,214.709092,39.384145,-8.285918,100000.000071,0.001322,0.001146,0.000704,-218.361837,0.000000
163.920000,72.877306,14.823761,0.001816,289.611488,-656.925184,214.437299,39.384141,-8.285919,99999.999961,0.001279,0.001109,0.000659,-218.360071,0.000000
163.960000,72.876752,14.823699,0.001750,289.459027,-657.429638,214.165506,39.384136,-8.285921,99999.999961,0.001238,0.001073,0.000617,-218.358418,0.000000
164.000000,72.876213,14.823639,0.001687,289.306567,-657.934090,213.893715,39.384132,-8.285923,100000.000000,0.001198,0.001038,0.000577,-218.356863,0.000000
164.040000,72.875690,14.823582,0.001626,289.154109,-658.438540,213.621924,39.384127,-8.285925,100000.000013,0.001159,0.001004,0.000540,-218.355396,0.000000
164.080000,72.875186,14.823527,0.001568,289.001653,-658.942988,213.350134,39.384123,-8.285927,100000.000005,0.001122,0.000972,0.000505,-218.354038,0.000000
164.120000,72.874708,14.823475,0.001513,288.849200,-659.447434,213.078346,39.384118,-8.285928,99999.999997,0.001086,0.000941,0.000474,-218.352815,0.000000
164.160000,72.874256,14.823426,0.001462,288.696750,-659.951878,212.806559,39.384114,-8.285930,99999.999997,0.001052,0.000912,0.000446,-218.351719,0.000000
164.200000,72.873821,14.823380,0.001414,288.544301,-660.456320,212.534773,39.384109,-8.285932,100000.000000,0.001020,0.000884,0.000420,-218.350706,0.000000
164.240000,72.873397,14.823334,0.001367,288.391854,-660.960761,212.262987,39.384104,-8.285934,100000.000001,0.000989,0.000857,0.000396,-218.349742,0.000000
164.280000,72.872984,14.823291,0.001321,288.239408,-661.465200,211.991201,39.384100,-8.285935,100000.000000,0.000958,0.000830,0.000372,-218.348824,0.000000
164.320000,72.872584,14.823248,0.001277,288.086964,-661.969639,211.719416,39.384095,-8.285937,100000.000000,0.000928,0.000804,0.000350,-218.347959,0.000000
164.360000,72.872197,14.823208,0.001235,287.934521,-662.474076,211.447632,39.384091,-8.285939,100000.000000,0.000900,0.000780,0.000330,-218.347150,0.000000
164.400000,72.871823,14.823168,0.001194,287.782080,-662.978512,211.175848,39.384086,-8.285941,100000.000000,0.000872,0.000755,0.000310,-218.346389,0.000000
164.440000,72.871459,14.823130,0.001155,287.629639,-663.482947,210.904064,39.384082,-8.285943,100000.000000,0.000845,0.000732,0.000292,-218.345672,0.000000
164.480000,72.871107,14.823094,0.001117,287.477200,-663.987381,210.632281,39.384077,-8.285944,100000.000000,0.000819,0.000709,0.000275,-218.344997,0.000000
164.520000,72.870766,14.823058,0.001081,287.324762,-664.491814,210.360498,39.384073,-8.285946,100000.000000,0.000793,0.000687,0.000259,-218.344362,0.000000
164.560000,72.870436,14.823024,0.001046,287.172326,-664.996245,210.088716,39.384068,-8.285948,100000.000000,0.000769,0.000666,0.000243,-218.343764,0.000000
164.600000,72.870115,14.822991,0.001012,287.019890,-665.500676,209.816934,39.384064,-8.285950,100000.000000,0.000745,0.000646,0.000229,-218.343201,0.000000
164.640000,72.869805,14.822960,0.000979,286.867456,-666.005106,209.545152,39.384059,-8.285951,100000.000000,0.000722,0.000626,0.000216,-218.342672,0.000000
164.680000,72.869504,14.822929,0.000948,286.715022,-666.509535,209.273370,39.384055,-8.285953,100000.000000,0.000699,0.000606,0.000203,-218.342173,0.000000
164.720000,72.869213,14.822899,0.000917,286.562590,-667.013963,209.001589,39.384050,-8.285955,100000.000000,0.000678,0.000587,0.000191,-218.341704,0.000000
164.760000,72.868930,14.822871,0.000887,286.410158,-667.518390,208.729808,39.384045,-8.285957,100000.000000,0.000657,0.000569,0.000180,-218.341263,0.000000
164.800000,72.868657,14.822843,0.000859,286.257728,-668.022817,208.458027,39.384041,-8.285958,100000.000000,0.000636,0.000552,0.000169,-218.340847,0.000000
164.840000,72.868391,14.822816,0.000831,286.105299,-668.527242,208.186247,39.384036,-8.285960,100000.000000,0.000617,0.000534,0.000159,-218.340456,0.000000
164.880000,72.868134,14.822790,0.000805,285.952870,-669.031667,207.914467,39.384032,-8.285962,100000.000000,0.000598,0.000518,0.000150,-218.340088,0.000000
164.920000,72.867885,14.822765,0.000779,285.800442,-669.536091,207.642687,39.384027,-8.285964,100000.000000,0.000579,0.000502,0.000141,-218.339742,0.000000
164.960000,72.867644,14.822741,0.000754,285.648016,-670.040514,207.370907,39.384023,-8.285966,100000.000000,0.000561,0.000486,0.000133,-218.339416,0.000000
165.000000,72.867410,14.822718,0.000730,285.495590,-670.544937,207.099127,39.384018,-8.285967,100000.000000,0.000544,0.000471,0.000125,-218.339109,0.000000
165.040000,72.867183,14.822695,0.000707,285.343165,-671.049358,206.827347,39.384014,-8.285969,100000.000000,0.000527,0.000457,0.000118,-218.338820,0.000000
165.080000,72.866964,14.822674,0.000685,285.190740,-671.553779,206.555568,39.384009,-8.285971,100000.000000,0.000511,0.000443,0.000111,-218.338548,0.000000
165.120000,72.866751,14.822653,0.000663,285.038317,-672.058200,206.283789,39.384005,-8.285973,100000.000000,0.000495,0.000429,0.000104,-218.338292,0.000000
165.160000,72.866545,14.822632,0.000642,284.885894,-672.562620,206.012010,39.384000,-8.285974,100000.000000,0.000480,0.000416,0.000098,-218.338051,0.000000
165.200000,72.866345,14.822613,0.000622,284.733471,-673.067039,205.740231,39.383996,-8.285976,100000.000000,0.000465,0.000403,0.000092,-218.337825,0.000000
165.240000,72.866151,14.822594,0.000602,284.581050,-673.571458,205.468452,39.383991,-8.285978,100000.000000,0.000450,0.000390,0.000087,-218.337612,0.000000
165.280000,72.865964,14.822575,0.000583,284.428629,-674.075876,205.196673,39.383986,-8.285980,100000.000000,0.000436,0.000378,0.000082,-218.337411,0.000000
165.320000,72.865782,14.822557,0.000565,284.276209,-674.580293,204.924895,39.383982,-8.285982,100000.000000,0.000423,0.000366,0.000077,-218.337222,0.000000
165.360000,72.865606,14.822540,0.000547,284.123789,-675.084710,204.653116,39.383977,-8.285983,100000.000000,0.000410,0.000355,0.000072,-218.337044,0.000000
165.400000,72.865435,14.822524,0.000530,283.971370,-675.589127,204.381338,39.383973,-8.285985,100000.000000,0.000397,0.000344,0.000068,-218.336877,0.000000
165.440000,72.865269,14.822507,0.000513,283.818952,-676.093542,204.109560,39.383968,-8.285987,100000.000000,0.000385,0.000333,0.000064,-218.336719,0.000000
165.480000,72.865109,14.822492,0.000497,283.666534,-676.597958,203.837782,39.383964,-8.285989,100000.000000,0.000373,0.000323,0.000060,-218.336571,0.000000
165.520000,72.864954,14.822477,0.000481,283.514117,-677.102373,203.566004,39.383959,-8.285990,100000.000000,0.000361,0.000313,0.000057,-218.336432,0.000000
165.560000,72.864803,14.822462,0.000466,283.361700,-677.606787,203.294226,39.383955,-8.285992,100000.000000,0.000350,0.000303,0.000053,-218.336300,0.000000
165.600000,72.864657,14.822448,0.000452,283.209284,-678.111201,203.022448,39.383950,-8.285994,100000.000000,0.000339,0.000294,0.000050,-218.336177,0.000000
165.640000,72.864516,14.822435,0.000438,283.056868,-678.615615,202.750670,39.383946,-8.285996,100000.000000,0.000329,0.000285,0.000047,-218.336060,0.000000
165.680000,72.864379,14.822422,0.000424,282.904453,-679.120028,202.478892,39.383941,-8.285998,100000.000000,0.000319,0.000276,0.000045,-218.335951,0.000000
165.720000,72.864246,14.822409,0.000411,282.752038,-679.624441,202.207114,39.383937,-8.285999,100000.000000,0.000309,0.000268,0.000042,-218.335848,0.000000
165.760000,72.864117,14.822397,0.000398,282.599624,-680.128853,201.935336,39.383932,-8.286001,100000.000000,0.000299,0.000259,0.000039,-218.335751,0.000000
165.800000,72.863993,14.822385,0.000385,282.447210,-680.633265,201.663559,39.383927,-8.286003,100000.000000,0.000290,0.000251,0.000037,-218.335660,0.000000
165.840000,72.863872,14.822373,0.000373,282.294797,-681.137677,201.391781,39.383923,-8.286005,100000.000000,0.000281,0.000243,0.000035,-218.335574,0.000000
165.880000,72.863755,14.822362,0.000362,282.142384,-681.642088,201.120004,39.383918,-8.286006,100000.000000,0.000272,0.000236,0.000033,-218.335493,0.000000
165.920000,72.863641,14.822351,0.000350,281.989971,-682.146499,200.848226,39.383914,-8.286008,100000.000000,0.000264,0.000229,0.000031,-218.335417,0.000000
165.960000,72.863531,14.822341,0.000340,281.837559,-682.650910,200.576449,39.383909,-8.286010,100000.000000,0.000256,0.000222,0.000029,-218.335345,0.000000
166.000000,72.863425,14.822331,0.000329,281.685147,-683.155320,200.304671,39.383905,-8.286012,100000.000000,0.000248,0.000215,0.000027,-218.335278,0.000000
166.040000,72.863322,14.822321,0.000319,281.532736,-683.659730,200.032894,39.383900,-8.286013,100000.000000,0.000240,0.000208,0.000026,-218.335215,0.000000
166.080000,72.863222,14.822311,0.000309,281.380325,-684.164140,199.761117,39.383896,-8.286015,100000.000000,0.000233,0.000202,0.000024,-218.335155,0.000000
166.120000,72.863125,14.822302,0.000299,281.227914,-684.668549,199.489339,39.383891,-8.286017,100000.000000,0.000225,0.000195,0.000023,-218.335099,0.000000
166.160000,72.863031,14.822293,0.000290,281.075503,-685.172958,199.217562,39.383887,-8.286019,100000.000000,0.000218,0.000189,0.000022,-218.335046,0.000000
166.200000,72.862940,14.822285,0.000281,280.923093,-685.677367,198.945785,39.383882,-8.286021,100000.000000,0.000212,0.000183,0.000020,-218.334996,0.000000
166.240000,72.862851,14.822277,0.000272,280.770684,-686.181775,198.674008,39.383878,-8.286022,100000.000000,0.000205,0.000178,0.000019,-218.334949,0.000000
166.280000,72.862766,14.822268,0.000264,280.618274,-686.686183,198.402230,39.383873,-8.286024,100000.000000,0.000199,0.000172,0.000018,-218.334905,0.000000
166.320000,72.862683,14.822261,0.000255,280.465865,-687.190591,198.130453,39.383869,-8.286026,100000.000000,0.000193,0.000167,0.000017,-218.334864,0.000000
166.360000,72.862603,14.822253,0.000247,280.313456,-687.694999,197.858676,39.383864,-8.286028,100000.000000,0.000187,0.000162,0.000016,-218.334825,0.000000
166.400000,72.862525,14.822246,0.000240,280.161047,-688.199407,197.586899,39.383859,-8.286029,100000.000000,0.000181,0.000157,0.000015,-218.334788,0.000000
166.440000,72.862450,14.822239,0.000232,280.008639,-688.703814,197.315122,39.383855,-8.286031,100000.000000,0.000175,0.000152,0.000014,-218.334753,0.000000
166.480000,72.862377,14.822232,0.000225,279.856231,-689.208221,197.043345,39.383850,-8.286033,100000.000000,0.000170,0.000147,0.000013,-218.334721,0.000000
166.520000,72.862306,14.822225,0.000218,279.703823,-689.712628,196.771568,39.383846,-8.286035,100000.000000,0.000165,0.000143,0.000012,-218.334690,0.000000
166.560000,72.862237,14.822219,0.000211,279.551415,-690.217034,196.499791,39.383841,-8.286037,100000.000000,0.000159,0.000138,0.000012,-218.334661,0.000000
166.600000,72.862171,14.822213,0.000205,279.399008,-690.721441,196.228014,39.383837,-8.286038,100000.000000,0.000155,0.000134,0.000011,-218.334634,0.000000
166.640000,72.862106,14.822207,0.000198,279.246601,-691.225847,195.956237,39.383832,-8.286040,100000.000000,0.000150,0.000130,0.000010,-218.334609,0.000000
166.680000,72.862044,14.822201,0.000192,279.094194,-691.730253,195.684460,39.383828,-8.286042,100000.000000,0.000145,0.000126,0.000010,-218.334585,0.000000
166.720000,72.861984,14.822195,0.000186,278.941787,-692.234659,195.412683,39.383823,-8.286044,100000.000000,0.000141,0.000122,0.000009,-218.334562,0.000000
166.760000,72.861925,14.822190,0.000181,278.789381,-692.739064,195.140906,39.383819,-8.286045,100000.000000,0.000136,0.000118,0.000009,-218.334541,0.000000
166.800000,72.861868,14.822185,0.000175,278.636974,-693.243470,194.869129,39.383814,-8.286047,100000.000000,0.000132,0.000114,0.000008,-218.334521,0.000000
166.840000,72.861813,14.822180,0.000170,278.484568,-693.747875,194.597352,39.383810,-8.286049,100000.000000,0.000128,0.000111,0.000008,-218.334502,0.000000
166.880000,72.861760,14.822175,0.000164,278.332162,-694.252280,194.325575,39.383805,-8.286051,100000.000000,0.000124,0.000107,0.000007,-218.334484,0.000000
166.920000,72.861708,14.822170,0.000159,278.179757,-694.756685,194.053798,39.383800,-8.286053,100000.000000,0.000120,0.000104,0.000007,-218.334467,0.000000
166.960000,72.861658,14.822165,0.000154,278.027351,-695.261090,193.782021,39.383796,-8.286054,100000.000000,0.000116,0.000101,0.000006,-218.334452,0.000000
167.000000,72.861610,14.822161,0.000149,277.874946,-695.765495,193.510244,39.383791,-8.286056,100000.000000,0.000113,0.000098,0.000006,-218.334437,0.000000
167.040000,72.861562,14.822156,0.000145,277.722541,-696.269899,193.238467,39.383787,-8.286058,100000.000000,0.000109,0.000095,0.000006,-218.334423,0.000000
167.080000,72.861517,14.822152,0.000140,277.570135,-696.774304,192.966690,39.383782,-8.286060,100000.000000,0.000106,0.000092,0.000005,-218.334410,0.000000
167.120000,72.861473,14.822148,0.000136,277.417731,-697.278708,192.694914,39.383778,-8.286061,100000.000000,0.000103,0.000089,0.000005,-218.334397,0.000000
167.160000,72.861430,14.822144,0.000132,277.265326,-697.783112,192.423137,39.383773,-8.286063,100000.000000,0.000099,0.000086,0.000005,-218.334386,0.000000
167.200000,72.861389,14.822140,0.000128,277.112921,-698.287516,192.151360,39.383769,-8.286065,100000.000000,0.000096,0.000084,0.000004,-218.334375,0.000000
167.240000,72.861348,14.822137,0.000124,276.960517,-698.791920,191.879583,39.383764,-8.286067,100000.000000,0.000093,0.000081,0.000004,-218.334365,0.000000
167.280000,72.861309,14.822133,0.000120,276.808112,-699.296323,191.607806,39.383760,-8.286068,100000.000000,0.000091,0.000078,0.000004,-218.334355,0.000000
167.320000,72.861272,14.822130,0.000116,276.655708,-699.800727,191.336029,39.383755,-8.286070,100000.000000,0.000088,0.000076,0.000004,-218.334346,0.000000
167.360000,72.861235,14.822126,0.000113,276.503304,-700.305131,191.064252,39.383751,-8.286072,100000.000000,0.000085,0.000074,0.000003,-218.334337,0.000000
167.400000,72.861200,14.822123,0.000109,276.350900,-700.809534,190.792476,39.383746,-8.286074,100000.000000,0.000082,0.000071,0.000003,-218.334329,0.000000
167.440000,72.861165,14.822120,0.000106,276.198496,-701.313937,190.520699,39.383741,-8.286076,100000.000000,0.000080,0.000069,0.000003,-218.334322,0.000000
167.480000,72.861132,14.822117,0.000102,276.046093,-701.818341,190.248922,39.383737,-8.286077,100000.000000,0.000077,0.000067,0.000003,-218.334314,0.000000
167.520000,72.861100,14.822114,0.000099,275.893689,-702.322744,189.977145,39.383732,-8.286079,100000.000000,0.000075,0.000065,0.000003,-218.334308,0.000000
167.560000,72.861069,14.822111,0.000096,275.741286,-702.827147,189.705368,39.383728,-8.286081,100000.000000,0.000073,0.000063,0.000003,-218.334301,0.000000
167.600000,72.861038,14.822108,0.000093,275.588882,-703.331550,189.433591,39.383723,-8.286083,100000.000000,0.000070,0.000061,0.000002,-218.334295,0.000000
167.640000,72.861009,14.822105,0.000090,275.436479,-703.835952,189.161815,39.383719,-8.286084,100000.000000,0.000068,0.000059,0.000002,-218.334290,0.000000
167.680000,72.860981,14.822103,0.000087,275.284076,-704.340355,188.890038,39.383714,-8.286086,100000.000000,0.000066,0.000057,0.000002,-218.334284,0.000000
167.720000,72.860953,14.822100,0.000085,275.131673,-704.844758,188.618261,39.383710,-8.286088,100000.000000,0.000064,0.000056,0.000002,-218.334279,0.000000
167.760000,72.860926,14.822098,0.000082,274.979270,-705.349160,188.346484,39.383705,-8.286090,100000.000000,0.000062,0.000054,0.000002,-218.334275,0.000000
167.800000,72.860900,14.822095,0.000080,274.826867,-705.853563,188.074707,39.383701,-8.286092,100000.000000,0.000060,0.000052,0.000002,-218.334270,0.000000
167.840000,72.860875,14.822093,0.000077,274.674464,-706.357965,187.802930,39.383696,-8.286093,100000.000000,0.000058,0.000051,0.000002,-218.334266,0.000000
167.880000,72.860851,14.822091,0.000075,274.522062,-706.862368,187.531154,39.383692,-8.286095,100000.000000,0.000056,0.000049,0.000002,-218.334262,0.000000
167.920000,72.860828,14.822089,0.000072,274.369659,-707.366770,187.259377,39.383687,-8.286097,100000.000000,0.000055,0.000047,0.000001,-218.334259,0.000000
167.960000,72.860805,14.822087,0.000070,274.217256,-707.871172,186.987600,39.383682,-8.286099,100000.000000,0.000053,0.000046,0.000001,-218.334255,0.000000
168.000000,72.860783,14.822085,0.000068,274.064854,-708.375574,186.715823,39.383678,-8.286100,100000.000000,0.000051,0.000045,0.000001,-218.334252,0.000000
168.040000,72.860761,14.822083,0.000066,273.912452,-708.879976,186.444046,39.383673,-8.286102,100000.000000,0.000050,0.000043,0.000001,-218.334249,0.000000
168.080000,72.860740,14.822081,0.000064,273.760049,-709.384378,186.172270,39.383669,-8.286104,100000.000000,0.000048,0.000042,0.000001,-218.334246,0.000000
168.120000,72.860720,14.822079,0.000062,273.607647,-709.888780,185.900493,39.383664,-8.286106,100000.000000,0.000047,0.000041,0.000001,-218.334243,0.000000
168.160000,72.860701,14.822077,0.000060,273.455245,-710.393182,185.628716,39.383660,-8.286108,100000.000000,0.000045,0.000039,0.000001,-218.334241,0.000000
168.200000,72.860682,14.822076,0.000058,273.302843,-710.897584,185.356939,39.383655,-8.286109,100000.000000,0.000044,0.000038,0.000001,-218.334238,0.000000
168.240000,72.860664,14.822074,0.000056,273.150441,-711.401986,185.085163,39.383651,-8.286111,100000.000000,0.000043,0.000037,0.000001,-218.334236,0.000000
168.280000,72.860646,14.822072,0.000055,272.998039,-711.906387,184.813386,39.383646,-8.286113,100000.000000,0.000041,0.000036,0.000001,-218.334234,0.000000
168.320000,72.860629,14.822071,0.000053,272.845637,-712.410789,184.541609,39.383642,-8.286115,100000.000000,0.000040,0.000035,0.000001,-218.334232,0.000000
168.360000,72.860612,14.822069,0.000051,272.693235,-712.915191,184.269832,39.383637,-8.286116,100000.000000,0.000039,0.000034,0.000001,-218.334230,0.000000
168.400000,72.860596,14.822068,0.000050,272.540833,-713.419592,183.998055,39.383633,-8.286118,100000.000000,0.000038,0.000033,0.000001,-218.334228,0.000000
168.440000,72.860580,14.822066,0.000048,272.388431,-713.923994,183.726279,39.383628,-8.286120,100000.000000,0.000036,0.000032,0.000001,-218.334227,0.000000
168.480000,72.860565,14.822065,0.000047,272.236030,-714.428395,183.454502,39.383624,-8.286122,100000.000000,0.000035,0.000031,0.000001,-218.334225,0.000000
168.520000,72.860550,14.822064,0.000045,272.083628,-714.932797,183.182725,39.383619,-8.286123,100000.000000,0.000034,0.000030,0.000001,-218.334224,0.000000
168.560000,72.860536,14.822062,0.000044,271.931227,-715.437198,182.910948,39.383614,-8.286125,100000.000000,0.000033,0.000029,0.000001,-218.334222,0.000000
168.600000,72.860522,14.822061,0.000042,271.778825,-715.941599,182.639171,39.383610,-8.286127,100000.000000,0.000032,0.000028,0.000001,-218.334221,0.000000
168.640000,72.860509,14.822060,0.000041,271.626424,-716.446000,182.367395,39.383605,-8.286129,100000.000000,0.000031,0.000027,0.000001,-218.334220,0.000000
168.680000,72.860496,14.822059,0.000040,271.474022,-716.950402,182.095618,39.383601,-8.286131,100000.000000,0.000030,0.000026,0.000000,-218.334219,0.000000
168.720000,72.860484,14.822057,0.000039,271.321621,-717.454803,181.823841,39.383596,-8.286132,100000.000000,0.000029,0.000025,0.000000,-218.334217,0.000000
168.760000,72.860471,14.822056,0.000037,271.169219,-717.959204,181.552064,39.383592,-8.286134,100000.000000,0.000028,0.000025,0.000000,-218.334216,0.000000
168.800000,72.860460,14.822055,0.000036,271.016818,-718.463605,181.280288,39.383587,-8.286136,100000.000000,0.000027,0.000024,0.000000,-218.334215,0.000000
168.840000,72.860448,14.822054,0.000035,270.864417,-718.968006,181.008511,39.383583,-8.286138,100000.000000,0.000027,0.000023,0.000000,-218.334215,0.000000
168.880000,72.860437,14.822053,0.000034,270.712016,-719.472407,180.736734,39.383578,-8.286139,100000.000000,0.000026,0.000022,0.000000,-218.334214,0.000000
168.920000,72.860426,14.822052,0.000033,270.559614,-719.976808,180.464957,39.383574,-8.286141,100000.000000,0.000025,0.000022,0.000000,-218.334213,0.000000
168.960000,72.860416,14.822051,0.000032,270.407213,-720.481209,180.193180,39.383569,-8.286143,100000.000000,0.000024,0.000021,0.000000,-218.334212,0.000000
169.000000,72.860406,14.822050,0.000031,270.254812,-720.985610,179.921404,39.383565,-8.286145,100000.000000,0.000023,0.000020,0.000000,-218.334211,0.000000
169.040000,72.860396,14.822050,0.000030,270.102411,-721.490011,179.649627,39.383560,-8.286147,100000.000000,0.000023,0.000020,0.000000,-218.334211,0.000000
169.080000,72.860387,14.822049,0.000029,269.950010,-721.994412,179.377850,39.383555,-8.286148,100000.000000,0.000022,0.000019,0.000000,-218.334210,0.000000
169.120000,72.860378,14.822048,0.000028,269.797609,-722.498813,179.106073,39.383551,-8.286150,100000.000000,0.000021,0.000018,0.000000,-218.334210,0.000000
169.160000,72.860369,14.822047,0.000027,269.645208,-723.003214,178.834297,39.383546,-8.286152,100000.000000,0.000021,0.000018,0.000000,-218.334209,0.000000
169.200000,72.860360,14.822046,0.000026,269.492807,-723.507615,178.562520,39.383542,-8.286154,100000.000000,0.000020,0.000017,0.000000,-218.334208,0.000000
169.240000,72.860352,14.822045,0.000026,269.340406,-724.012016,178.290743,39.383537,-8.286155,100000.000000,0.000019,0.000017,0.000000,-218.334208,0.000000
169.280000,72.860344,14.822045,0.000025,269.188005,-724.516416,178.018966,39.383533,-8.286157,100000.000000,0.000019,0.000016,0.000000,-218.334207,0.000000
169.320000,72.860336,14.822044,0.000024,269.035604,-725.020817,177.747190,39.383528,-8.286159,100000.000000,0.000018,0.000016,0.000000,-218.334207,0.000000
169.360000,72.860328,14.822043,0.000023,268.883203,-725.525218,177.475413,39.383524,-8.286161,100000.000000,0.000018,0.000015,0.000000,-218.334207,0.000000
169.400000,72.860321,14.822043,0.000023,268.730803,-726.029619,177.203636,39.383519,-8.286162,100000.000000,0.000017,0.000015,0.000000,-218.334206,0.000000
169.440000,72.860314,14.822042,0.000022,268.578402,-726.534019,176.931859,39.383515,-8.286164,100000.000000,0.000017,0.000014,0.000000,-218.334206,0.000000
169.480000,72.860307,14.822041,0.000021,268.426001,-727.038420,176.660082,39.383510,-8.286166,100000.000000,0.000016,0.000014,0.000000,-218.334206,0.000000
169.520000,72.860300,14.822041,0.000021,268.273600,-727.542821,176.388306,39.383506,-8.286168,100000.000000,0.000016,0.000013,0.000000,-218.334205,0.000000
169.560000,72.860294,14.822040,0.000020,268.121200,-728.047221,176.116529,39.383501,-8.286170,100000.000000,0.000015,0.000013,0.000000,-218.334205,0.000000
169.600000,72.860287,14.822040,0.000019,267.968799,-728.551622,175.844752,39.383496,-8.286171,100000.000000,0.000015,0.000013,0.000000,-218.334205,0.000000
169.640000,72.860281,14.822039,0.000019,267.816398,-729.056022,175.572975,39.383492,-8.286173,100000.000000,0.000014,0.000012,0.000000,-218.334204,0.000000
169.680000,72.860275,14.822039,0.000018,267.663998,-729.560423,175.301199,39.383487,-8.286175,100000.000000,0.000014,0.000012,0.000000,-218.334204,0.000000
169.720000,72.860270,14.822038,0.000018,267.511597,-730.064824,175.029422,39.383483,-8.286177,100000.000000,0.000013,0.000012,0.000000,-218.334204,0.000000
169.760000,72.860264,14.822038,0.000017,267.359196,-730.569224,174.757645,39.383478,-8.286178,100000.000000,0.000013,0.000011,0.000000,-218.334204,0.000000
169.800000,72.860259,14.822037,0.000017,267.206796,-731.073625,174.485868,39.383474,-8.286180,100000.000000,0.000012,0.000011,0.000000,-218.334203,0.000000
169.840000,72.860254,14.822037,0.000016,267.054395,-731.578025,174.214092,39.383469,-8.286182,100000.000000,0.000012,0.000010,0.000000,-218.334203,0.000000
169.880000,72.860249,14.822036,0.000016,266.901995,-732.082426,173.942315,39.383465,-8.286184,100000.000000,0.000012,0.000010,0.000000,-218.334203,0.000000
169.920000,72.860244,14.822036,0.000015,266.749594,-732.586826,173.670538,39.383460,-8.286186,100000.000000,0.000011,0.000010,0.000000,-218.334203,0.000000
169.960000,72.860239,14.822035,0.000015,266.597194,-733.091226,173.398761,39.383456,-8.286187,100000.000000,0.000011,0.000010,0.000000,-218.334203,0.000000
170.000000,72.860234,14.822035,0.000014,266.444793,-733.595627,173.126984,39.383451,-8.286189,100000.000000,0.000011,0.000009,0.000000,-218.334203,0.000000
170.040000,72.860230,14.822034,0.000014,266.292393,-734.100027,172.855208,39.383447,-8.286191,100000.000000,0.000010,0.000009,0.000000,-218.334202,0.000000
170.080000,72.860226,14.822034,0.000013,266.139992,-734.604428,172.583431,39.383442,-8.286193,100000.000000,0.000010,0.000009,0.000000,-218.334202,0.000000
170.120000,72.860221,14.822034,0.000013,265.987592,-735.108828,172.311654,39.383437,-8.286194,100000.000000,0.000010,0.000008,0.000000,-218.334202,0.000000
170.160000,72.860217,14.822033,0.000012,265.835191,-735.613229,172.039877,39.383433,-8.286196,100000.000000,0.000009,0.000008,0.000000,-218.334202,0.000000
170.200000,72.860213,14.822033,0.000012,265.682791,-736.117629,171.768101,39.383428,-8.286198,100000.000000,0.000009,0.000008,0.000000,-218.334202,0.000000
170.240000,72.860210,14.822033,0.000012,265.530390,-736.622029,171.496324,39.383424,-8.286200,100000.000000,0.000009,0.000008,0.000000,-218.334202,0.000000
170.280000,72.860206,14.822032,0.000011,265.377990,-737.126430,171.224547,39.383419,-8.286202,100000.000000,0.000009,0.000007,0.000000,-218.334202,0.000000
170.320000,72.860202,14.822032,0.000011,265.225590,-737.630830,170.952770,39.383415,-8.286203,100000.000000,0.000008,0.000007,0.000000,-218.334202,0.000000
170.360000,72.860199,14.822032,0.000011,265.073189,-738.135230,170.680994,39.383410,-8.286205,100000.000000,0.000008,0.000007,0.000000,-218.334201,0.000000
170.400000,72.860196,14.822031,0.000010,264.920789,-738.639631,170.409217,39.383406,-8.286207,100000.000000,0.000008,0.000007,0.000000,-218.334201,0.000000
170.440000,72.860192,14.822031,0.000010,264.768388,-739.144031,170.137440,39.383401,-8.286209,100000.000000,0.000008,0.000007,0.000000,-218.334201,0.000000
170.480000,72.860189,14.822031,0.000010,264.615988,-739.648431,169.865663,39.383397,-8.286210,100000.000000,0.000007,0.000006,0.000000,-218.334201,0.000000
170.520000,72.860186,14.822030,0.000009,264.463588,-740.152832,169.593886,39.383392,-8.286212,100000.000000,0.000007,0.000006,0.000000,-218.334201,0.000000
170.560000,72.860183,14.822030,0.000009,264.311187,-740.657232,169.322110,39.383388,-8.286214,100000.000000,0.000007,0.000006,0.000000,-218.334201,0.000000
170.600000,72.860180,14.822030,0.000009,264.158787,-741.161632,169.050333,39.383383,-8.286216,100000.000000,0.000007,0.000006,0.000000,-218.334201,0.000000
170.640000,72.860178,14.822030,0.000009,264.006387,-741.666032,168.778556,39.383378,-8.286217,100000.000000,0.000006,0.000006,0.000000,-218.334201,0.000000
170.680000,72.860175,14.822029,0.000008,263.853986,-742.170433,168.506779,39.383374,-8.286219,100000.000000,0.000006,0.000005,0.000000,-218.334201,0.000000
170.720000,72.860172,14.822029,0.000008,263.701586,-742.674833,168.235003,39.383369,-8.286221,100000.000000,0.000006,0.000005,0.000000,-218.334201,0.000000
170.760000,72.860170,14.822029,0.000008,263.549186,-743.179233,167.963226,39.383365,-8.286223,100000.000000,0.000006,0.000005,0.000000,-218.334201,0.000000
170.800000,72.860167,14.822029,0.000008,263.396786,-743.683633,167.691449,39.383360,-8.286225,100000.000000,0.000006,0.000005,0.000000,-218.334201,0.000000
170.840000,72.860165,14.822029,0.000007,263.244385,-744.188034,167.419672,39.383356,-8.286226,100000.000000,0.000006,0.000005,0.000000,-218.334201,0.000000
170.880000,72.860163,14.822028,0.000007,263.091985,-744.692434,167.147896,39.383351,-8.286228,100000.000000,0.000005,0.000005,0.000000,-218.334201,0.000000
170.920000,72.860160,14.822028,0.000007,262.939585,-745.196834,166.876119,39.383347,-8.286230,100000.000000,0.000005,0.000004,0.000000,-218.334201,0.000000
170.960000,72.860158,14.822028,0.000007,262.787185,-745.701234,166.604342,39.383342,-8.286232,100000.000000,0.000005,0.000004,0.000000,-218.334201,0.000000
171.000000,72.860156,14.822028,0.000006,262.634784,-746.205634,166.332565,39.383338,-8.286233,100000.000000,0.000005,0.000004,0.000000,-218.334201,0.000000
171.040000,72.860154,14.822028,0.000006,262.482384,-746.710035,166.060788,39.383333,-8.286235,100000.000000,0.000005,0.000004,0.000000,-218.334201,0.000000
171.080000,72.860152,14.822027,0.000006,262.329984,-747.214435,165.789012,39.383329,-8.286237,100000.000000,0.000005,0.000004,0.000000,-218.334200,0.000000
171.120000,72.860150,14.822027,0.000006,262.177584,-747.718835,165.517235,39.383324,-8.286239,100000.000000,0.000004,0.000004,0.000000,-218.334200,0.000000
171.160000,72.860148,14.822027,0.000006,262.025184,-748.223235,165.245458,39.383320,-8.286241,100000.000000,0.000004,0.000004,0.000000,-218.334200,0.000000
171.200000,72.860147,14.822027,0.000005,261.872783,-748.727635,164.973681,39.383315,-8.286242,100000.000000,0.000004,0.000004,0.000000,-218.334200,0.000000
171.240000,72.860145,14.822027,0.000005,261.720383,-749.232036,164.701905,39.383310,-8.286244,100000.000000,0.000004,0.000003,0.000000,-218.334200,0.000000
171.280000,72.860143,14.822027,0.000005,261.567983,-749.736436,164.430128,39.383306,-8.286246,100000.000000,0.000004,0.000003,0.000000,-218.334200,0.000000
171.320000,72.860142,14.822026,0.000005,261.415583,-750.240836,164.158351,39.383301,-8.286248,100000.000000,0.000004,0.000003,0.000000,-218.334200,0.000000
171.360000,72.860140,14.822026,0.000005,261.263183,-750.745236,163.886574,39.383297,-8.286249,100000.000000,0.000004,0.000003,0.000000,-218.334200,0.000000
171.400000,72.860139,14.822026,0.000005,261.110782,-751.249636,163.614798,39.383292,-8.286251,100000.000000,0.000004,0.000003,0.000000,-218.334200,0.000000
171.440000,72.860137,14.822026,0.000005,260.958382,-751.754036,163.343021,39.383288,-8.286253,100000.000000,0.000003,0.000003,0.000000,-218.334200,0.000000
171.480000,72.860136,14.822026,0.000004,260.805982,-752.258436,163.071244,39.383283,-8.286255,100000.000000,0.000003,0.000003,0.000000,-218.334200,0.000000
171.520000,72.860134,14.822026,0.000004,260.653582,-752.762837,162.799467,39.383279,-8.286257,100000.000000,0.000003,0.000003,0.000000,-218.334200,0.000000
171.560000,72.860133,14.822026,0.000004,260.501182,-753.267237,162.527691,39.383274,-8.286258,100000.000000,0.000003,0.000003,0.000000,-218.334200,0.000000
171.600000,72.860132,14.822026,0.000004,260.348782,-753.771637,162.255914,39.383270,-8.286260,100000.000000,0.000003,0.000003,0.000000,-218.334200,0.000000
171.640000,72.860130,14.822025,0.000004,260.196382,-754.276037,161.984137,39.383265,-8.286262,100000.000000,0.000003,0.000003,0.000000,-218.334200,0.000000
171.680000,72.860129,14.822025,0.000004,260.043981,-754.780437,161.712360,39.383261,-8.286264,100000.000000,0.000003,0.000002,0.000000,-218.334200,0.000000
171.720000,72.860128,14.822025,0.000004,259.891581,-755.284837,161.440583,39.383256,-8.286265,100000.000000,0.000003,0.000002,0.000000,-218.334200,0.000000
171.760000,72.860127,14.822025,0.000004,259.739181,-755.789237,161.168807,39.383251,-8.286267,100000.000000,0.000003,0.000002,0.000000,-218.334200,0.000000
171.800000,72.860126,14.822025,0.000003,259.586781,-756.293637,160.897030,39.383247,-8.286269,100000.000000,0.000003,0.000002,0.000000,-218.334200,0.000000
171.840000,72.860125,14.822025,0.000003,259.434381,-756.798037,160.625253,39.383242,-8.286271,100000.000000,0.000003,0.000002,0.000000,-218.334200,0.000000
171.880000,72.860124,14.822025,0.000003,259.281981,-757.302438,160.353476,39.383238,-8.286272,100000.000000,0.000002,0.000002,0.000000,-218.334200,0.000000
171.920000,72.860123,14.822025,0.000003,259.129581,-757.806838,160.081700,39.383233,-8.286274,100000.000000,0.000002,0.000002,0.000000,-218.334200,0.000000
171.960000,72.860122,14.822025,0.000003,258.977181,-758.311238,159.809923,39.383229,-8.286276,100000.000000,0.000002,0.000002,0.000000,-218.334200,0.000000
172.000000,72.860121,14.822025,0.000003,258.824780,-758.815638,159.538146,39.383224,-8.286278,100000.000000,0.000002,0.000002,0.000000,-218.334200,0.000000
172.040000,72.860120,14.822024,0.000003,258.672380,-759.320038,159.266369,39.383220,-8.286280,100000.000000,0.000002,0.000002,0.000000,-218.334200,0.000000
172.080000,72.860119,14.822024,0.000003,258.519980,-759.824438,158.994593,39.383215,-8.286281,100000.000000,0.000002,0.000002,0.000000,-218.334200,0.000000
172.120000,72.860118,14.822024,0.000003,258.367580,-760.328838,158.722816,39.383211,-8.286283,100000.000000,0.000002,0.000002,0.000000,-218.334200,0.000000
172.160000,72.860117,14.822024,0.000003,258.215180,-760.833238,158.451039,39.383206,-8.286285,100000.000000,0.000002,0.000002,0.000000,-218.334200,0.000000
172.200000,72.860116,14.822024,0.000003,258.062780,-761.337638,158.179262,39.383202,-8.286287,100000.000000,0.000002,0.000002,0.000000,-218.334200,0.000000
172.240000,72.860115,14.822024,0.000002,257.910380,-761.842038,157.907485,39.383197,-8.286288,100000.000000,0.000002,0.000002,0.000000,-218.334200,0.000000
172.280000,72.860115,14.822024,0.000002,257.757980,-762.346438,157.635709,39.383192,-8.286290,100000.000000,0.000002,0.000002,0.000000,-218.334200,0.000000
172.320000,72.860114,14.822024,0.000002,257.605580,-762.850838,157.363932,39.383188,-8.286292,100000.000000,0.000002,0.000001,0.000000,-218.334200,0.000000
172.360000,72.860113,14.822024,0.000002,257.453180,-763.355239,157.092155,39.383183,-8.286294,100000.000000,0.000002,0.000001,0.000000,-218.334200,0.000000
172.400000,72.860113,14.822024,0.000002,257.300780,-763.859639,156.820378,39.383179,-8.286296,100000.000000,0.000002,0.000001,0.000000,-218.334200,0.000000
172.440000,72.860112,14.822024,0.000002,257.148379,-764.364039,156.548602,39.383174,-8.286297,100000.000000,0.000002,0.000001,0.000000,-218.334200,0.000000
172.480000,72.860111,14.822024,0.000002,256.995979,-764.868439,156.276825,39.383170,-8.286299,100000.000000,0.000002,0.000001,0.000000,-218.334200,0.000000
172.520000,72.860111,14.822024,0.000002,256.843579,-765.372839,156.005048,39.383165,-8.286301,100000.000000,0.000001,0.000001,0.000000,-218.334200,0.000000
172.560000,72.860110,14.822024,0.000002,256.691179,-765.877239,155.733271,39.383161,-8.286303,100000.000000,0.000001,0.000001,0.000000,-218.334200,0.000000
172.600000,72.860109,14.822024,0.000002,256.538779,-766.381639,155.461495,39.383156,-8.286304,100000.000000,0.000001,0.000001,0.000000,-218.334200,0.000000
172.640000,72.860109,14.822023,0.000002,256.386379,-766.886039,155.189718,39.383152,-8.286306,100000.000000,0.000001,0.000001,0.000000,-218.334200,0.000000
172.680000,72.860108,14.822023,0.000002,256.233979,-767.390439,154.917941,39.383147,-8.286308,100000.000000,0.000001,0.000001,0.000000,-218.334200,0.000000
172.720000,72.860108,14.822023,0.000002,256.081579,-767.894839,154.646164,39.383143,-8.286310,100000.000000,0.000001,0.000001,0.000000,-218.334200,0.000000
172.760000,72.860107,14.822023,0.000002,255.929179,-768.399239,154.374387,39.383138,-8.286311,100000.000000,0.000001,0.000001,0.000000,-218.334200,0.000000
172.800000,72.860107,14.822023,0.000002,255.776779,-768.903639,154.102611,39.383133,-8.286313,100000.000000,0.000001,0.000001,0.000000,-218.334200,0.000000
172.840000,72.860106,14.822023,0.000002,255.624379,-769.408039,153.830834,39.383129,-8.286315,100000.000000,0.000001,0.000001,0.000000,-218.334200,0.000000
172.880000,72.860106,14.822023,0.000001,255.471979,-769.912439,153.559057,39.383124,-8.286317,100000.000000,0.000001,0.000001,0.000000,-218.334200,0.000000
172.920000,72.860105,14.822023,0.000001,255.319579,-770.416839,153.287280,39.383120,-8.286319,100000.000000,0.000001,0.000001,0.000000,-218.334200,0.000000
172.960000,72.860105,14.822023,0.000001,255.167179,-770.921239,153.015504,39.383115,-8.286320,100000.000000,0.000001,0.000001,0.000000,-218.334200,0.000000
173.000000,72.860104,14.822023,0.000001,255.014779,-771.425639,152.743727,39.383111,-8.286322,100000.000000,0.000001,0.000001,0.000000,-218.334200,0.000000
173.040000,72.860104,14.822023,0.000001,254.862379,-771.930039,152.471950,39.383106,-8.286324,100000.000000,0.000001,0.000001,0.000000,-218.334200,0.000000
173.080000,72.860104,14.822023,0.000001,254.709979,-772.434440,152.200173,39.383102,-8.286326,100000.000000,0.000001,0.000001,0.000000,-218.334200,0.000000
173.120000,72.860103,14.822023,0.000001,254.557579,-772.938840,151.928397,39.383097,-8.286327,100000.000000,0.000001,0.000001,0.000000,-218.334200,0.000000
173.160000,72.860103,14.822023,0.000001,254.405178,-773.443240,151.656620,39.383093,-8.286329,100000.000000,0.000001,0.000001,0.000000,-218.334200,0.000000
173.200000,72.860102,14.822023,0.000001,254.252778,-773.947640,151.384843,39.383088,-8.286331,100000.000000,0.000001,0.000001,0.000000,-218.334200,0.000000
173.240000,72.860102,14.822023,0.000001,254.100378,-774.452040,151.113066,39.383084,-8.286333,100000.000000,0.000001,0.000001,0.000000,-218.334200,0.000000
173.280000,72.860102,14.822023,0.000001,253.947978,-774.956440,150.841290,39.383079,-8.286335,100000.000000,0.000001,0.000001,0.000000,-218.334200,0.000000
173.320000,72.860101,14.822023,0.000001,253.795578,-775.460840,150.569513,39.383075,-8.286336,100000.000000,0.000001,0.000001,0.000000,-218.334200,0.000000
173.360000,72.860101,14.822023,0.000001,253.643178,-775.965240,150.297736,39.383070,-8.286338,100000.000000,0.000001,0.000001,0.000000,-218.334200,0.000000
173.400000,72.860101,14.822023,0.000001,253.490778,-776.469640,150.025959,39.383065,-8.286340,100000.000000,0.000001,0.000001,0.000000,-218.334200,0.000000
173.440000,72.860100,14.822023,0.000001,253.338378,-776.974040,149.754182,39.383061,-8.286342,100000.000000,0.000001,0.000001,0.000000,-218.334200,0.000000
173.480000,72.860100,14.822023,0.000001,253.185978,-777.478440,149.482406,39.383056,-8.286343,100000.000000,0.000001,0.000001,0.000000,-218.334200,0.000000
173.520000,72.860100,14.822023,0.000001,253.033578,-777.982840,149.210629,39.383052,-8.286345,100000.000000,0.000001,0.000001,0.000000,-218.334200,0.000000
173.560000,72.860100,14.822023,0.000001,252.881178,-778.487240,148.938852,39.383047,-8.286347,100000.000000,0.000001,0.000001,0.000000,-218.334200,0.000000
173.600000,72.860099,14.822023,0.000001,252.728778,-778.991640,148.667075,39.383043,-8.286349,100000.000000,0.000001,0.000001,0.000000,-218.334200,0.000000
173.640000,72.860099,14.822023,0.000001,252.576378,-779.496040,148.395299,39.383038,-8.286351,100000.000000,0.000001,0.000001,0.000000,-218.334200,0.000000
173.680000,72.860099,14.822023,0.000001,252.423978,-780.000440,148.123522,39.383034,-8.286352,100000.000000,0.000001,0.000001,0.000000,-218.334200,0.000000
173.720000,72.860099,14.822023,0.000001,252.271578,-780.504840,147.851745,39.383029,-8.286354,100000.000000,0.000001,0.000000,0.000000,-218.334200,0.000000
173.760000,72.860098,14.822023,0.000001,252.119178,-781.009240,147.579968,39.383025,-8.286356,100000.000000,0.000001,0.000000,0.000000,-218.334200,0.000000
173.800000,72.860098,14.822023,0.000001,251.966778,-781.513640,147.308192,39.383020,-8.286358,100000.000000,0.000001,0.000000,0.000000,-218.334200,0.000000
173.840000,72.860098,14.822022,0.000001,251.814378,-782.018040,147.036415,39.383016,-8.286359,100000.000000,0.000001,0.000000,0.000000,-218.334200,0.000000
173.880000,72.860098,14.822022,0.000001,251.661978,-782.522440,146.764638,39.383011,-8.286361,100000.000000,0.000001,0.000000,0.000000,-218.334200,0.000000
173.920000,72.860097,14.822022,0.000001,251.509578,-783.026840,146.492861,39.383006,-8.286363,100000.000000,0.000000,0.000000,0.000000,-218.334200,0.000000
173.960000,72.860097,14.822022,0.000001,251.357178,-783.531240,146.221084,39.383002,-8.286365,100000.000000,0.000000,0.000000,0.000000,-218.334200,0.000000
174.000000,72.860097,14.822022,0.000001,251.204778,-784.035640,145.949308,39.382997,-8.286366,100000.000000,0.000000,0.000000,0.000000,-218.334200,0.000000
174.040000,72.860097,14.822022,0.000001,251.052378,-784.540040,145.677531,39.382993,-8.286368,100000.000000,0.000000,0.000000,0.000000,-218.334200,0.000000
174.080000,72.860097,14.822022,0.000001,250.899978,-785.044440,145.405754,39.382988,-8.286370,100000.000000,0.000000,0.000000,0.000000,-218.334200,0.000000
174.120000,72.860096,14.822022,0.000001,250.747578,-785.548840,145.133977,39.382984,-8.286372,100000.000000,0.000000,0.000000,0.000000,-218.334200,0.000000
174.160000,72.860096,14.822022,0.000001,250.595178,-786.053240,144.862201,39.382979,-8.286374,100000.000000,0.000000,0.000000,0.000000,-218.334200,0.000000
174.200000,72.860096,14.822022,0.000001,250.442778,-786.557640,144.590424,39.382975,-8.286375,100000.000000,0.000000,0.000000,0.000000,-218.334200,0.000000
174.240000,72.860096,14.822022,0.000001,250.290378,-787.062040,144.318647,39.382970,-8.286377,100000.000000,0.000000,0.000000,0.000000,-218.334200,0.000000
174.280000,72.860096,14.822022,0.000000,250.137978,-787.566440,144.046870,39.382966,-8.286379,100000.000000,0.000000,0.000000,0.000000,-218.334200,0.000000
174.320000,72.860096,14.822022,0.000000,249.985578,-788.070840,143.775094,39.382961,-8.286381,100000.000000,0.000000,0.000000,0.000000,-218.334200,0.000000
174.360000,72.860095,14.822022,0.000000,249.833178,-788.575240,143.503317,39.382957,-8.286382,100000.000000,0.000000,0.000000,0.000000,-218.334200,0.000000
174.400000,72.860095,14.822022,0.000000,249.680778,-789.079640,143.231540,39.382952,-8.286384,100000.000000,0.000000,0.000000,0.000000,-218.334200,0.000000
174.440000,72.860095,14.822022,0.000000,249.528378,-789.584040,142.959763,39.382947,-8.286386,100000.000000,0.000000,0.000000,0.000000,-218.334200,0.000000
174.480000,72.860095,14.822022,0.000000,249.375978,-790.088440,142.687987,39.382943,-8.286388,100000.000000,0.000000,0.000000,0.000000,-218.334200,0.000000
174.520000,72.860095,14.822022,0.000000,249.223578,-790.592840,142.416210,39.382938,-8.286390,100000.000000,0.000000,0.000000,0.000000,-218.334200,0.000000
174.560000,72.860095,14.822022,0.000000,249.071178,-791.097240,142.144433,39.382934,-8.286391,100000.000000,0.000000,0.000000,0.000000,-218.334200,0.000000
174.600000,72.860095,14.822022,0.000000,248.918778,-791.601640,141.872656,39.382929,-8.286393,100000.000000,0.000000,0.000000,0.000000,-218.334200,0.000000
174.640000,72.860095,14.822022,0.000000,248.766378,-792.106040,141.600879,39.382925,-8.286395,100000.000000,0.000000,0.000000,0.000000,-218.334200,0.000000
174.680000,72.860094,14.822022,0.000000,248.613978,-792.610440,141.329103,39.382920,-8.286397,100000.000000,0.000000,0.000000,0.000000,-218.334200,0.000000
174.720000,72.860094,14.822022,0.000000,248.461578,-793.114840,141.057326,39.382916,-8.286398,100000.000000,0.000000,0.000000,0.000000,-218.334200,0.000000
174.760000,72.860094,14.822022,0.000000,248.309178,-793.619240,140.785549,39.382911,-8.286400,100000.000000,0.000000,0.000000,0.000000,-218.334200,0.000000
174.800000,72.860094,14.822022,0.000000,248.156777,-794.123640,140.513772,39.382907,-8.286402,100000.000000,0.000000,0.000000,0.000000,-218.334200,0.000000
174.840000,72.860094,14.822022,0.000000,248.004377,-794.628040,140.241996,39.382902,-8.286404,100000.000000,0.000000,0.000000,0.000000,-218.334200,0.000000
174.880000,72.860094,14.822022,0.000000,247.851977,-795.132440,139.970219,39.382898,-8.286406,100000.000000,0.000000,0.000000,0.000000,-218.334200,0.000000
174.920000,72.860094,14.822022,0.000000,247.699577,-795.636840,139.698442,39.382893,-8.286407,100000.000000,0.000000,0.000000,0.000000,-218.334200,0.000000
174.960000,72.860094,14.822022,0.000000,247.547177,-796.141240,139.426665,39.382888,-8.286409,100000.000000,0.000000,0.000000,0.000000,-218.334200,0.000000
175.000000,72.860094,14.822022,0.000000,247.394777,-796.645640,139.154889,39.382884,-8.286411,100000.000000,0.000000,0.000000,0.000000,-218.334200,0.000000
175.040000,72.860094,14.822022,0.000000,247.242377,-797.150040,138.883112,39.382879,-8.286413,100000.000000,0.000000,0.000000,0.000000,-218.334200,0.000000
175.080000,72.860093,14.822022,0.000000,247.089977,-797.654440,138.611335,39.382875,-8.286414,100000.000000,0.000000,0.000000,0.000000,-218.334200,0.000000
175.120000,72.860093,14.822022,0.000000,246.937577,-798.158840,138.339558,39.382870,-8.286416,100000.000000,0.000000,0.000000,0.000000,-218.334200,0.000000
175.160000,72.860093,14.822022,0.000000,246.785177,-798.663240,138.067781,39.382866,-8.286418,100000.000000,0.000000,0.000000,0.000000,-218.334200,0.000000
175.200000,72.860093,14.822022,0.000000,246.632777,-799.167640,137.796005,39.382861,-8.286420,100000.000000,0.000000,0.000000,0.000000,-218.334200,0.000000
175.240000,72.860093,14.822022,0.000000,246.480377,-799.672041,137.524228,39.382857,-8.286421,100000.000000,0.000000,0.000000,0.000000,-218.334200,0.000000
175.280000,72.860093,14.822022,0.000000,246.327977,-800.176441,137.252451,39.382852,-8.286423,100000.000000,0.000000,0.000000,0.000000,-218.334200,0.000000
175.320000,72.860093,14.822022,0.000000,246.175577,-800.680841,136.980674,39.382848,-8.286425,100000.000000,0.000000,0.000000,0.000000,-218.334200,0.000000
175.360000,72.860093,14.822022,0.000000,246.023177,-801.185241,136.708898,39.382843,-8.286427,100000.000000,0.000000,0.000000,0.000000,-218.334200,0.000000
175.400000,72.860093,14.822022,0.000000,245.870777,-801.689641,136.437121,39.382839,-8.286429,100000.000000,0.000000,0.000000,0.000000,-218.334200,0.000000
175.440000,72.860093,14.822022,0.000000,245.718377,-802.194041,136.165344,39.382834,-8.286430,100000.000000,0.000000,0.000000,0.000000,-218.334200,0.000000
175.480000,72.860093,14.822022,0.000000,245.565977,-802.698441,135.893567,39.382830,-8.286432,100000.000000,0.000000,0.000000,0.000000,-218.334200,0.000000
175.520000,72.860093,14.822022,0.000000,245.413577,-803.202841,135.621791,39.382825,-8.286434,100000.000000,0.000000,0.000000,0.000000,-218.334200,0.000000
175.560000,72.860093,14.822022,0.000000,245.261177,-803.707241,135.350014,39.382820,-8.286436,100000.000000,0.000000,0.000000,0.000000,-218.334200,0.000000
175.600000,72.860093,14.822022,0.000000,245.108777,-804.211641,135.078237,39.382816,-8.286437,100000.000000,0.000000,0.000000,0.000000,-218.334200,0.000000
175.640000,72.860093,14.822022,0.000000,244.956377,-804.716041,134.806460,39.382811,-8.286439,100000.000000,0.000000,0.000000,0.000000,-218.334200,0.000000
175.680000,72.860092,14.822022,0.000000,244.803977,-805.220441,134.534683,39.382807,-8.286441,100000.000000,0.000000,0.000000,0.000000,-218.334200,0.000000
175.720000,72.860092,14.822022,0.000000,244.651577,-805.724841,134.262907,39.382802,-8.286443,100000.000000,0.000000,0.000000,0.000000,-218.334200,0.000000
175.760000,72.860092,14.822022,0.000000,244.499177,-806.229241,133.991130,39.382798,-8.286445,100000.000000,0.000000,0.000000,0.000000,-218.334200,0.000000
175.800000,72.860092,14.822022,0.000000,244.346777,-806.733641,133.719353,39.382793,-8.286446,100000.000000,0.000000,0.000000,0.000000,-218.334200,0.000000
175.840000,72.860092,14.822022,0.000000,244.194377,-807.238041,133.447576,39.382789,-8.286448,100000.000000,0.000000,0.000000,0.000000,-218.334200,0.000000
175.880000,72.860092,14.822022,0.000000,244.041977,-807.742441,133.175800,39.382784,-8.286450,100000.000000,0.000000,0.000000,0.000000,-218.334200,0.000000
175.920000,72.860092,14.822022,0.000000,243.889577,-808.246841,132.904023,39.382780,-8.286452,100000.000000,0.000000,0.000000,0.000000,-218.334200,0.000000
175.960000,72.860092,14.822022,0.000000,243.737177,-808.751241,132.632246,39.382775,-8.286453,100000.000000,0.000000,0.000000,0.000000,-218.334200,0.000000
176.000000,72.860092,14.822022,0.000000,243.584777,-809.255641,132.360469,39.382771,-8.286455,100000.000000,0.000000,0.000000,0.000000,-218.334200,0.000000
176.040000,72.860092,14.822022,0.000000,243.432377,-809.760041,132.088693,39.382766,-8.286457,100000.000000,0.000000,0.000000,0.000000,-218.334200,0.000000
176.080000,72.860092,14.822022,0.000000,243.279977,-810.264441,131.816916,39.382761,-8.286459,100000.000000,0.000000,0.000000,0.000000,-218.334200,0.000000
176.120000,72.860092,14.822022,0.000000,243.127577,-810.768841,131.545139,39.382757,-8.286460,100000.000000,0.000000,0.000000,0.000000,-218.334200,0.000000
176.160000,72.860092,14.822022,0.000000,242.975177,-811.273241,131.273362,39.382752,-8.286462,100000.000000,0.000000,0.000000,0.000000,-218.334200,0.000000
176.200000,72.860092,14.822022,0.000000,242.822777,-811.777641,131.001586,39.382748,-8.286464,100000.000000,0.000000,0.000000,0.000000,-218.334200,0.000000
176.240000,72.860092,14.822022,0.000000,242.670377,-812.282041,130.729809,39.382743,-8.286466,100000.000000,0.000000,0.000000,0.000000,-218.334200,0.000000
176.280000,72.860092,14.822022,0.000000,242.517977,-812.786441,130.458032,39.382739,-8.286468,100000.000000,0.000000,0.000000,0.000000,-218.334200,0.000000
176.320000,72.860092,14.822022,0.000000,242.365577,-813.290841,130.186255,39.382734,-8.286469,100000.000000,0.000000,0.000000,0.000000,-218.334200,0.000000
176.360000,72.860092,14.822022,0.000000,242.213177,-813.795241,129.914478,39.382730,-8.286471,100000.000000,0.000000,0.000000,0.000000,-218.334200,0.000000
176.400000,72.860092,14.822022,0.000000,242.060777,-814.299641,129.642702,39.382725,-8.286473,100000.000000,0.000000,0.000000,0.000000,-218.334200,0.000000
176.440000,72.860092,14.822022,0.000000,241.908377,-814.804041,129.370925,39.382721,-8.286475,100000.000000,0.000000,0.000000,0.000000,-218.334200,0.000000
176.480000,72.860092,14.822022,0.000000,241.755977,-815.308441,129.099148,39.382716,-8.286476,100000.000000,0.000000,0.000000,0.000000,-218.334200,0.000000
176.520000,72.860092,14.822022,0.000000,241.603577,-815.812841,128.827371,39.382712,-8.286478,100000.000000,0.000000,0.000000,0.000000,-218.334200,0.000000
176.560000,72.860092,14.822022,0.000000,241.451177,-816.317241,128.555595,39.382707,-8.286480,100000.000000,0.000000,0.000000,0.000000,-218.334200,0.000000
176.600000,72.860092,14.822022,0.000000,241.298777,-816.821641,128.283818,39.382702,-8.286482,100000.000000,0.000000,0.000000,0.000000,-218.334200,0.000000
176.640000,72.860092,14.822022,0.000000,241.146377,-817.326041,128.012041,39.382698,-8.286484,100000.000000,0.000000,0.000000,0.000000,-218.334200,0.000000
176.680000,72.860092,14.822022,0.000000,240.993977,-817.830441,127.740264,39.382693,-8.286485,100000.000000,0.000000,0.000000,0.000000,-218.334200,0.000000
176.720000,72.860092,14.822022,0.000000,240.841577,-818.334841,127.468488,39.382689,-8.286487,100000.000000,0.000000,0.000000,0.000000,-218.334200,0.000000
176.760000,72.860092,14.822022,0.000000,240.689177,-818.839241,127.196711,39.382684,-8.286489,100000.000000,0.000000,0.000000,0.000000,-218.334200,0.000000
176.800000,72.860092,14.822022,0.000000,240.536777,-819.343641,126.924934,39.382680,-8.286491,100000.000000,0.000000,0.000000,0.000000,-218.334200,0.000000
176.840000,72.860091,14.822022,0.000000,240.384377,-819.848041,126.653157,39.382675,-8.286492,100000.000000,0.000000,0.000000,0.000000,-218.334200,0.000000
176.880000,72.860091,14.822022,0.000000,240.231977,-820.352441,126.381380,39.382671,-8.286494,100000.000000,0.000000,0.000000,0.000000,-218.334200,0.000000
176.920000,72.860091,14.822022,0.000000,240.079577,-820.856841,126.109604,39.382666,-8.286496,100000.000000,0.000000,0.000000,0.000000,-218.334200,0.000000
176.960000,72.860091,14.822022,0.000000,239.927177,-821.361241,125.837827,39.382662,-8.286498,100000.000000,0.000000,0.000000,0.000000,-218.334200,0.000000
177.000000,72.860091,14.822022,0.000000,239.774777,-821.865641,125.566050,39.382657,-8.286500,100000.000000,0.000000,0.000000,0.000000,-218.334200,0.000000
177.040000,72.860091,14.822022,0.000000,239.622377,-822.370041,125.294273,39.382653,-8.286501,100000.000000,0.000000,0.000000,0.000000,-218.334200,0.000000
177.080000,72.860091,14.822022,0.000000,239.469977,-822.874441,125.022497,39.382648,-8.286503,100000.000000,0.000000,0.000000,0.000000,-218.334200,0.000000
177.120000,72.860091,14.822022,0.000000,239.317577,-823.378841,124.750720,39.382643,-8.286505,100000.000000,0.000000,0.000000,0.000000,-218.334200,0.000000
177.160000,72.860091,14.822022,0.000000,239.165177,-823.883241,124.478943,39.382639,-8.286507,100000.000000,0.000000,0.000000,0.000000,-218.334200,0.000000
177.200000,72.860091,14.822022,0.000000,239.012777,-824.387641,124.207166,39.382634,-8.286508,100000.000000,0.000000,0.000000,0.000000,-218.334200,0.000000
177.240000,72.860091,14.822022,0.000000,238.860377,-824.892041,123.935390,39.382630,-8.286510,100000.000000,0.000000,0.000000,0.000000,-218.334200,0.000000
177.280000,72.860091,14.822022,0.000000,238.707977,-825.396441,123.663613,39.382625,-8.286512,100000.000000,0.000000,0.000000,0.000000,-218.334200,0.000000
177.320000,72.860091,14.822022,0.000000,238.555577,-825.900841,123.391836,39.382621,-8.286514,100000.000000,0.000000,0.000000,0.000000,-218.334200,0.000000
177.360000,72.860091,14.822022,0.000000,238.403177,-826.405241,123.120059,39.382616,-8.286515,100000.000000,0.000000,0.000000,0.000000,-218.334200,0.000000
177.400000,72.860091,14.822022,0.000000,238.250777,-826.909641,122.848283,39.382612,-8.286517,100000.000000,0.000000,0.000000,0.000000,-218.334200,0.000000
177.440000,72.860091,14.822022,0.000000,238.098377,-827.414041,122.576506,39.382607,-8.286519,100000.000000,0.000000,0.000000,0.000000,-218.334200,0.000000
177.480000,72.860091,14.822022,0.000000,237.945977,-827.918441,122.304729,39.382603,-8.286521,100000.000000,0.000000,0.000000,0.000000,-218.334200,0.000000
177.520000,72.860091,14.822022,0.000000,237.793577,-828.422841,122.032952,39.382598,-8.286523,100000.000000,0.000000,0.000000,0.000000,-218.334200,0.000000
177.560000,72.860091,14.822022,0.000000,237.641177,-828.927241,121.761175,39.382594,-8.286524,100000.000000,0.000000,0.000000,0.000000,-218.334200,0.000000
177.600000,72.860091,14.822022,0.000000,237.488777,-829.431641,121.489399,39.382589,-8.286526,100000.000000,0.000000,0.000000,0.000000,-218.334200,0.000000
177.640000,72.860091,14.822022,0.000000,237.336377,-829.936041,121.217622,39.382584,-8.286528,100000.000000,0.000000,0.000000,0.000000,-218.334200,0.000000
177.680000,72.860091,14.822022,0.000000,237.183977,-830.440441,120.945845,39.382580,-8.286530,100000.000000,0.000000,0.000000,0.000000,-218.334200,0.000000
177.720000,72.860091,14.822022,0.000000,237.031577,-830.944841,120.674068,39.382575,-8.286531,100000.000000,0.000000,0.000000,0.000000,-218.334200,0.000000
177.760000,72.860091,14.822022,0.000000,236.879177,-831.449241,120.402292,39.382571,-8.286533,100000.000000,0.000000,0.000000,0.000000,-218.334200,0.000000
177.800000,72.860091,14.822022,0.000000,236.726777,-831.953641,120.130515,39.382566,-8.286535,100000.000000,0.000000,0.000000,0.000000,-218.334200,0.000000
177.840000,72.860091,14.822022,0.000000,236.574377,-832.458041,119.858738,39.382562,-8.286537,100000.000000,0.000000,0.000000,0.000000,-218.334200,0.000000
177.880000,72.860091,14.822022,0.000000,236.421977,-832.962441,119.586961,39.382557,-8.286539,100000.000000,0.000000,0.000000,0.000000,-218.334200,0.000000
177.920000,72.860091,14.822022,0.000000,236.269577,-833.466841,119.315185,39.382553,-8.286540,100000.000000,0.000000,0.000000,0.000000,-218.334200,0.000000
177.960000,72.860091,14.822022,0.000000,236.117177,-833.971241,119.043408,39.382548,-8.286542,100000.000000,0.000000,0.000000,0.000000,-218.334200,0.000000
178.000000,72.860091,14.822022,0.000000,235.964777,-834.475641,118.771631,39.382544,-8.286544,100000.000000,0.000000,0.000000,0.000000,-218.334200,0.000000
178.040000,72.860091,14.822022,0.000000,235.812377,-834.980041,118.499854,39.382539,-8.286546,100000.000000,0.000000,0.000000,0.000000,-218.334200,0.000000
178.080000,72.860091,14.822022,0.000000,235.659977,-835.484441,118.228077,39.382535,-8.286547,100000.000000,0.000000,0.000000,0.000000,-218.334200,0.000000
178.120000,72.860091,14.822022,0.000000,235.507577,-835.988841,117.956301,39.382530,-8.286549,100000.000000,0.000000,0.000000,0.000000,-218.334200,0.000000
178.160000,72.860091,14.822022,0.000000,235.355177,-836.493241,117.684524,39.382526,-8.286551,100000.000000,0.000000,0.000000,0.000000,-218.334200,0.000000
178.200000,72.860091,14.822022,0.000000,235.202777,-836.997641,117.412747,39.382521,-8.286553,100000.000000,0.000000,0.000000,0.000000,-218.334200,0.000000
178.240000,72.860091,14.822022,0.000000,235.050377,-837.502041,117.140970,39.382516,-8.286555,100000.000000,0.000000,0.000000,0.000000,-218.334200,0.000000
178.280000,72.860091,14.822022,0.000000,234.897977,-838.006441,116.869194,39.382512,-8.286556,100000.000000,0.000000,0.000000,0.000000,-218.334200,0.000000
178.320000,72.860091,14.822022,0.000000,234.745577,-838.510841,116.597417,39.382507,-8.286558,100000.000000,0.000000,0.000000,0.000000,-218.334200,0.000000
178.360000,72.860091,14.822022,0.000000,234.593177,-839.015241,116.325640,39.382503,-8.286560,100000.000000,0.000000,0.000000,0.000000,-218.334200,0.000000
178.400000,72.860091,14.822022,0.000000,234.440777,-839.519641,116.053863,39.382498,-8.286562,100000.000000,0.000000,0.000000,0.000000,-218.334200,0.000000
178.440000,72.860091,14.822022,0.000000,234.288377,-840.024041,115.782087,39.382494,-8.286563,100000.000000,0.000000,0.000000,0.000000,-218.334200,0.000000
178.480000,72.860091,14.822022,0.000000,234.135977,-840.528441,115.510310,39.382489,-8.286565,100000.000000,0.000000,0.000000,0.000000,-218.334200,0.000000
178.520000,72.860091,14.822022,0.000000,233.983577,-841.032841,115.238533,39.382485,-8.286567,100000.000000,0.000000,0.000000,0.000000,-218.334200,0.000000
178.560000,72.860091,14.822022,0.000000,233.831177,-841.537241,114.966756,39.382480,-8.286569,100000.000000,0.000000,0.000000,0.000000,-218.334200,0.000000
178.600000,72.860091,14.822022,0.000000,233.678777,-842.041641,114.694979,39.382476,-8.286570,100000.000000,0.000000,0.000000,0.000000,-218.334200,0.000000
178.640000,72.860091,14.822022,0.000000,233.526377,-842.546041,114.423203,39.382471,-8.286572,100000.000000,0.000000,0.000000,0.000000,-218.334200,0.000000
178.680000,72.860091,14.822022,0.000000,233.373977,-843.050441,114.151426,39.382467,-8.286574,100000.000000,0.000000,0.000000,0.000000,-218.334200,0.000000
